{
  "Status": "10000",
  "ErrorMessage": "成功",
  "Data": function({
    _req
  }) {
    return _req.query.parentid == '10281175' ? [{
      "ID": 10281309,
      "User": {
        "Gender": "女",
        "MainBgPic": null,
        "AuthenticateCode": "shop",
        "AuthenticateName": null,
        "AuthenticateID": 0,
        "CityNames": null,
        "Describe": null,
        "AtteCount": 0,
        "ViolationCount": 0,
        "FansCount": 0,
        "UserAtte": false,
        "GoodAlbumCount": 0,
        "Popularity": 0,
        "UseHanbi": 0,
        "Close": false,
        "Black": false,
        "NoteName": null,
        "ID": 298649,
        "UserName": null,
        "NickName": "木知府汉服原创工作室",
        "HeadUrl": "https://pic.hanfugou.com/android/2019/6/10/7c1d3f7039c44ca5a4775112e4ca1566.png"
      },
      "TrendID": 2984895,
      "ObjectID": 2984895,
      "ObjectType": "trend",
      "Content": "要给我留点吗[阴笑]",
      "ParentID": 10281175,
      "TopParentID": 10281175,
      "ReplyUser": {
        "Gender": "女",
        "MainBgPic": null,
        "AuthenticateCode": null,
        "AuthenticateName": null,
        "AuthenticateID": 0,
        "CityNames": null,
        "Describe": null,
        "AtteCount": 0,
        "ViolationCount": 0,
        "FansCount": 0,
        "UserAtte": false,
        "GoodAlbumCount": 0,
        "Popularity": 0,
        "UseHanbi": 0,
        "Close": false,
        "Black": false,
        "NoteName": null,
        "ID": 312358,
        "UserName": null,
        "NickName": "君厌离在线接文案",
        "HeadUrl": "https://pic.hanfugou.com/android/2019/0/25/a9482bc508814dc79620ace8d0050028.jpg"
      },
      "TopCount": 0,
      "ChildCount": 0,
      "UserTop": false,
      "CommentChilds": null,
      "Images": null,
      "Datetime": "2019-12-22T16:36:39"
    }, {
      "ID": 10281314,
      "User": {
        "Gender": "女",
        "MainBgPic": null,
        "AuthenticateCode": null,
        "AuthenticateName": null,
        "AuthenticateID": 0,
        "CityNames": null,
        "Describe": null,
        "AtteCount": 0,
        "ViolationCount": 0,
        "FansCount": 0,
        "UserAtte": false,
        "GoodAlbumCount": 0,
        "Popularity": 0,
        "UseHanbi": 0,
        "Close": false,
        "Black": false,
        "NoteName": null,
        "ID": 312358,
        "UserName": null,
        "NickName": "君厌离在线接文案",
        "HeadUrl": "https://pic.hanfugou.com/android/2019/0/25/a9482bc508814dc79620ace8d0050028.jpg"
      },
      "TrendID": 2984895,
      "ObjectID": 2984895,
      "ObjectType": "trend",
      "Content": "在肚子里呢",
      "ParentID": 10281309,
      "TopParentID": 10281175,
      "ReplyUser": {
        "Gender": "女",
        "MainBgPic": null,
        "AuthenticateCode": "shop",
        "AuthenticateName": null,
        "AuthenticateID": 0,
        "CityNames": null,
        "Describe": null,
        "AtteCount": 0,
        "ViolationCount": 0,
        "FansCount": 0,
        "UserAtte": false,
        "GoodAlbumCount": 0,
        "Popularity": 0,
        "UseHanbi": 0,
        "Close": false,
        "Black": false,
        "NoteName": null,
        "ID": 298649,
        "UserName": null,
        "NickName": "木知府汉服原创工作室",
        "HeadUrl": "https://pic.hanfugou.com/android/2019/6/10/7c1d3f7039c44ca5a4775112e4ca1566.png"
      },
      "TopCount": 0,
      "ChildCount": 0,
      "UserTop": false,
      "CommentChilds": null,
      "Images": null,
      "Datetime": "2019-12-22T16:37:01"
    }, {
      "ID": 10281329,
      "User": {
        "Gender": "女",
        "MainBgPic": null,
        "AuthenticateCode": "shop",
        "AuthenticateName": null,
        "AuthenticateID": 0,
        "CityNames": null,
        "Describe": null,
        "AtteCount": 0,
        "ViolationCount": 0,
        "FansCount": 0,
        "UserAtte": false,
        "GoodAlbumCount": 0,
        "Popularity": 0,
        "UseHanbi": 0,
        "Close": false,
        "Black": false,
        "NoteName": null,
        "ID": 298649,
        "UserName": null,
        "NickName": "木知府汉服原创工作室",
        "HeadUrl": "https://pic.hanfugou.com/android/2019/6/10/7c1d3f7039c44ca5a4775112e4ca1566.png"
      },
      "TrendID": 2984895,
      "ObjectID": 2984895,
      "ObjectType": "trend",
      "Content": "😳😭",
      "ParentID": 10281314,
      "TopParentID": 10281175,
      "ReplyUser": {
        "Gender": "女",
        "MainBgPic": null,
        "AuthenticateCode": null,
        "AuthenticateName": null,
        "AuthenticateID": 0,
        "CityNames": null,
        "Describe": null,
        "AtteCount": 0,
        "ViolationCount": 0,
        "FansCount": 0,
        "UserAtte": false,
        "GoodAlbumCount": 0,
        "Popularity": 0,
        "UseHanbi": 0,
        "Close": false,
        "Black": false,
        "NoteName": null,
        "ID": 312358,
        "UserName": null,
        "NickName": "君厌离在线接文案",
        "HeadUrl": "https://pic.hanfugou.com/android/2019/0/25/a9482bc508814dc79620ace8d0050028.jpg"
      },
      "TopCount": 0,
      "ChildCount": 0,
      "UserTop": false,
      "CommentChilds": null,
      "Images": null,
      "Datetime": "2019-12-22T16:38:08"
    }, {
      "ID": 10281342,
      "User": {
        "Gender": "女",
        "MainBgPic": null,
        "AuthenticateCode": null,
        "AuthenticateName": null,
        "AuthenticateID": 0,
        "CityNames": null,
        "Describe": null,
        "AtteCount": 0,
        "ViolationCount": 0,
        "FansCount": 0,
        "UserAtte": false,
        "GoodAlbumCount": 0,
        "Popularity": 0,
        "UseHanbi": 0,
        "Close": false,
        "Black": false,
        "NoteName": null,
        "ID": 312358,
        "UserName": null,
        "NickName": "君厌离在线接文案",
        "HeadUrl": "https://pic.hanfugou.com/android/2019/0/25/a9482bc508814dc79620ace8d0050028.jpg"
      },
      "TrendID": 2984895,
      "ObjectID": 2984895,
      "ObjectType": "trend",
      "Content": "摸摸头",
      "ParentID": 10281329,
      "TopParentID": 10281175,
      "ReplyUser": {
        "Gender": "女",
        "MainBgPic": null,
        "AuthenticateCode": "shop",
        "AuthenticateName": null,
        "AuthenticateID": 0,
        "CityNames": null,
        "Describe": null,
        "AtteCount": 0,
        "ViolationCount": 0,
        "FansCount": 0,
        "UserAtte": false,
        "GoodAlbumCount": 0,
        "Popularity": 0,
        "UseHanbi": 0,
        "Close": false,
        "Black": false,
        "NoteName": null,
        "ID": 298649,
        "UserName": null,
        "NickName": "木知府汉服原创工作室",
        "HeadUrl": "https://pic.hanfugou.com/android/2019/6/10/7c1d3f7039c44ca5a4775112e4ca1566.png"
      },
      "TopCount": 0,
      "ChildCount": 0,
      "UserTop": false,
      "CommentChilds": null,
      "Images": null,
      "Datetime": "2019-12-22T16:38:58"
    }] : []
  },

  "ServerTime": 1576856020,
  "Remark": {}
}