{
  "Status": "10000",
  "ErrorMessage": "成功",
  "Data": [{
      "Lock": false,
      "BanHot": false,
      "PublicShow": true,
      "HotDatetime": "2019-07-24T12:42:21",
      "DeleteRole": 0,
      "Weight": 0,
      "UserMainHide": false,
      "Reports": null,
      "ReadCount": 0,
      "Delete": false,
      "DeleteDatetime": "0001-01-01T00:00:00",
      "Content": "佛了佛了",
      "Images": [{
          "ImgSrc": "http://pic.hanfugou.com/ios/2019/7/24/12/38/156394311976436.jpg",
          "Width": 828,
          "Height": 1104,
          "Size": 324726
        },
        {
          "ImgSrc": "http://pic.hanfugou.com/ios/2019/7/24/12/38/156394311983223.jpg",
          "Width": 828,
          "Height": 1104,
          "Size": 292862
        },
        {
          "ImgSrc": "http://pic.hanfugou.com/ios/2019/7/24/12/38/156394311985754.jpg",
          "Width": 828,
          "Height": 1104,
          "Size": 271713
        },
        {
          "ImgSrc": "http://pic.hanfugou.com/ios/2019/7/24/12/38/156394311987665.jpg",
          "Width": 828,
          "Height": 1104,
          "Size": 280521
        }
      ],
      "ObjectID": 2457196,
      "ObjectType": "trend",
      "ImageSrcs": [
        "http://pic.hanfugou.com/ios/2019/7/24/12/38/156394311976436.jpg",
        "http://pic.hanfugou.com/ios/2019/7/24/12/38/156394311983223.jpg",
        "http://pic.hanfugou.com/ios/2019/7/24/12/38/156394311985754.jpg",
        "http://pic.hanfugou.com/ios/2019/7/24/12/38/156394311987665.jpg"
      ],
      "ObjectData": null,
      "Datetime": "2019-12-20T20:36:19",
      "HotSort": 1576829869,
      "Object": null,
      "TrendShops": null,
      "ID": 2457196,
      "User": {
        "Gender": "男",
        "MainBgPic": null,
        "AuthenticateCode": "kol",
        "AuthenticateName": null,
        "AuthenticateID": 0,
        "CityNames": null,
        "Describe": "抖y：鹤川大人  喜欢温柔的事物 也想做一个温柔的人    承蒙厚爱  鹤府Q群：821286073 已满  2群：956117725 已满 3群：675439358 已满聊天加qq4群：647427112 （来这里）",
        "AtteCount": 1,
        "ViolationCount": 0,
        "FansCount": 0,
        "UserAtte": false,
        "GoodAlbumCount": 0,
        "Popularity": 0,
        "UseHanbi": 0,
        "Close": false,
        "Black": false,
        "NoteName": null,
        "ID": 609557,
        "UserName": "804984426",
        "NickName": "鹤川大人",
        "HeadUrl": "http://pic.hanfugou.com/ios/2019/11/7/14/52/157310956064125.jpg"
      },
      "TopCount": 1039,
      "CommCount": 57,
      "SaveCount": 8,
      "UserTop": true,
      "UserSave": true,
      "Hot": true,
      "Huiba": {
        "ID": 282,
        "Name": "汉服日常",
        "PublicShow": false
      },
      "Huibas": [{
        "ID": 282,
        "Name": "汉服日常",
        "PublicShow": false
      }]
    },
    {
      "Lock": false,
      "BanHot": false,
      "PublicShow": true,
      "HotDatetime": "2019-09-07T18:57:43",
      "DeleteRole": 0,
      "Weight": 0,
      "UserMainHide": false,
      "Reports": null,
      "ReadCount": 0,
      "Delete": false,
      "DeleteDatetime": "0001-01-01T00:00:00",
      "Content": "哪吒龙太子、忘机无羡[扑倒]",
      "Images": [{
        "ImgSrc": "http://pic.hanfugou.com/android/2019/8/7/0f31d4494f9049699ddbcbb9dd9911ac.jpg",
        "Width": 640,
        "Height": 1129,
        "Size": 144526
      }],
      "ObjectID": 2682243,
      "ObjectType": "trend",
      "ImageSrcs": [
        "http://pic.hanfugou.com/android/2019/8/7/0f31d4494f9049699ddbcbb9dd9911ac.jpg"
      ],
      "ObjectData": null,
      "Datetime": "2019-09-07T18:57:50",
      "HotSort": 0,
      "Object": null,
      "TrendShops": null,
      "ID": 2682243,
      "User": {
        "Gender": "女",
        "MainBgPic": null,
        "AuthenticateCode": null,
        "AuthenticateName": null,
        "AuthenticateID": 0,
        "CityNames": null,
        "Describe": "爱爱",
        "AtteCount": 52,
        "ViolationCount": 0,
        "FansCount": 0,
        "UserAtte": true,
        "GoodAlbumCount": 0,
        "Popularity": 0,
        "UseHanbi": 0,
        "Close": false,
        "Black": false,
        "NoteName": null,
        "ID": 1386279,
        "UserName": "244250237",
        "NickName": "连连银月",
        "HeadUrl": "http://pic.hanfugou.com/web/2019/8/28/18/b9df73876ef74dc9a6d359ac9a2de0a5.jpg"
      },
      "TopCount": 8,
      "CommCount": 8,
      "SaveCount": 1,
      "UserTop": true,
      "UserSave": true,
      "Hot": false,
      "Huiba": {
        "ID": 6536,
        "Name": "和谐吐槽",
        "PublicShow": false
      },
      "Huibas": [{
        "ID": 6536,
        "Name": "和谐吐槽",
        "PublicShow": false
      }]
    },
    {
      "Lock": false,
      "BanHot": false,
      "PublicShow": true,
      "HotDatetime": "2018-12-03T21:27:25",
      "DeleteRole": 0,
      "Weight": 0,
      "UserMainHide": false,
      "Reports": null,
      "ReadCount": 0,
      "Delete": false,
      "DeleteDatetime": "0001-01-01T00:00:00",
      "Content": "傻狍子叶无双是也，如果你是个刚认识汉服的小萌新，想学习汉服有关知识却不知从何下手，那么我觉得你可以看看这篇文章 ！这里主要讲各种重要的汉服词汇。什么是汉服？汉服统称 汉民族传统服饰，汉服作为汉族的衣服",
      "Images": [{
        "ImgSrc": "http://pic.hanfugou.com/pc/2018/12/3/20/592bac8615f6458eaadae9b99dbaa103.png",
        "Width": 0,
        "Height": 0,
        "Size": 0
      }],
      "ObjectID": 3960,
      "ObjectType": "word",
      "ImageSrcs": [
        "http://pic.hanfugou.com/pc/2018/12/3/20/592bac8615f6458eaadae9b99dbaa103.png"
      ],
      "ObjectData": "{\"id\":3960,\"title\":\"【入门级知识 】 萌新入门的各种词汇解释\"}",
      "Datetime": "2019-07-31T21:50:04",
      "HotSort": 1576846087,
      "Object": null,
      "TrendShops": null,
      "ID": 1078897,
      "User": {
        "Gender": "女",
        "MainBgPic": null,
        "AuthenticateCode": null,
        "AuthenticateName": null,
        "AuthenticateID": 0,
        "CityNames": null,
        "Describe": "每周出一两个实用的汉服小科普。",
        "AtteCount": 13,
        "ViolationCount": 0,
        "FansCount": 0,
        "UserAtte": false,
        "GoodAlbumCount": 0,
        "Popularity": 0,
        "UseHanbi": 0,
        "Close": false,
        "Black": false,
        "NoteName": null,
        "ID": 213418,
        "UserName": "205476032",
        "NickName": "一叶无双",
        "HeadUrl": "http://pic.hanfugou.com/ios/2019/12/18/1/32/157658593456906.jpg"
      },
      "TopCount": 3295,
      "CommCount": 734,
      "SaveCount": 5427,
      "UserTop": false,
      "UserSave": true,
      "Hot": true,
      "Huiba": null,
      "Huibas": null
    },
    {
      "Lock": false,
      "BanHot": true,
      "PublicShow": true,
      "HotDatetime": "2019-07-31T12:21:31",
      "DeleteRole": 0,
      "Weight": 0,
      "UserMainHide": false,
      "Reports": null,
      "ReadCount": 0,
      "Delete": false,
      "DeleteDatetime": "0001-01-01T00:00:00",
      "Content": "今日开箱，醉玲珑家的【四时春】，这套汉服有齐胸，齐腰两个选择。我入手的是酒红色齐腰四件套。这套汉服绣花是个亮点，无论是绣线的颜色，还是做工都很棒。下裙为一片式内外6米摆，不透。",
      "Images": [{
        "ImgSrc": "http://pic.hanfugou.com/android/2019/6/15/6e591f2967ce4d7d951340e525bf6427.jpg",
        "Width": 0,
        "Height": 0,
        "Size": 0
      }],
      "ObjectID": 30952,
      "ObjectType": "video",
      "ImageSrcs": [
        "http://pic.hanfugou.com/android/2019/6/15/6e591f2967ce4d7d951340e525bf6427.jpg"
      ],
      "ObjectData": "{\"height\":1920,\"width\":1080,\"whenlong\":58,\"videourl\":\"/video/android/2019/6/15/6aa5196628194c108fe150053ed4f567.mp4\",\"title\":\"【四时春开箱＋试穿】\"}",
      "Datetime": "2019-07-31T17:16:13",
      "HotSort": 1574926489,
      "Object": null,
      "TrendShops": null,
      "ID": 2404095,
      "User": {
        "Gender": "女",
        "MainBgPic": null,
        "AuthenticateCode": null,
        "AuthenticateName": null,
        "AuthenticateID": 0,
        "CityNames": null,
        "Describe": "每日安利平价汉服（不接设计图）不定时开箱，但长期吃土",
        "AtteCount": 1,
        "ViolationCount": 0,
        "FansCount": 0,
        "UserAtte": true,
        "GoodAlbumCount": 0,
        "Popularity": 0,
        "UseHanbi": 0,
        "Close": false,
        "Black": false,
        "NoteName": null,
        "ID": 65910,
        "UserName": "614289410",
        "NickName": "南风(安利爱好者)",
        "HeadUrl": "http://pic.hanfugou.com/web/2016/5/30/21/b7df716c383f4942bf5622993dcc3646.jpg"
      },
      "TopCount": 135,
      "CommCount": 20,
      "SaveCount": 14,
      "UserTop": true,
      "UserSave": true,
      "Hot": true,
      "Huiba": {
        "ID": 7481,
        "Name": "汉服开箱",
        "PublicShow": false
      },
      "Huibas": [{
        "ID": 7481,
        "Name": "汉服开箱",
        "PublicShow": false
      }]
    },
    {
      "Lock": false,
      "BanHot": false,
      "PublicShow": true,
      "HotDatetime": "2018-08-19T17:42:46",
      "DeleteRole": 0,
      "Weight": 0,
      "UserMainHide": false,
      "Reports": null,
      "ReadCount": 0,
      "Delete": false,
      "DeleteDatetime": "0001-01-01T00:00:00",
      "Content": "公众号、微博、空间都发了……小荟也发一份吧",
      "Images": [{
        "ImgSrc": "http://pic.hanfugou.com/pc/2018/5/26/21/551e45f7dd2b44318e3031528a7fe9a4.jpg",
        "Width": 0,
        "Height": 0,
        "Size": 0
      }],
      "ObjectID": 3821,
      "ObjectType": "word",
      "ImageSrcs": [
        "http://pic.hanfugou.com/pc/2018/5/26/21/551e45f7dd2b44318e3031528a7fe9a4.jpg"
      ],
      "ObjectData": "{\"id\":3821,\"title\":\"【实用干货】汉服毕业照怎么拍好看？你需要看看这份最强指南\"}",
      "Datetime": "2019-05-05T09:19:08",
      "HotSort": 1571375200,
      "Object": null,
      "TrendShops": null,
      "ID": 832336,
      "User": {
        "Gender": "女",
        "MainBgPic": null,
        "AuthenticateCode": null,
        "AuthenticateName": null,
        "AuthenticateID": 0,
        "CityNames": null,
        "Describe": "佛系卖口金包的咸鱼",
        "AtteCount": 80,
        "ViolationCount": 0,
        "FansCount": 0,
        "UserAtte": false,
        "GoodAlbumCount": 0,
        "Popularity": 0,
        "UseHanbi": 0,
        "Close": false,
        "Black": false,
        "NoteName": null,
        "ID": 94197,
        "UserName": "935111063",
        "NickName": "嫏嬛萧萧（出口金包）",
        "HeadUrl": "http://pic.hanfugou.com/android/2018/11/12/e6ae9ddfb08d4de3b4d004fa743877ad.jpg"
      },
      "TopCount": 193,
      "CommCount": 16,
      "SaveCount": 299,
      "UserTop": true,
      "UserSave": true,
      "Hot": true,
      "Huiba": {
        "ID": 1577,
        "Name": "汉服毕业照",
        "PublicShow": false
      },
      "Huibas": [{
        "ID": 1577,
        "Name": "汉服毕业照",
        "PublicShow": false
      }]
    },
    {
      "Lock": false,
      "BanHot": false,
      "PublicShow": true,
      "HotDatetime": "2019-04-30T15:10:39",
      "DeleteRole": 0,
      "Weight": 0,
      "UserMainHide": false,
      "Reports": null,
      "ReadCount": 0,
      "Delete": false,
      "DeleteDatetime": "0001-01-01T00:00:00",
      "Content": "野狍子西安闪现？\n（这样穿奇怪吗[无语]）",
      "Images": [{
        "ImgSrc": "http://pic.hanfugou.com/android/2019/3/30/dfb50f8c6c364e9b884276aeac524641.jpg",
        "Width": 3120,
        "Height": 4160,
        "Size": 0
      }],
      "ObjectID": 1959733,
      "ObjectType": "trend",
      "ImageSrcs": [
        "http://pic.hanfugou.com/android/2019/3/30/dfb50f8c6c364e9b884276aeac524641.jpg"
      ],
      "ObjectData": null,
      "Datetime": "2019-04-30T16:10:01",
      "HotSort": 1556608239,
      "Object": null,
      "TrendShops": null,
      "ID": 1959733,
      "User": {
        "Gender": "女",
        "MainBgPic": null,
        "AuthenticateCode": null,
        "AuthenticateName": null,
        "AuthenticateID": 0,
        "CityNames": null,
        "Describe": null,
        "AtteCount": 13,
        "ViolationCount": 0,
        "FansCount": 0,
        "UserAtte": false,
        "GoodAlbumCount": 0,
        "Popularity": 0,
        "UseHanbi": 0,
        "Close": false,
        "Black": false,
        "NoteName": null,
        "ID": 211505,
        "UserName": "962584450",
        "NickName": "临江月",
        "HeadUrl": "http://pic.hanfugou.com/android/2018/4/10/43a6657af8074da5b8ee70a83586be1c.jpg"
      },
      "TopCount": 3,
      "CommCount": 2,
      "SaveCount": 2,
      "UserTop": true,
      "UserSave": true,
      "Hot": false,
      "Huiba": null,
      "Huibas": null
    }
  ],
  "ServerTime": 1576848845,
  "Remark": {}
}