{
  "Status": "10000",
  "ErrorMessage": "成功",
  "Data": function({
    _req
  }) {
    return _req.query.userid == '985319' ? [{
      "Lock": false,
      "BanHot": false,
      "PublicShow": true,
      "HotDatetime": "2019-12-25T13:33:37",
      "DeleteRole": 0,
      "Weight": 0,
      "UserMainHide": false,
      "Reports": null,
      "ReadCount": 0,
      "Delete": false,
      "DeleteDatetime": "0001-01-01T00:00:00",
      "Content": "别评论蹲。。。。看着烦，抽奖让你点赞就点赞，关注就关注……整那么多七七八八的干啥",
      "Images": [],
      "ObjectID": 2992213,
      "ObjectType": "trend",
      "ImageSrcs": null,
      "ObjectData": null,
      "Datetime": "2019-12-25T13:50:51",
      "HotSort": 1577253051,
      "Object": null,
      "TrendShops": null,
      "ID": 2992213,
      "User": {
        "Gender": "女",
        "MainBgPic": null,
        "AuthenticateCode": null,
        "AuthenticateName": null,
        "AuthenticateID": 0,
        "CityNames": null,
        "Describe": "脾气不好，贼暴躁。安利一次一百块，没钱勿扰。🙃我真的快被烦死了。说了多少遍了，只安利自己觉得好的，还来。",
        "AtteCount": 90,
        "ViolationCount": 0,
        "FansCount": 0,
        "UserAtte": false,
        "GoodAlbumCount": 0,
        "Popularity": 0,
        "UseHanbi": 0,
        "Close": false,
        "Black": false,
        "NoteName": null,
        "ID": 81626,
        "UserName": "861737272",
        "NickName": "破产阿柒在线安利",
        "HeadUrl": "https://pic.hanfugou.com//android/2019/11/17/9724c2b2e78f4128a4e252f94e35a605.png"
      },
      "TopCount": 10,
      "CommCount": 0,
      "SaveCount": 0,
      "UserTop": true,
      "UserSave": false,
      "Hot": false,
      "Huiba": null,
      "Huibas": null
    }, {
      "Lock": false,
      "BanHot": false,
      "PublicShow": true,
      "HotDatetime": "2019-09-18T19:26:53",
      "DeleteRole": 0,
      "Weight": 0,
      "UserMainHide": false,
      "Reports": null,
      "ReadCount": 0,
      "Delete": false,
      "DeleteDatetime": "0001-01-01T00:00:00",
      "Content": "实名锤爆鲛人泪\n衣服比人美系列",
      "Images": [{
        "ImgSrc": "https://pic.hanfugou.com/ios/2019/9/18/12/23/156878062252939.jpg",
        "Width": 828,
        "Height": 1242,
        "Size": 155957
      }, {
        "ImgSrc": "https://pic.hanfugou.com/ios/2019/9/18/12/23/156878062257648.jpg",
        "Width": 828,
        "Height": 1242,
        "Size": 191076
      }, {
        "ImgSrc": "https://pic.hanfugou.com/ios/2019/9/18/12/23/156878062259671.jpg",
        "Width": 828,
        "Height": 1242,
        "Size": 191295
      }, {
        "ImgSrc": "https://pic.hanfugou.com/ios/2019/9/18/12/23/156878062261477.jpg",
        "Width": 828,
        "Height": 1242,
        "Size": 170250
      }, {
        "ImgSrc": "https://pic.hanfugou.com/ios/2019/9/18/12/23/156878062263308.jpg",
        "Width": 828,
        "Height": 1104,
        "Size": 355749
      }, {
        "ImgSrc": "https://pic.hanfugou.com/ios/2019/9/18/12/23/156878062265391.jpg",
        "Width": 828,
        "Height": 1242,
        "Size": 179315
      }, {
        "ImgSrc": "https://pic.hanfugou.com/ios/2019/9/18/12/23/156878062267162.jpg",
        "Width": 828,
        "Height": 1242,
        "Size": 311193
      }, {
        "ImgSrc": "https://pic.hanfugou.com/ios/2019/9/18/12/23/156878062270195.jpg",
        "Width": 828,
        "Height": 1242,
        "Size": 361358
      }, {
        "ImgSrc": "https://pic.hanfugou.com/ios/2019/9/18/12/23/156878062272420.jpg",
        "Width": 828,
        "Height": 1242,
        "Size": 166483
      }],
      "ObjectID": 89350,
      "ObjectType": "album",
      "ImageSrcs": ["https://pic.hanfugou.com/ios/2019/9/18/12/23/156878062252939.jpg", "https://pic.hanfugou.com/ios/2019/9/18/12/23/156878062257648.jpg", "https://pic.hanfugou.com/ios/2019/9/18/12/23/156878062259671.jpg", "https://pic.hanfugou.com/ios/2019/9/18/12/23/156878062261477.jpg", "https://pic.hanfugou.com/ios/2019/9/18/12/23/156878062263308.jpg", "https://pic.hanfugou.com/ios/2019/9/18/12/23/156878062265391.jpg", "https://pic.hanfugou.com/ios/2019/9/18/12/23/156878062267162.jpg", "https://pic.hanfugou.com/ios/2019/9/18/12/23/156878062270195.jpg", "https://pic.hanfugou.com/ios/2019/9/18/12/23/156878062272420.jpg"],
      "ObjectData": null,
      "Datetime": "2019-12-23T17:06:14",
      "HotSort": 1571480738,
      "Object": null,
      "TrendShops": null,
      "ID": 2718178,
      "User": {
        "Gender": "女",
        "MainBgPic": null,
        "AuthenticateCode": null,
        "AuthenticateName": null,
        "AuthenticateID": 0,
        "CityNames": null,
        "Describe": null,
        "AtteCount": 1,
        "ViolationCount": 0,
        "FansCount": 0,
        "UserAtte": false,
        "GoodAlbumCount": 0,
        "Popularity": 0,
        "UseHanbi": 0,
        "Close": false,
        "Black": false,
        "NoteName": null,
        "ID": 1461711,
        "UserName": "347600243",
        "NickName": "晗晗超甜",
        "HeadUrl": "https://pic.hanfugou.com/ios/2019/9/8/13/30/156792060405177.jpg"
      },
      "TopCount": 202,
      "CommCount": 52,
      "SaveCount": 1,
      "UserTop": true,
      "UserSave": false,
      "Hot": true,
      "Huiba": {
        "ID": 629,
        "Name": "汉服摄影",
        "PublicShow": false
      },
      "Huibas": [{
        "ID": 629,
        "Name": "汉服摄影",
        "PublicShow": false
      }]
    }, {
      "Lock": false,
      "BanHot": false,
      "PublicShow": true,
      "HotDatetime": "2019-11-16T22:21:21",
      "DeleteRole": 0,
      "Weight": 0,
      "UserMainHide": false,
      "Reports": null,
      "ReadCount": 0,
      "Delete": false,
      "DeleteDatetime": "0001-01-01T00:00:00",
      "Content": "祝眉目舒展 顺问冬安",
      "Images": [{
        "ImgSrc": "https://pic.hanfugou.com/ios/2019/11/16/22/19/157391399531233.jpg",
        "Width": 828,
        "Height": 828,
        "Size": 141853
      }, {
        "ImgSrc": "https://pic.hanfugou.com/ios/2019/11/16/22/19/157391399535727.jpg",
        "Width": 828,
        "Height": 828,
        "Size": 195485
      }, {
        "ImgSrc": "https://pic.hanfugou.com/ios/2019/11/16/22/19/157391399538262.jpg",
        "Width": 828,
        "Height": 828,
        "Size": 231133
      }, {
        "ImgSrc": "https://pic.hanfugou.com/ios/2019/11/16/22/19/157391399540227.jpg",
        "Width": 828,
        "Height": 1104,
        "Size": 252833
      }, {
        "ImgSrc": "https://pic.hanfugou.com/ios/2019/11/16/22/19/157391399542622.jpg",
        "Width": 828,
        "Height": 828,
        "Size": 128393
      }, {
        "ImgSrc": "https://pic.hanfugou.com/ios/2019/11/16/22/19/157391399543946.jpg",
        "Width": 828,
        "Height": 662,
        "Size": 124565
      }],
      "ObjectID": 2896242,
      "ObjectType": "trend",
      "ImageSrcs": ["https://pic.hanfugou.com/ios/2019/11/16/22/19/157391399531233.jpg", "https://pic.hanfugou.com/ios/2019/11/16/22/19/157391399535727.jpg", "https://pic.hanfugou.com/ios/2019/11/16/22/19/157391399538262.jpg", "https://pic.hanfugou.com/ios/2019/11/16/22/19/157391399540227.jpg", "https://pic.hanfugou.com/ios/2019/11/16/22/19/157391399542622.jpg", "https://pic.hanfugou.com/ios/2019/11/16/22/19/157391399543946.jpg"],
      "ObjectData": null,
      "Datetime": "2019-12-22T23:20:53",
      "HotSort": 1576907092,
      "Object": null,
      "TrendShops": null,
      "ID": 2896242,
      "User": {
        "Gender": "女",
        "MainBgPic": null,
        "AuthenticateCode": null,
        "AuthenticateName": null,
        "AuthenticateID": 0,
        "CityNames": null,
        "Describe": "浮世三千，吾爱有三。日、月与卿。日为朝，月为暮，卿为朝朝暮暮。",
        "AtteCount": 18,
        "ViolationCount": 0,
        "FansCount": 0,
        "UserAtte": false,
        "GoodAlbumCount": 0,
        "Popularity": 0,
        "UseHanbi": 0,
        "Close": false,
        "Black": false,
        "NoteName": null,
        "ID": 153127,
        "UserName": "863129290",
        "NickName": "陈氏°",
        "HeadUrl": "https://pic.hanfugou.com/ios/2019/6/29/0/18/156173873482077.jpg"
      },
      "TopCount": 114,
      "CommCount": 8,
      "SaveCount": 2,
      "UserTop": true,
      "UserSave": false,
      "Hot": true,
      "Huiba": {
        "ID": 282,
        "Name": "汉服日常",
        "PublicShow": false
      },
      "Huibas": [{
        "ID": 282,
        "Name": "汉服日常",
        "PublicShow": false
      }]
    }, {
      "Lock": false,
      "BanHot": false,
      "PublicShow": true,
      "HotDatetime": "2019-11-15T16:30:52",
      "DeleteRole": 0,
      "Weight": 0,
      "UserMainHide": false,
      "Reports": null,
      "ReadCount": 0,
      "Delete": false,
      "DeleteDatetime": "0001-01-01T00:00:00",
      "Content": "老夫今天…可爱到爆炸！(/ω＼)",
      "Images": [{
        "ImgSrc": "https://pic.hanfugou.com/ios/2019/11/15/13/37/157379623058847.jpg",
        "Width": 828,
        "Height": 1472,
        "Size": 249197
      }, {
        "ImgSrc": "https://pic.hanfugou.com/ios/2019/11/15/13/37/157379623063746.jpg",
        "Width": 828,
        "Height": 1794,
        "Size": 291485
      }, {
        "ImgSrc": "https://pic.hanfugou.com/ios/2019/11/15/13/37/157379623066847.jpg",
        "Width": 828,
        "Height": 1794,
        "Size": 285202
      }],
      "ObjectID": 2892135,
      "ObjectType": "trend",
      "ImageSrcs": ["https://pic.hanfugou.com/ios/2019/11/15/13/37/157379623058847.jpg", "https://pic.hanfugou.com/ios/2019/11/15/13/37/157379623063746.jpg", "https://pic.hanfugou.com/ios/2019/11/15/13/37/157379623066847.jpg"],
      "ObjectData": null,
      "Datetime": "2019-12-20T21:15:43",
      "HotSort": 1577099469,
      "Object": null,
      "TrendShops": null,
      "ID": 2892135,
      "User": {
        "Gender": "男",
        "MainBgPic": null,
        "AuthenticateCode": "kol",
        "AuthenticateName": null,
        "AuthenticateID": 0,
        "CityNames": null,
        "Describe": "汉服模特，古风翻唱，CV。____  见字安好，别来无恙。",
        "AtteCount": 63,
        "ViolationCount": 0,
        "FansCount": 0,
        "UserAtte": false,
        "GoodAlbumCount": 0,
        "Popularity": 0,
        "UseHanbi": 0,
        "Close": false,
        "Black": false,
        "NoteName": null,
        "ID": 71792,
        "UserName": "528222004",
        "NickName": "倾寒",
        "HeadUrl": "https://pic.hanfugou.com/ios/2019/1/4/15/24/154658667795466.jpg"
      },
      "TopCount": 147,
      "CommCount": 15,
      "SaveCount": 2,
      "UserTop": true,
      "UserSave": false,
      "Hot": true,
      "Huiba": null,
      "Huibas": null
    }, {
      "Lock": false,
      "BanHot": false,
      "PublicShow": true,
      "HotDatetime": "2019-07-24T12:42:21",
      "DeleteRole": 0,
      "Weight": 0,
      "UserMainHide": false,
      "Reports": null,
      "ReadCount": 0,
      "Delete": false,
      "DeleteDatetime": "0001-01-01T00:00:00",
      "Content": "佛了佛了",
      "Images": [{
        "ImgSrc": "https://pic.hanfugou.com/ios/2019/7/24/12/38/156394311976436.jpg",
        "Width": 828,
        "Height": 1104,
        "Size": 324726
      }, {
        "ImgSrc": "https://pic.hanfugou.com/ios/2019/7/24/12/38/156394311983223.jpg",
        "Width": 828,
        "Height": 1104,
        "Size": 292862
      }, {
        "ImgSrc": "https://pic.hanfugou.com/ios/2019/7/24/12/38/156394311985754.jpg",
        "Width": 828,
        "Height": 1104,
        "Size": 271713
      }, {
        "ImgSrc": "https://pic.hanfugou.com/ios/2019/7/24/12/38/156394311987665.jpg",
        "Width": 828,
        "Height": 1104,
        "Size": 280521
      }],
      "ObjectID": 2457196,
      "ObjectType": "trend",
      "ImageSrcs": ["https://pic.hanfugou.com/ios/2019/7/24/12/38/156394311976436.jpg", "https://pic.hanfugou.com/ios/2019/7/24/12/38/156394311983223.jpg", "https://pic.hanfugou.com/ios/2019/7/24/12/38/156394311985754.jpg", "https://pic.hanfugou.com/ios/2019/7/24/12/38/156394311987665.jpg"],
      "ObjectData": null,
      "Datetime": "2019-12-20T20:35:59",
      "HotSort": 1577231144,
      "Object": null,
      "TrendShops": null,
      "ID": 2457196,
      "User": {
        "Gender": "男",
        "MainBgPic": null,
        "AuthenticateCode": "kol",
        "AuthenticateName": null,
        "AuthenticateID": 0,
        "CityNames": null,
        "Describe": "抖y：鹤川大人  喜欢温柔的事物 也想做一个温柔的人    承蒙厚爱  鹤府Q群：821286073 已满  2群：956117725 已满 3群：675439358 已满聊天加qq4群：647427112 （来这里）",
        "AtteCount": 1,
        "ViolationCount": 0,
        "FansCount": 0,
        "UserAtte": false,
        "GoodAlbumCount": 0,
        "Popularity": 0,
        "UseHanbi": 0,
        "Close": false,
        "Black": false,
        "NoteName": null,
        "ID": 609557,
        "UserName": "804984426",
        "NickName": "鹤川大人",
        "HeadUrl": "https://pic.hanfugou.com/ios/2019/11/7/14/52/157310956064125.jpg"
      },
      "TopCount": 1115,
      "CommCount": 61,
      "SaveCount": 8,
      "UserTop": true,
      "UserSave": true,
      "Hot": true,
      "Huiba": {
        "ID": 282,
        "Name": "汉服日常",
        "PublicShow": false
      },
      "Huibas": [{
        "ID": 282,
        "Name": "汉服日常",
        "PublicShow": false
      }]
    }, {
      "Lock": false,
      "BanHot": false,
      "PublicShow": true,
      "HotDatetime": "2019-09-22T22:52:38",
      "DeleteRole": 0,
      "Weight": 0,
      "UserMainHide": false,
      "Reports": null,
      "ReadCount": 0,
      "Delete": false,
      "DeleteDatetime": "0001-01-01T00:00:00",
      "Content": "和向日葵比谁阳光",
      "Images": [{
        "ImgSrc": "https://pic.hanfugou.com/android/2019/8/22/4acbbc0723c64343b452f4bf293ed9cf.jpg",
        "Width": 6000,
        "Height": 4000,
        "Size": 5761176
      }, {
        "ImgSrc": "https://pic.hanfugou.com/android/2019/8/22/a960924489df4e68a9ea375cf63a7739.jpg",
        "Width": 6000,
        "Height": 4000,
        "Size": 5542562
      }, {
        "ImgSrc": "https://pic.hanfugou.com/android/2019/8/22/929f53a970114dc6ba4ac5cf42d3ae44.jpg",
        "Width": 6000,
        "Height": 4000,
        "Size": 5870411
      }, {
        "ImgSrc": "https://pic.hanfugou.com/android/2019/8/22/859061b81e554933aa480c9e194c6797.jpg",
        "Width": 6000,
        "Height": 4000,
        "Size": 5117556
      }, {
        "ImgSrc": "https://pic.hanfugou.com/android/2019/8/22/f6b15ef95a97401f91d9e14701b43d1e.jpg",
        "Width": 6000,
        "Height": 4000,
        "Size": 5436155
      }, {
        "ImgSrc": "https://pic.hanfugou.com/android/2019/8/22/085b4c7dd5f94259830b30ba5bb9a27e.jpg",
        "Width": 6000,
        "Height": 4000,
        "Size": 4966612
      }],
      "ObjectID": 89461,
      "ObjectType": "album",
      "ImageSrcs": ["https://pic.hanfugou.com/android/2019/8/22/4acbbc0723c64343b452f4bf293ed9cf.jpg", "https://pic.hanfugou.com/android/2019/8/22/a960924489df4e68a9ea375cf63a7739.jpg", "https://pic.hanfugou.com/android/2019/8/22/929f53a970114dc6ba4ac5cf42d3ae44.jpg", "https://pic.hanfugou.com/android/2019/8/22/859061b81e554933aa480c9e194c6797.jpg", "https://pic.hanfugou.com/android/2019/8/22/f6b15ef95a97401f91d9e14701b43d1e.jpg", "https://pic.hanfugou.com/android/2019/8/22/085b4c7dd5f94259830b30ba5bb9a27e.jpg"],
      "ObjectData": "{\"model\":[{\"id\":1407443,\"name\":\"洛米Loammi\"}]}",
      "Datetime": "2019-09-25T13:09:50",
      "HotSort": 1574230265,
      "Object": null,
      "TrendShops": null,
      "ID": 2731075,
      "User": {
        "Gender": "女",
        "MainBgPic": null,
        "AuthenticateCode": null,
        "AuthenticateName": null,
        "AuthenticateID": 0,
        "CityNames": null,
        "Describe": null,
        "AtteCount": 3,
        "ViolationCount": 0,
        "FansCount": 0,
        "UserAtte": false,
        "GoodAlbumCount": 0,
        "Popularity": 0,
        "UseHanbi": 0,
        "Close": false,
        "Black": false,
        "NoteName": null,
        "ID": 1407443,
        "UserName": "494800970",
        "NickName": "洛米Loammi",
        "HeadUrl": "https://pic.hanfugou.com//android/2019/10/23/deb28c8f34ba47a4af7f0953a93f3e05.jpg"
      },
      "TopCount": 43,
      "CommCount": 4,
      "SaveCount": 1,
      "UserTop": true,
      "UserSave": false,
      "Hot": true,
      "Huiba": {
        "ID": 629,
        "Name": "汉服摄影",
        "PublicShow": false
      },
      "Huibas": [{
        "ID": 629,
        "Name": "汉服摄影",
        "PublicShow": false
      }]
    }, {
      "Lock": false,
      "BanHot": false,
      "PublicShow": true,
      "HotDatetime": "2017-03-22T21:35:55",
      "DeleteRole": 0,
      "Weight": 0,
      "UserMainHide": false,
      "Reports": null,
      "ReadCount": 0,
      "Delete": false,
      "DeleteDatetime": "0001-01-01T00:00:00",
      "Content": "侧脸大概只有工作照了………",
      "Images": [{
        "ImgSrc": "https://pic.hanfugou.com/ios/2017/3/22/21/8/149018810562637.jpg",
        "Width": 414,
        "Height": 532,
        "Size": 223152
      }, {
        "ImgSrc": "https://pic.hanfugou.com/ios/2017/3/22/21/8/149018810578110.jpg",
        "Width": 414,
        "Height": 563,
        "Size": 228377
      }],
      "ObjectID": 33357,
      "ObjectType": "topicreply",
      "ImageSrcs": ["https://pic.hanfugou.com/ios/2017/3/22/21/8/149018810562637.jpg", "https://pic.hanfugou.com/ios/2017/3/22/21/8/149018810578110.jpg"],
      "ObjectData": "{\"topicid\":3324,\"name\":\"秀秀你的侧颜杀\"}",
      "Datetime": "2019-09-25T08:19:39",
      "HotSort": 1571934862,
      "Object": null,
      "TrendShops": null,
      "ID": 397974,
      "User": {
        "Gender": "女",
        "MainBgPic": null,
        "AuthenticateCode": null,
        "AuthenticateName": null,
        "AuthenticateID": 0,
        "CityNames": null,
        "Describe": null,
        "AtteCount": 0,
        "ViolationCount": 0,
        "FansCount": 0,
        "UserAtte": false,
        "GoodAlbumCount": 0,
        "Popularity": 0,
        "UseHanbi": 0,
        "Close": false,
        "Black": false,
        "NoteName": null,
        "ID": 97752,
        "UserName": "274364796",
        "NickName": "森芫芫",
        "HeadUrl": "https://pic.hanfugou.com/ios/2017/3/16/12/39/148963915408636.jpg"
      },
      "TopCount": 145,
      "CommCount": 33,
      "SaveCount": 1,
      "UserTop": true,
      "UserSave": false,
      "Hot": true,
      "Huiba": null,
      "Huibas": null
    }, {
      "Lock": false,
      "BanHot": false,
      "PublicShow": true,
      "HotDatetime": "2019-09-24T16:31:45",
      "DeleteRole": 0,
      "Weight": 0,
      "UserMainHide": false,
      "Reports": null,
      "ReadCount": 0,
      "Delete": false,
      "DeleteDatetime": "0001-01-01T00:00:00",
      "Content": "转眼间，我弟那个赖哭鬼，已经可以娶老婆了🙈",
      "Images": [{
        "ImgSrc": "https://pic.hanfugou.com/ios/2019/9/24/16/11/156931268440697.jpg",
        "Width": 828,
        "Height": 1472,
        "Size": 241934
      }, {
        "ImgSrc": "https://pic.hanfugou.com/ios/2019/9/24/16/11/156931268448782.jpg",
        "Width": 828,
        "Height": 1472,
        "Size": 244691
      }, {
        "ImgSrc": "https://pic.hanfugou.com/ios/2019/9/24/16/11/156931268452553.jpg",
        "Width": 828,
        "Height": 1104,
        "Size": 259307
      }, {
        "ImgSrc": "https://pic.hanfugou.com/ios/2019/9/24/16/11/156931268455973.jpg",
        "Width": 828,
        "Height": 1472,
        "Size": 301925
      }],
      "ObjectID": 2737099,
      "ObjectType": "trend",
      "ImageSrcs": ["https://pic.hanfugou.com/ios/2019/9/24/16/11/156931268440697.jpg", "https://pic.hanfugou.com/ios/2019/9/24/16/11/156931268448782.jpg", "https://pic.hanfugou.com/ios/2019/9/24/16/11/156931268452553.jpg", "https://pic.hanfugou.com/ios/2019/9/24/16/11/156931268455973.jpg"],
      "ObjectData": null,
      "Datetime": "2019-09-24T23:12:45",
      "HotSort": 1570666389,
      "Object": null,
      "TrendShops": null,
      "ID": 2737099,
      "User": {
        "Gender": "女",
        "MainBgPic": null,
        "AuthenticateCode": null,
        "AuthenticateName": null,
        "AuthenticateID": 0,
        "CityNames": null,
        "Describe": "一抹薇香绕指柔，丹青妙笔墨云流。我是译抹丹青、~",
        "AtteCount": 15,
        "ViolationCount": 0,
        "FansCount": 0,
        "UserAtte": false,
        "GoodAlbumCount": 0,
        "Popularity": 0,
        "UseHanbi": 0,
        "Close": false,
        "Black": false,
        "NoteName": null,
        "ID": 1110783,
        "UserName": "759909946",
        "NickName": "译抹丹青",
        "HeadUrl": "https://pic.hanfugou.com/ios/2019/8/8/17/44/156525744784695.jpg"
      },
      "TopCount": 16,
      "CommCount": 5,
      "SaveCount": 0,
      "UserTop": true,
      "UserSave": false,
      "Hot": true,
      "Huiba": {
        "ID": 282,
        "Name": "汉服日常",
        "PublicShow": false
      },
      "Huibas": [{
        "ID": 282,
        "Name": "汉服日常",
        "PublicShow": false
      }]
    }, {
      "Lock": false,
      "BanHot": false,
      "PublicShow": true,
      "HotDatetime": "2019-09-07T18:57:43",
      "DeleteRole": 0,
      "Weight": 0,
      "UserMainHide": false,
      "Reports": null,
      "ReadCount": 0,
      "Delete": false,
      "DeleteDatetime": "0001-01-01T00:00:00",
      "Content": "哪吒龙太子、忘机无羡[扑倒]",
      "Images": [{
        "ImgSrc": "https://pic.hanfugou.com/android/2019/8/7/0f31d4494f9049699ddbcbb9dd9911ac.jpg",
        "Width": 640,
        "Height": 1129,
        "Size": 144526
      }],
      "ObjectID": 2682243,
      "ObjectType": "trend",
      "ImageSrcs": ["https://pic.hanfugou.com/android/2019/8/7/0f31d4494f9049699ddbcbb9dd9911ac.jpg"],
      "ObjectData": null,
      "Datetime": "2019-09-07T18:57:49",
      "HotSort": 0,
      "Object": null,
      "TrendShops": null,
      "ID": 2682243,
      "User": {
        "Gender": "女",
        "MainBgPic": null,
        "AuthenticateCode": null,
        "AuthenticateName": null,
        "AuthenticateID": 0,
        "CityNames": null,
        "Describe": "爱爱",
        "AtteCount": 52,
        "ViolationCount": 0,
        "FansCount": 0,
        "UserAtte": true,
        "GoodAlbumCount": 0,
        "Popularity": 0,
        "UseHanbi": 0,
        "Close": false,
        "Black": false,
        "NoteName": null,
        "ID": 1386279,
        "UserName": "244250237",
        "NickName": "连连银月",
        "HeadUrl": "https://pic.hanfugou.com/web/2019/8/28/18/b9df73876ef74dc9a6d359ac9a2de0a5.jpg"
      },
      "TopCount": 8,
      "CommCount": 10,
      "SaveCount": 1,
      "UserTop": true,
      "UserSave": true,
      "Hot": false,
      "Huiba": {
        "ID": 6536,
        "Name": "和谐吐槽",
        "PublicShow": false
      },
      "Huibas": [{
        "ID": 6536,
        "Name": "和谐吐槽",
        "PublicShow": false
      }]
    }, {
      "Lock": false,
      "BanHot": false,
      "PublicShow": true,
      "HotDatetime": "2019-09-01T13:44:51",
      "DeleteRole": 0,
      "Weight": 0,
      "UserMainHide": false,
      "Reports": null,
      "ReadCount": 0,
      "Delete": false,
      "DeleteDatetime": "0001-01-01T00:00:00",
      "Content": "【烛莲篇】\n“公子，为何咱们每逢中秋佳节都到这莲池旁小住一段时日啊”\n一小侍拨弄着莲池中的锦鲤不解，默默望向亭中坐着的男人，明明这地方的莲花并无府中莲花娇美，可自家公子偏偏似中了邪似得每年往这儿跑一次，当真是令人不解！然自家公子好似并无要搭理自己的意思，小侍只得再次提醒自家这位只怕是被这一池莲花给迷了心窍的公子\n“公子，眼看这天儿都黑了，要不咱明日再来观赏？”\n这小侍也算是尽心提醒自家公子了，但自己公子……罢了，许是这池中当真有什么莲花仙子迷住了公子吧！\n“公子，您在此歇息一会儿，小的去给您找些烛火，省的天黑下来您这啥也看不清，公子切记不要抛下小的先走为敬啊！”\n说罢，也不等自己公子是何态度就跑开了，毕竟……问再多的话只怕自己公子也不会吐一个字儿的，唉~太难了！\n只是这小侍前脚刚走，池中便有了一丝光亮从莲花中缓缓移到池边，那坐在亭中的男人也终有了一丝反映，赶忙跑到池边静等着这丝光亮消失，等这丝光亮悄然离去，赫然出现了一位身着红莲的赤衣女子，男人慌忙将其抱在怀中，似是生怕女子消失了一般！\n“这次，何时离开！”颤抖的声线反映出了男人此时的不安，目光些有些期许的注视着女子的双眸，女子轻笑窝在男人怀中，轻启朱唇，向男人答到“此次，当与君相守一世！” \n\n<M 890559>@鹿饮溪原创汉服工作室</M>",
      "Images": [],
      "ObjectID": 633213,
      "ObjectType": "topicreply",
      "ImageSrcs": null,
      "ObjectData": "{\"topicid\":146235,\"name\":\"世间万物，都有一个自己的故事—《汉服小剧本征集》活动\"}",
      "Datetime": "2019-09-03T22:48:32",
      "HotSort": 1570549601,
      "Object": null,
      "TrendShops": null,
      "ID": 2664076,
      "User": {
        "Gender": "女",
        "MainBgPic": null,
        "AuthenticateCode": null,
        "AuthenticateName": null,
        "AuthenticateID": 0,
        "CityNames": null,
        "Describe": "阿酒姑娘在线吃瓜   偶尔会做一些簪子璎珞什么的",
        "AtteCount": 10,
        "ViolationCount": 0,
        "FansCount": 0,
        "UserAtte": false,
        "GoodAlbumCount": 0,
        "Popularity": 0,
        "UseHanbi": 0,
        "Close": false,
        "Black": false,
        "NoteName": null,
        "ID": 949645,
        "UserName": "569049352",
        "NickName": "酒主子接商拍",
        "HeadUrl": "https://pic.hanfugou.com//android/2019/10/12/fe795d2c67814e4b9e68fa0f6428cc44.jpg"
      },
      "TopCount": 16,
      "CommCount": 0,
      "SaveCount": 1,
      "UserTop": true,
      "UserSave": true,
      "Hot": false,
      "Huiba": null,
      "Huibas": null
    }] : [{
      "Lock": false,
      "BanHot": false,
      "PublicShow": true,
      "HotDatetime": "2019-11-29T19:07:23",
      "DeleteRole": 0,
      "Weight": 0,
      "UserMainHide": false,
      "Reports": null,
      "ReadCount": 0,
      "Delete": false,
      "DeleteDatetime": "0001-01-01T00:00:00",
      "Content": "汉服Q版表情 拿走不谢ớ ₃ờ",
      "Images": [{
        "ImgSrc": "https://pic.hanfugou.com/android/2019/10/29/fd38471a941f4af68d84a9fcef316768.jpg",
        "Width": 520,
        "Height": 521,
        "Size": 16614
      }, {
        "ImgSrc": "https://pic.hanfugou.com/android/2019/10/29/47255dfa98424a3db3015485414f0585.jpg",
        "Width": 600,
        "Height": 600,
        "Size": 84097
      }, {
        "ImgSrc": "https://pic.hanfugou.com/android/2019/10/29/2ca528a2818548f59a5880b8f43e77d7.jpg",
        "Width": 1080,
        "Height": 1080,
        "Size": 151447
      }, {
        "ImgSrc": "https://pic.hanfugou.com/android/2019/10/29/2a91021e21b44ddfa86c790f300672d2.jpg",
        "Width": 532,
        "Height": 532,
        "Size": 58527
      }, {
        "ImgSrc": "https://pic.hanfugou.com/android/2019/10/29/9caa0670e2314afe9c97399a7680dc1d.jpg",
        "Width": 532,
        "Height": 532,
        "Size": 61500
      }, {
        "ImgSrc": "https://pic.hanfugou.com/android/2019/10/29/f762ce6211a04eb3a5b2b43ff84a922d.jpg",
        "Width": 520,
        "Height": 520,
        "Size": 16523
      }, {
        "ImgSrc": "https://pic.hanfugou.com/android/2019/10/29/d0ac420a54744dbb878f93c64ebdd6eb.jpg",
        "Width": 439,
        "Height": 439,
        "Size": 17021
      }, {
        "ImgSrc": "https://pic.hanfugou.com/android/2019/10/29/0007db9d5bbd477780fb3d7bfc0f5fb9.jpg",
        "Width": 532,
        "Height": 532,
        "Size": 60145
      }, {
        "ImgSrc": "https://pic.hanfugou.com/android/2019/10/29/c778c105268947a697c33c52019630d5.jpg",
        "Width": 502,
        "Height": 502,
        "Size": 50432
      }, {
        "ImgSrc": "https://pic.hanfugou.com/android/2019/10/29/dce41292f5554ed2aa91f73ce53793ee.jpg",
        "Width": 468,
        "Height": 468,
        "Size": 17698
      }, {
        "ImgSrc": "https://pic.hanfugou.com/android/2019/10/29/eaf0bc6fb5454591bf6fffc6a4a7748a.jpg",
        "Width": 463,
        "Height": 463,
        "Size": 15516
      }, {
        "ImgSrc": "https://pic.hanfugou.com/android/2019/10/29/2006902b6bdb4bf494491c562beff9e4.jpg",
        "Width": 521,
        "Height": 521,
        "Size": 41764
      }],
      "ObjectID": 2927162,
      "ObjectType": "trend",
      "ImageSrcs": ["https://pic.hanfugou.com/android/2019/10/29/fd38471a941f4af68d84a9fcef316768.jpg", "https://pic.hanfugou.com/android/2019/10/29/47255dfa98424a3db3015485414f0585.jpg", "https://pic.hanfugou.com/android/2019/10/29/2ca528a2818548f59a5880b8f43e77d7.jpg", "https://pic.hanfugou.com/android/2019/10/29/2a91021e21b44ddfa86c790f300672d2.jpg", "https://pic.hanfugou.com/android/2019/10/29/9caa0670e2314afe9c97399a7680dc1d.jpg", "https://pic.hanfugou.com/android/2019/10/29/f762ce6211a04eb3a5b2b43ff84a922d.jpg", "https://pic.hanfugou.com/android/2019/10/29/d0ac420a54744dbb878f93c64ebdd6eb.jpg", "https://pic.hanfugou.com/android/2019/10/29/0007db9d5bbd477780fb3d7bfc0f5fb9.jpg", "https://pic.hanfugou.com/android/2019/10/29/c778c105268947a697c33c52019630d5.jpg", "https://pic.hanfugou.com/android/2019/10/29/dce41292f5554ed2aa91f73ce53793ee.jpg", "https://pic.hanfugou.com/android/2019/10/29/eaf0bc6fb5454591bf6fffc6a4a7748a.jpg", "https://pic.hanfugou.com/android/2019/10/29/2006902b6bdb4bf494491c562beff9e4.jpg"],
      "ObjectData": null,
      "Datetime": "2019-12-16T23:09:46",
      "HotSort": 1577187015,
      "Object": null,
      "TrendShops": null,
      "ID": 2927162,
      "User": {
        "Gender": "女",
        "MainBgPic": null,
        "AuthenticateCode": null,
        "AuthenticateName": null,
        "AuthenticateID": 0,
        "CityNames": null,
        "Describe": "着我汉家衣裳，兴我礼仪之邦",
        "AtteCount": 39,
        "ViolationCount": 0,
        "FansCount": 0,
        "UserAtte": false,
        "GoodAlbumCount": 0,
        "Popularity": 0,
        "UseHanbi": 0,
        "Close": false,
        "Black": false,
        "NoteName": null,
        "ID": 188334,
        "UserName": "173179042",
        "NickName": "靜守一份安然",
        "HeadUrl": "https://pic.hanfugou.com//android/2019/10/26/e3b5473cf64c46ac81ba7216745451d6.jpg"
      },
      "TopCount": 123,
      "CommCount": 14,
      "SaveCount": 25,
      "UserTop": false,
      "UserSave": false,
      "Hot": true,
      "Huiba": null,
      "Huibas": null
    }, {
      "Lock": false,
      "BanHot": false,
      "PublicShow": true,
      "HotDatetime": "2019-10-30T09:36:28",
      "DeleteRole": 0,
      "Weight": 0,
      "UserMainHide": false,
      "Reports": null,
      "ReadCount": 0,
      "Delete": false,
      "DeleteDatetime": "0001-01-01T00:00:00",
      "Content": "超可爱的小头像呀(1)\n看妆扮你们知道是哪套汉服吗hhh\n(喜欢的小姐妹可抱走做头像啦)",
      "Images": [{
        "ImgSrc": "https://pic.hanfugou.com/android/2019/9/29/9d7c0cdb3f804a7491a45181b8bf29e0.jpg",
        "Width": 700,
        "Height": 700,
        "Size": 40381
      }, {
        "ImgSrc": "https://pic.hanfugou.com/android/2019/9/29/5ed6c26afa564375b14558d82c040ef8.jpg",
        "Width": 700,
        "Height": 700,
        "Size": 47309
      }, {
        "ImgSrc": "https://pic.hanfugou.com/android/2019/9/29/fff41bfc728443bba502edf62366a25b.jpg",
        "Width": 700,
        "Height": 700,
        "Size": 31235
      }, {
        "ImgSrc": "https://pic.hanfugou.com/android/2019/9/29/c91f766fd3014fb1b9ad463eee74fc39.jpg",
        "Width": 700,
        "Height": 700,
        "Size": 34888
      }, {
        "ImgSrc": "https://pic.hanfugou.com/android/2019/9/29/25bae908121d4f3b9c40c6a7d4906b36.jpg",
        "Width": 700,
        "Height": 700,
        "Size": 30517
      }, {
        "ImgSrc": "https://pic.hanfugou.com/android/2019/9/29/6fbd5a41cc284130972e56222c654404.jpg",
        "Width": 700,
        "Height": 700,
        "Size": 49565
      }, {
        "ImgSrc": "https://pic.hanfugou.com/android/2019/9/29/1267030e5ebe4408b095674a4645a372.jpg",
        "Width": 700,
        "Height": 700,
        "Size": 49936
      }, {
        "ImgSrc": "https://pic.hanfugou.com/android/2019/9/29/06c83d0ef3f34a86a23087dd22240b06.jpg",
        "Width": 700,
        "Height": 700,
        "Size": 47264
      }, {
        "ImgSrc": "https://pic.hanfugou.com/android/2019/9/29/67f40638537445eeb0afe692350a196b.jpg",
        "Width": 700,
        "Height": 700,
        "Size": 41640
      }],
      "ObjectID": 2845194,
      "ObjectType": "trend",
      "ImageSrcs": ["https://pic.hanfugou.com/android/2019/9/29/9d7c0cdb3f804a7491a45181b8bf29e0.jpg", "https://pic.hanfugou.com/android/2019/9/29/5ed6c26afa564375b14558d82c040ef8.jpg", "https://pic.hanfugou.com/android/2019/9/29/fff41bfc728443bba502edf62366a25b.jpg", "https://pic.hanfugou.com/android/2019/9/29/c91f766fd3014fb1b9ad463eee74fc39.jpg", "https://pic.hanfugou.com/android/2019/9/29/25bae908121d4f3b9c40c6a7d4906b36.jpg", "https://pic.hanfugou.com/android/2019/9/29/6fbd5a41cc284130972e56222c654404.jpg", "https://pic.hanfugou.com/android/2019/9/29/1267030e5ebe4408b095674a4645a372.jpg", "https://pic.hanfugou.com/android/2019/9/29/06c83d0ef3f34a86a23087dd22240b06.jpg", "https://pic.hanfugou.com/android/2019/9/29/67f40638537445eeb0afe692350a196b.jpg"],
      "ObjectData": null,
      "Datetime": "2019-12-15T20:11:02",
      "HotSort": 1577239517,
      "Object": null,
      "TrendShops": null,
      "ID": 2845194,
      "User": {
        "Gender": "女",
        "MainBgPic": null,
        "AuthenticateCode": null,
        "AuthenticateName": null,
        "AuthenticateID": 0,
        "CityNames": null,
        "Describe": "你归来是诗 离去成词 且笑风尘不敢造次 我糟糠能食粗衣 也认煮不敢想思",
        "AtteCount": 98,
        "ViolationCount": 0,
        "FansCount": 0,
        "UserAtte": false,
        "GoodAlbumCount": 0,
        "Popularity": 0,
        "UseHanbi": 0,
        "Close": false,
        "Black": false,
        "NoteName": null,
        "ID": 702531,
        "UserName": "496731428",
        "NickName": "偶尔安利的顾倾城",
        "HeadUrl": "https://pic.hanfugou.com//android/2019/10/13/05f016ae3bbf4b379d97ce363bdb1bcc.jpg"
      },
      "TopCount": 555,
      "CommCount": 144,
      "SaveCount": 125,
      "UserTop": false,
      "UserSave": false,
      "Hot": true,
      "Huiba": {
        "ID": 6536,
        "Name": "沙雕日常",
        "PublicShow": false
      },
      "Huibas": [{
        "ID": 6536,
        "Name": "沙雕日常",
        "PublicShow": false
      }]
    }, {
      "Lock": false,
      "BanHot": false,
      "PublicShow": true,
      "HotDatetime": "2019-12-15T18:04:14",
      "DeleteRole": 0,
      "Weight": 0,
      "UserMainHide": false,
      "Reports": null,
      "ReadCount": 0,
      "Delete": false,
      "DeleteDatetime": "0001-01-01T00:00:00",
      "Content": "工具：一支簪子\n可备可不备：发圈,u形夹\n\n哈哈哈，我来啦",
      "Images": [{
        "ImgSrc": "https://pic.hanfugou.com/android/2019/11/15/585bbaa46f394affb62556b79105e761.jpg",
        "Width": 0,
        "Height": 0,
        "Size": 0
      }],
      "ObjectID": 45548,
      "ObjectType": "video",
      "ImageSrcs": ["https://pic.hanfugou.com/android/2019/11/15/585bbaa46f394affb62556b79105e761.jpg"],
      "ObjectData": "{\"height\":608,\"width\":1088,\"whenlong\":90,\"videourl\":\"/video/android/2019/11/15/965201cff32c4f668436f8eeecfd8e7a.mp4\",\"title\":\"无发包发型教程【一支簪子的故事】\"}",
      "Datetime": "2019-12-15T12:41:38",
      "HotSort": 1577247186,
      "Object": null,
      "TrendShops": null,
      "ID": 2965942,
      "User": {
        "Gender": "女",
        "MainBgPic": null,
        "AuthenticateCode": null,
        "AuthenticateName": null,
        "AuthenticateID": 0,
        "CityNames": null,
        "Describe": "汉服发型教程Q:2381542941",
        "AtteCount": 4,
        "ViolationCount": 0,
        "FansCount": 0,
        "UserAtte": false,
        "GoodAlbumCount": 0,
        "Popularity": 0,
        "UseHanbi": 0,
        "Close": false,
        "Black": false,
        "NoteName": null,
        "ID": 424381,
        "UserName": "153700466",
        "NickName": "犴大人",
        "HeadUrl": "https://pic.hanfugou.com/android/2019/1/28/3a370cd300c742dfbb8b92d96627aadd.jpg"
      },
      "TopCount": 150,
      "CommCount": 16,
      "SaveCount": 40,
      "UserTop": false,
      "UserSave": false,
      "Hot": true,
      "Huiba": {
        "ID": 6921,
        "Name": "发型妆容",
        "PublicShow": false
      },
      "Huibas": [{
        "ID": 6921,
        "Name": "发型妆容",
        "PublicShow": false
      }]
    }, {
      "Lock": false,
      "BanHot": false,
      "PublicShow": true,
      "HotDatetime": "2019-12-07T19:57:57",
      "DeleteRole": 0,
      "Weight": 0,
      "UserMainHide": false,
      "Reports": null,
      "ReadCount": 0,
      "Delete": false,
      "DeleteDatetime": "0001-01-01T00:00:00",
      "Content": "不用发圈，居然用簪顺手就挽成了一个发型，我要夸夸我自己爱了",
      "Images": [{
        "ImgSrc": "https://pic.hanfugou.com/android/2019/11/7/9e4aa86878f046bdaaf406066816b71a.jpg",
        "Width": 1920,
        "Height": 1080,
        "Size": 1177102
      }, {
        "ImgSrc": "https://pic.hanfugou.com/android/2019/11/7/89411fa6bbe94ad3b65ccf162b59a82f.jpg",
        "Width": 1920,
        "Height": 1080,
        "Size": 1198193
      }, {
        "ImgSrc": "https://pic.hanfugou.com/android/2019/11/7/ea157421d1444a19909b7e63069a4761.jpg",
        "Width": 1920,
        "Height": 1080,
        "Size": 1196303
      }, {
        "ImgSrc": "https://pic.hanfugou.com/android/2019/11/7/9cd4ec55cda144c4949dc00af0b9b10e.jpg",
        "Width": 1920,
        "Height": 1080,
        "Size": 1192930
      }, {
        "ImgSrc": "https://pic.hanfugou.com/android/2019/11/7/4e6815f4b27e4be6a51fdd79d1149662.jpg",
        "Width": 1920,
        "Height": 1080,
        "Size": 1143049
      }, {
        "ImgSrc": "https://pic.hanfugou.com/android/2019/11/7/59daefc3b3234341a77a4555ffc8b57d.jpg",
        "Width": 1920,
        "Height": 1080,
        "Size": 1009857
      }, {
        "ImgSrc": "https://pic.hanfugou.com/android/2019/11/7/a2d7f68cbafe484fb8f88958e01cc55a.jpg",
        "Width": 1079,
        "Height": 809,
        "Size": 530570
      }],
      "ObjectID": 2946702,
      "ObjectType": "trend",
      "ImageSrcs": ["https://pic.hanfugou.com/android/2019/11/7/9e4aa86878f046bdaaf406066816b71a.jpg", "https://pic.hanfugou.com/android/2019/11/7/89411fa6bbe94ad3b65ccf162b59a82f.jpg", "https://pic.hanfugou.com/android/2019/11/7/ea157421d1444a19909b7e63069a4761.jpg", "https://pic.hanfugou.com/android/2019/11/7/9cd4ec55cda144c4949dc00af0b9b10e.jpg", "https://pic.hanfugou.com/android/2019/11/7/4e6815f4b27e4be6a51fdd79d1149662.jpg", "https://pic.hanfugou.com/android/2019/11/7/59daefc3b3234341a77a4555ffc8b57d.jpg", "https://pic.hanfugou.com/android/2019/11/7/a2d7f68cbafe484fb8f88958e01cc55a.jpg"],
      "ObjectData": null,
      "Datetime": "2019-12-07T18:39:12",
      "HotSort": 1577180391,
      "Object": null,
      "TrendShops": null,
      "ID": 2946702,
      "User": {
        "Gender": "女",
        "MainBgPic": null,
        "AuthenticateCode": null,
        "AuthenticateName": null,
        "AuthenticateID": 0,
        "CityNames": null,
        "Describe": "汉服发型教程Q:2381542941",
        "AtteCount": 4,
        "ViolationCount": 0,
        "FansCount": 0,
        "UserAtte": false,
        "GoodAlbumCount": 0,
        "Popularity": 0,
        "UseHanbi": 0,
        "Close": false,
        "Black": false,
        "NoteName": null,
        "ID": 424381,
        "UserName": "153700466",
        "NickName": "犴大人",
        "HeadUrl": "https://pic.hanfugou.com/android/2019/1/28/3a370cd300c742dfbb8b92d96627aadd.jpg"
      },
      "TopCount": 133,
      "CommCount": 24,
      "SaveCount": 6,
      "UserTop": false,
      "UserSave": false,
      "Hot": true,
      "Huiba": {
        "ID": 6921,
        "Name": "发型妆容",
        "PublicShow": false
      },
      "Huibas": [{
        "ID": 6921,
        "Name": "发型妆容",
        "PublicShow": false
      }]
    }, {
      "Lock": false,
      "BanHot": false,
      "PublicShow": true,
      "HotDatetime": "2019-12-23T19:27:40",
      "DeleteRole": 0,
      "Weight": 0,
      "UserMainHide": false,
      "Reports": null,
      "ReadCount": 0,
      "Delete": false,
      "DeleteDatetime": "0001-01-01T00:00:00",
      "Content": "啊，我变懒了",
      "Images": [{
        "ImgSrc": "https://pic.hanfugou.com/android/2019/9/26/74d24ee12d86436aae9d68206db23197.jpg",
        "Width": 0,
        "Height": 0,
        "Size": 0
      }],
      "ObjectID": 41295,
      "ObjectType": "video",
      "ImageSrcs": ["https://pic.hanfugou.com/android/2019/9/26/74d24ee12d86436aae9d68206db23197.jpg"],
      "ObjectData": "{\"height\":544,\"width\":960,\"whenlong\":153,\"videourl\":\"/video/android/2019/9/26/18cf0722659b4c64aa7bf784c9eac679.mp4\",\"title\":\"无发包汉服发型教程\"}",
      "Datetime": "2019-10-26T15:42:47",
      "HotSort": 1577183480,
      "Object": null,
      "TrendShops": null,
      "ID": 2837204,
      "User": {
        "Gender": "女",
        "MainBgPic": null,
        "AuthenticateCode": null,
        "AuthenticateName": null,
        "AuthenticateID": 0,
        "CityNames": null,
        "Describe": "汉服发型教程Q:2381542941",
        "AtteCount": 4,
        "ViolationCount": 0,
        "FansCount": 0,
        "UserAtte": false,
        "GoodAlbumCount": 0,
        "Popularity": 0,
        "UseHanbi": 0,
        "Close": false,
        "Black": false,
        "NoteName": null,
        "ID": 424381,
        "UserName": "153700466",
        "NickName": "犴大人",
        "HeadUrl": "https://pic.hanfugou.com/android/2019/1/28/3a370cd300c742dfbb8b92d96627aadd.jpg"
      },
      "TopCount": 274,
      "CommCount": 32,
      "SaveCount": 83,
      "UserTop": false,
      "UserSave": false,
      "Hot": true,
      "Huiba": {
        "ID": 6524,
        "Name": "发型妆容",
        "PublicShow": false
      },
      "Huibas": [{
        "ID": 6524,
        "Name": "发型妆容",
        "PublicShow": false
      }]
    }, {
      "Lock": false,
      "BanHot": false,
      "PublicShow": true,
      "HotDatetime": "2019-10-01T19:15:22",
      "DeleteRole": 0,
      "Weight": 0,
      "UserMainHide": false,
      "Reports": null,
      "ReadCount": 0,
      "Delete": false,
      "DeleteDatetime": "0001-01-01T00:00:00",
      "Content": "✨",
      "Images": [{
        "ImgSrc": "https://pic.hanfugou.com/android/2019/9/1/2f8b3aafa24045d08b1f3f1e33708aba.jpg",
        "Width": 480,
        "Height": 480,
        "Size": 21801
      }, {
        "ImgSrc": "https://pic.hanfugou.com/android/2019/9/1/2f8a907449244123934c2242994a71ab.jpg",
        "Width": 413,
        "Height": 413,
        "Size": 17188
      }, {
        "ImgSrc": "https://pic.hanfugou.com/android/2019/9/1/9e611d06f55f40dab5e1569229ea5da8.jpg",
        "Width": 452,
        "Height": 446,
        "Size": 21013
      }, {
        "ImgSrc": "https://pic.hanfugou.com/android/2019/9/1/f0cfb885b66b4733863712abc0ad7883.jpg",
        "Width": 719,
        "Height": 646,
        "Size": 62732
      }],
      "ObjectID": 2759389,
      "ObjectType": "trend",
      "ImageSrcs": ["https://pic.hanfugou.com/android/2019/9/1/2f8b3aafa24045d08b1f3f1e33708aba.jpg", "https://pic.hanfugou.com/android/2019/9/1/2f8a907449244123934c2242994a71ab.jpg", "https://pic.hanfugou.com/android/2019/9/1/9e611d06f55f40dab5e1569229ea5da8.jpg", "https://pic.hanfugou.com/android/2019/9/1/f0cfb885b66b4733863712abc0ad7883.jpg"],
      "ObjectData": null,
      "Datetime": "2019-10-23T15:36:44",
      "HotSort": 1577086736,
      "Object": null,
      "TrendShops": null,
      "ID": 2759389,
      "User": {
        "Gender": "男",
        "MainBgPic": null,
        "AuthenticateCode": null,
        "AuthenticateName": null,
        "AuthenticateID": 0,
        "CityNames": null,
        "Describe": "安利酱✨心理脆弱，球球杠精离我远点。暴躁袍子，你买山寨那是你的事情，但你嘲我买正品，那你活该被我打死。",
        "AtteCount": 7,
        "ViolationCount": 0,
        "FansCount": 0,
        "UserAtte": false,
        "GoodAlbumCount": 0,
        "Popularity": 0,
        "UseHanbi": 0,
        "Close": false,
        "Black": false,
        "NoteName": null,
        "ID": 714043,
        "UserName": "655963169",
        "NickName": "本攻名为糕冷",
        "HeadUrl": "https://pic.hanfugou.com//android/2019/11/25/4489911e41f3439c8305ede83a3ca351.jpg"
      },
      "TopCount": 431,
      "CommCount": 26,
      "SaveCount": 32,
      "UserTop": false,
      "UserSave": false,
      "Hot": true,
      "Huiba": null,
      "Huibas": null
    }, {
      "Lock": false,
      "BanHot": false,
      "PublicShow": true,
      "HotDatetime": "2019-10-14T15:59:57",
      "DeleteRole": 0,
      "Weight": 0,
      "UserMainHide": false,
      "Reports": null,
      "ReadCount": 0,
      "Delete": false,
      "DeleteDatetime": "0001-01-01T00:00:00",
      "Content": "搭配汉服的男鞋真的好少，除了靴子还有履啊，南宋男鞋做出来它不好看吗？[流泪][流泪]这个鞋型多棒，而且也有鞋带，我感觉做出来也很时尚吧[流泪]\n\np1南宋赵伯雲墓\np2南宋茶园山墓\np3南宋周氏墓",
      "Images": [{
        "ImgSrc": "https://pic.hanfugou.com/android/2019/9/13/1a2de91e397947728c399b14cc8eba41.jpg",
        "Width": 1098,
        "Height": 755,
        "Size": 209555
      }, {
        "ImgSrc": "https://pic.hanfugou.com/android/2019/9/13/0509572c4efe448c9283c7c7b1dc57cb.jpg",
        "Width": 1080,
        "Height": 1620,
        "Size": 211806
      }, {
        "ImgSrc": "https://pic.hanfugou.com/android/2019/9/13/8267ed8d5ce54d53914dfc479fe5e9e1.jpg",
        "Width": 1620,
        "Height": 1080,
        "Size": 326319
      }],
      "ObjectID": 2802957,
      "ObjectType": "trend",
      "ImageSrcs": ["https://pic.hanfugou.com/android/2019/9/13/1a2de91e397947728c399b14cc8eba41.jpg", "https://pic.hanfugou.com/android/2019/9/13/0509572c4efe448c9283c7c7b1dc57cb.jpg", "https://pic.hanfugou.com/android/2019/9/13/8267ed8d5ce54d53914dfc479fe5e9e1.jpg"],
      "ObjectData": null,
      "Datetime": "2019-10-22T13:49:46",
      "HotSort": 1574810820,
      "Object": null,
      "TrendShops": null,
      "ID": 2802957,
      "User": {
        "Gender": "男",
        "MainBgPic": null,
        "AuthenticateCode": null,
        "AuthenticateName": null,
        "AuthenticateID": 0,
        "CityNames": null,
        "Describe": "阴阳怪气第一人，我不仅骂你，我还扎你，三观猎奇素质极低，谨慎关注。",
        "AtteCount": 44,
        "ViolationCount": 0,
        "FansCount": 0,
        "UserAtte": false,
        "GoodAlbumCount": 0,
        "Popularity": 0,
        "UseHanbi": 0,
        "Close": false,
        "Black": false,
        "NoteName": null,
        "ID": 46705,
        "UserName": "LXZ112",
        "NickName": "野鸡饲养员鸡妈妈",
        "HeadUrl": "https://pic.hanfugou.com//android/2019/11/10/4445ad402ee547e5986cbce17650fd66.jpg"
      },
      "TopCount": 86,
      "CommCount": 7,
      "SaveCount": 4,
      "UserTop": false,
      "UserSave": false,
      "Hot": true,
      "Huiba": {
        "ID": 8990,
        "Name": "漢服研習",
        "PublicShow": false
      },
      "Huibas": [{
        "ID": 8990,
        "Name": "漢服研習",
        "PublicShow": false
      }]
    }, {
      "Lock": false,
      "BanHot": false,
      "PublicShow": true,
      "HotDatetime": "2019-10-05T15:26:16",
      "DeleteRole": 0,
      "Weight": 0,
      "UserMainHide": false,
      "Reports": null,
      "ReadCount": 0,
      "Delete": false,
      "DeleteDatetime": "0001-01-01T00:00:00",
      "Content": "转自微博\n原po主:焦响乐_",
      "Images": [{
        "ImgSrc": "https://pic.hanfugou.com/android/2019/9/5/7bca49d06f19423cae8ef367834715db.jpg",
        "Width": 463,
        "Height": 463,
        "Size": 37487
      }, {
        "ImgSrc": "https://pic.hanfugou.com/android/2019/9/5/33cdaf4f9d574060b4e0bf64cca42602.jpg",
        "Width": 477,
        "Height": 478,
        "Size": 39721
      }, {
        "ImgSrc": "https://pic.hanfugou.com/android/2019/9/5/0e992439c6f5492d86ec18aee1266bc8.jpg",
        "Width": 520,
        "Height": 521,
        "Size": 38133
      }, {
        "ImgSrc": "https://pic.hanfugou.com/android/2019/9/5/c4ad581421a347e1bc9583f6528ee4c8.jpg",
        "Width": 468,
        "Height": 468,
        "Size": 34899
      }, {
        "ImgSrc": "https://pic.hanfugou.com/android/2019/9/5/cf5b430fee824faebcbd3938e0c35939.jpg",
        "Width": 504,
        "Height": 505,
        "Size": 37015
      }, {
        "ImgSrc": "https://pic.hanfugou.com/android/2019/9/5/788fd6eb81b34e719affd199082a0364.jpg",
        "Width": 477,
        "Height": 478,
        "Size": 36186
      }, {
        "ImgSrc": "https://pic.hanfugou.com/android/2019/9/5/18b4348575334804b19f3d1fb30cf860.jpg",
        "Width": 441,
        "Height": 441,
        "Size": 40146
      }, {
        "ImgSrc": "https://pic.hanfugou.com/android/2019/9/5/2b8c4f11d52747c3a3695bfbf5c4ef5c.jpg",
        "Width": 520,
        "Height": 520,
        "Size": 38588
      }, {
        "ImgSrc": "https://pic.hanfugou.com/android/2019/9/5/d8acbc26b41e4b50b3e0ac40e6d3847d.jpg",
        "Width": 439,
        "Height": 439,
        "Size": 35637
      }],
      "ObjectID": 2774964,
      "ObjectType": "trend",
      "ImageSrcs": ["https://pic.hanfugou.com/android/2019/9/5/7bca49d06f19423cae8ef367834715db.jpg", "https://pic.hanfugou.com/android/2019/9/5/33cdaf4f9d574060b4e0bf64cca42602.jpg", "https://pic.hanfugou.com/android/2019/9/5/0e992439c6f5492d86ec18aee1266bc8.jpg", "https://pic.hanfugou.com/android/2019/9/5/c4ad581421a347e1bc9583f6528ee4c8.jpg", "https://pic.hanfugou.com/android/2019/9/5/cf5b430fee824faebcbd3938e0c35939.jpg", "https://pic.hanfugou.com/android/2019/9/5/788fd6eb81b34e719affd199082a0364.jpg", "https://pic.hanfugou.com/android/2019/9/5/18b4348575334804b19f3d1fb30cf860.jpg", "https://pic.hanfugou.com/android/2019/9/5/2b8c4f11d52747c3a3695bfbf5c4ef5c.jpg", "https://pic.hanfugou.com/android/2019/9/5/d8acbc26b41e4b50b3e0ac40e6d3847d.jpg"],
      "ObjectData": null,
      "Datetime": "2019-10-21T11:41:26",
      "HotSort": 1573988286,
      "Object": null,
      "TrendShops": null,
      "ID": 2774964,
      "User": {
        "Gender": "女",
        "MainBgPic": null,
        "AuthenticateCode": null,
        "AuthenticateName": null,
        "AuthenticateID": 0,
        "CityNames": null,
        "Describe": "暂不接单。。。宠粉还热心，山正可以问我。和竹坞，囝茈一起接安利投稿，有偿。必须要样衣，袄裙需要平铺图，免费私人安利汉服，其他的要斟酌，偶尔随心安利。另外有微信粉丝群哦，偶尔有福利",
        "AtteCount": 529,
        "ViolationCount": 0,
        "FansCount": 0,
        "UserAtte": false,
        "GoodAlbumCount": 0,
        "Popularity": 0,
        "UseHanbi": 0,
        "Close": false,
        "Black": false,
        "NoteName": null,
        "ID": 472632,
        "UserName": "204167288",
        "NickName": "珩～染～（私人安利）",
        "HeadUrl": "https://pic.hanfugou.com/android/2019/7/15/6f31cef7cfa0443e9a73fd59571197b6.jpg"
      },
      "TopCount": 136,
      "CommCount": 25,
      "SaveCount": 18,
      "UserTop": false,
      "UserSave": false,
      "Hot": true,
      "Huiba": {
        "ID": 14,
        "Name": "绘画",
        "PublicShow": false
      },
      "Huibas": [{
        "ID": 14,
        "Name": "绘画",
        "PublicShow": false
      }]
    }, {
      "Lock": false,
      "BanHot": false,
      "PublicShow": true,
      "HotDatetime": "2019-10-15T11:20:38",
      "DeleteRole": 0,
      "Weight": 0,
      "UserMainHide": false,
      "Reports": null,
      "ReadCount": 0,
      "Delete": false,
      "DeleteDatetime": "0001-01-01T00:00:00",
      "Content": "汉服身份证的四个拍摄注意事项，求教文章怎么发表？",
      "Images": [{
        "ImgSrc": "https://pic.hanfugou.com/ios/2019/10/15/10/52/157110796719637.jpg",
        "Width": 750,
        "Height": 966,
        "Size": 106764
      }, {
        "ImgSrc": "https://pic.hanfugou.com/ios/2019/10/15/10/52/157110796724523.jpg",
        "Width": 750,
        "Height": 1202,
        "Size": 198354
      }, {
        "ImgSrc": "https://pic.hanfugou.com/ios/2019/10/15/10/52/157110796727307.jpg",
        "Width": 750,
        "Height": 1211,
        "Size": 159190
      }, {
        "ImgSrc": "https://pic.hanfugou.com/ios/2019/10/15/10/52/157110796729045.jpg",
        "Width": 750,
        "Height": 1211,
        "Size": 162575
      }, {
        "ImgSrc": "https://pic.hanfugou.com/ios/2019/10/15/10/52/157110796730993.jpg",
        "Width": 750,
        "Height": 1334,
        "Size": 190322
      }, {
        "ImgSrc": "https://pic.hanfugou.com/ios/2019/10/15/10/52/157110796735423.jpg",
        "Width": 750,
        "Height": 902,
        "Size": 164230
      }, {
        "ImgSrc": "https://pic.hanfugou.com/ios/2019/10/15/10/52/157110796736980.jpg",
        "Width": 750,
        "Height": 715,
        "Size": 110852
      }],
      "ObjectID": 2808103,
      "ObjectType": "trend",
      "ImageSrcs": ["https://pic.hanfugou.com/ios/2019/10/15/10/52/157110796719637.jpg", "https://pic.hanfugou.com/ios/2019/10/15/10/52/157110796724523.jpg", "https://pic.hanfugou.com/ios/2019/10/15/10/52/157110796727307.jpg", "https://pic.hanfugou.com/ios/2019/10/15/10/52/157110796729045.jpg", "https://pic.hanfugou.com/ios/2019/10/15/10/52/157110796730993.jpg", "https://pic.hanfugou.com/ios/2019/10/15/10/52/157110796735423.jpg", "https://pic.hanfugou.com/ios/2019/10/15/10/52/157110796736980.jpg"],
      "ObjectData": null,
      "Datetime": "2019-10-21T11:41:23",
      "HotSort": 1577109520,
      "Object": null,
      "TrendShops": null,
      "ID": 2808103,
      "User": {
        "Gender": "女",
        "MainBgPic": null,
        "AuthenticateCode": null,
        "AuthenticateName": null,
        "AuthenticateID": 0,
        "CityNames": null,
        "Describe": "坐标上海，喜欢摄影喜欢汉服vx:stacy263添加注明来意",
        "AtteCount": 10,
        "ViolationCount": 0,
        "FansCount": 0,
        "UserAtte": false,
        "GoodAlbumCount": 0,
        "Popularity": 0,
        "UseHanbi": 0,
        "Close": false,
        "Black": false,
        "NoteName": null,
        "ID": 918650,
        "UserName": "637955586",
        "NickName": "无所不能的悠酱",
        "HeadUrl": "https://pic.hanfugou.com/ios/2019/10/14/12/47/157102847181702.jpg"
      },
      "TopCount": 274,
      "CommCount": 33,
      "SaveCount": 51,
      "UserTop": false,
      "UserSave": false,
      "Hot": true,
      "Huiba": {
        "ID": 282,
        "Name": "汉服日常",
        "PublicShow": false
      },
      "Huibas": [{
        "ID": 282,
        "Name": "汉服日常",
        "PublicShow": false
      }]
    }, {
      "Lock": false,
      "BanHot": false,
      "PublicShow": true,
      "HotDatetime": "2019-07-16T00:09:19",
      "DeleteRole": 0,
      "Weight": 0,
      "UserMainHide": false,
      "Reports": null,
      "ReadCount": 0,
      "Delete": false,
      "DeleteDatetime": "0001-01-01T00:00:00",
      "Content": "我看她挺像J的，沙雕",
      "Images": [{
        "ImgSrc": "https://pic.hanfugou.com/android/2019/6/15/ded4aed9904a456f882c1d2016aca58e.jpg",
        "Width": 800,
        "Height": 800,
        "Size": 174589
      }, {
        "ImgSrc": "https://pic.hanfugou.com/android/2019/6/15/4cb71932202c42a58fa51e92a2ee690c.jpg",
        "Width": 580,
        "Height": 446,
        "Size": 70658
      }],
      "ObjectID": 588242,
      "ObjectType": "topicreply",
      "ImageSrcs": ["https://pic.hanfugou.com/android/2019/6/15/ded4aed9904a456f882c1d2016aca58e.jpg", "https://pic.hanfugou.com/android/2019/6/15/4cb71932202c42a58fa51e92a2ee690c.jpg"],
      "ObjectData": "{\"topicid\":139685,\"name\":\"想问一下，各位穿汉服的初衷是什么呢！有没有想过进一步去学习和了解呢？这俩张图是B站一个人的拼论\"}",
      "Datetime": "2019-10-20T23:49:50",
      "HotSort": 1571375402,
      "Object": null,
      "TrendShops": null,
      "ID": 2408966,
      "User": {
        "Gender": "女",
        "MainBgPic": null,
        "AuthenticateCode": null,
        "AuthenticateName": null,
        "AuthenticateID": 0,
        "CityNames": null,
        "Describe": "该同袍还不想描述寄己👀",
        "AtteCount": 21,
        "ViolationCount": 0,
        "FansCount": 0,
        "UserAtte": false,
        "GoodAlbumCount": 0,
        "Popularity": 0,
        "UseHanbi": 0,
        "Close": false,
        "Black": false,
        "NoteName": null,
        "ID": 458608,
        "UserName": "397086249",
        "NickName": "芷卿是个安利娘",
        "HeadUrl": "https://pic.hanfugou.com/android/2019/6/16/80b25e42e6074035bbf6165e1f27e063.jpg"
      },
      "TopCount": 71,
      "CommCount": 9,
      "SaveCount": 0,
      "UserTop": false,
      "UserSave": false,
      "Hot": true,
      "Huiba": null,
      "Huibas": null
    }]
  },
  "ServerTime": 1576849322,
  "Remark": {}
}