{
  "Status": "10000",
  "ErrorMessage": "成功",
  "Data": function({
    _req
  }) {
    return (_req.query.objectid == '605688' && _req.query.objecttype == 'topicreply') ? [{
        "ID": 25284040,
        "User": {
          "Gender": "女",
          "MainBgPic": null,
          "AuthenticateCode": null,
          "AuthenticateName": null,
          "AuthenticateID": 0,
          "CityNames": null,
          "Describe": null,
          "AtteCount": 0,
          "ViolationCount": 0,
          "FansCount": 0,
          "UserAtte": false,
          "GoodAlbumCount": 0,
          "Popularity": 0,
          "UseHanbi": 0,
          "Close": false,
          "Black": false,
          "NoteName": null,
          "ID": 1657817,
          "UserName": null,
          "NickName": "瑾沫弹空水",
          "HeadUrl": "https://pic.hanfugou.com/android/2019/11/4/64a6e3f53df647c5a07b34f6de5f2b72.png"
        },
        "TrendID": 2493692,
        "TopUserID": 429521,
        "ObjectID": 605688,
        "ObjectType": "topicreply",
        "Weight": 4,
        "Datetime": "2019-12-25T11:01:18"
      }, {
        "ID": 25279074,
        "User": {
          "Gender": "女",
          "MainBgPic": null,
          "AuthenticateCode": null,
          "AuthenticateName": null,
          "AuthenticateID": 0,
          "CityNames": null,
          "Describe": null,
          "AtteCount": 0,
          "ViolationCount": 0,
          "FansCount": 0,
          "UserAtte": false,
          "GoodAlbumCount": 0,
          "Popularity": 0,
          "UseHanbi": 0,
          "Close": false,
          "Black": false,
          "NoteName": null,
          "ID": 457370,
          "UserName": null,
          "NickName": "怨人惶",
          "HeadUrl": "https://pic.hanfugou.com/android/2019/0/31/641fed8ba2224bc8b72c73103026656a.jpg"
        },
        "TrendID": 2493692,
        "TopUserID": 429521,
        "ObjectID": 605688,
        "ObjectType": "topicreply",
        "Weight": 4,
        "Datetime": "2019-12-25T01:02:48"
      }, {
        "ID": 25278906,
        "User": {
          "Gender": "女",
          "MainBgPic": null,
          "AuthenticateCode": null,
          "AuthenticateName": null,
          "AuthenticateID": 0,
          "CityNames": null,
          "Describe": null,
          "AtteCount": 0,
          "ViolationCount": 0,
          "FansCount": 0,
          "UserAtte": false,
          "GoodAlbumCount": 0,
          "Popularity": 0,
          "UseHanbi": 0,
          "Close": false,
          "Black": false,
          "NoteName": null,
          "ID": 1457550,
          "UserName": null,
          "NickName": "穆颜白",
          "HeadUrl": "https://pic.hanfugou.com//android/2019/11/23/b399d5d18b164162b5f64bf922bd3eef.jpg"
        },
        "TrendID": 2493692,
        "TopUserID": 429521,
        "ObjectID": 605688,
        "ObjectType": "topicreply",
        "Weight": 4,
        "Datetime": "2019-12-25T00:49:20"
      }, {
        "ID": 25277885,
        "User": {
          "Gender": "女",
          "MainBgPic": null,
          "AuthenticateCode": null,
          "AuthenticateName": null,
          "AuthenticateID": 0,
          "CityNames": null,
          "Describe": null,
          "AtteCount": 0,
          "ViolationCount": 0,
          "FansCount": 0,
          "UserAtte": false,
          "GoodAlbumCount": 0,
          "Popularity": 0,
          "UseHanbi": 0,
          "Close": false,
          "Black": false,
          "NoteName": null,
          "ID": 857910,
          "UserName": null,
          "NickName": "凡人多烦事D",
          "HeadUrl": "https://pic.hanfugou.com//android/2019/10/16/1314a9118cd5431e8e7e44d87fa3a4ad.jpg"
        },
        "TrendID": 2493692,
        "TopUserID": 429521,
        "ObjectID": 605688,
        "ObjectType": "topicreply",
        "Weight": 4,
        "Datetime": "2019-12-25T00:06:37"
      }, {
        "ID": 25269465,
        "User": {
          "Gender": "女",
          "MainBgPic": null,
          "AuthenticateCode": null,
          "AuthenticateName": null,
          "AuthenticateID": 0,
          "CityNames": null,
          "Describe": null,
          "AtteCount": 0,
          "ViolationCount": 0,
          "FansCount": 0,
          "UserAtte": false,
          "GoodAlbumCount": 0,
          "Popularity": 0,
          "UseHanbi": 0,
          "Close": false,
          "Black": false,
          "NoteName": null,
          "ID": 1684483,
          "UserName": null,
          "NickName": "萤飞",
          "HeadUrl": "https://pic.hanfugou.com/android/2019/11/19/960f934a38d24387acbb538c70525aa0.jpg"
        },
        "TrendID": 2493692,
        "TopUserID": 429521,
        "ObjectID": 605688,
        "ObjectType": "topicreply",
        "Weight": 6,
        "Datetime": "2019-12-24T22:21:31"
      }, {
        "ID": 25268678,
        "User": {
          "Gender": "女",
          "MainBgPic": null,
          "AuthenticateCode": null,
          "AuthenticateName": null,
          "AuthenticateID": 0,
          "CityNames": null,
          "Describe": null,
          "AtteCount": 0,
          "ViolationCount": 0,
          "FansCount": 0,
          "UserAtte": false,
          "GoodAlbumCount": 0,
          "Popularity": 0,
          "UseHanbi": 0,
          "Close": false,
          "Black": false,
          "NoteName": null,
          "ID": 1521001,
          "UserName": null,
          "NickName": "是浔落呀",
          "HeadUrl": "https://pic.hanfugou.com//android/2019/11/15/7c1dd9d85ac74ec6ac9be1d4b5a9b9ea.jpg"
        },
        "TrendID": 2493692,
        "TopUserID": 429521,
        "ObjectID": 605688,
        "ObjectType": "topicreply",
        "Weight": 4,
        "Datetime": "2019-12-24T21:58:23"
      }, {
        "ID": 25264742,
        "User": {
          "Gender": "女",
          "MainBgPic": null,
          "AuthenticateCode": null,
          "AuthenticateName": null,
          "AuthenticateID": 0,
          "CityNames": null,
          "Describe": null,
          "AtteCount": 0,
          "ViolationCount": 0,
          "FansCount": 0,
          "UserAtte": false,
          "GoodAlbumCount": 0,
          "Popularity": 0,
          "UseHanbi": 0,
          "Close": false,
          "Black": false,
          "NoteName": null,
          "ID": 1460444,
          "UserName": null,
          "NickName": "易婕",
          "HeadUrl": "https://pic.hanfugou.com/android/2019/8/7/2f52b3ef99cb4298a55ea48e8383d0d5.jpg"
        },
        "TrendID": 2493692,
        "TopUserID": 429521,
        "ObjectID": 605688,
        "ObjectType": "topicreply",
        "Weight": 6,
        "Datetime": "2019-12-24T20:06:29"
      }, {
        "ID": 25261903,
        "User": {
          "Gender": "女",
          "MainBgPic": null,
          "AuthenticateCode": null,
          "AuthenticateName": null,
          "AuthenticateID": 0,
          "CityNames": null,
          "Describe": null,
          "AtteCount": 0,
          "ViolationCount": 0,
          "FansCount": 0,
          "UserAtte": false,
          "GoodAlbumCount": 0,
          "Popularity": 0,
          "UseHanbi": 0,
          "Close": false,
          "Black": false,
          "NoteName": null,
          "ID": 1295544,
          "UserName": null,
          "NickName": "五苏苏苏苏苏",
          "HeadUrl": "https://pic.hanfugou.com/android/2019/7/21/957496fc04a944ce930ca41c3b64662e.jpg"
        },
        "TrendID": 2493692,
        "TopUserID": 429521,
        "ObjectID": 605688,
        "ObjectType": "topicreply",
        "Weight": 4,
        "Datetime": "2019-12-24T18:39:50"
      }] : (_req.query.objectid && _req.query.objecttype == 'topicreply') ? [{
        "ID": 25182181,
        "User": {
          "Gender": "女",
          "MainBgPic": null,
          "AuthenticateCode": null,
          "AuthenticateName": null,
          "AuthenticateID": 0,
          "CityNames": null,
          "Describe": null,
          "AtteCount": 0,
          "ViolationCount": 0,
          "FansCount": 0,
          "UserAtte": false,
          "GoodAlbumCount": 0,
          "Popularity": 0,
          "UseHanbi": 0,
          "Close": false,
          "Black": false,
          "NoteName": null,
          "ID": 377315,
          "UserName": null,
          "NickName": "吸吸",
          "HeadUrl": "https://pic.hanfugou.com/android/2019/2/4/f9a94e15ea9a448c9ad4b81e2ae9e717.jpg"
        },
        "TrendID": 1799632,
        "TopUserID": 728192,
        "ObjectID": 444274,
        "ObjectType": "topicreply",
        "Weight": 3,
        "Datetime": "2019-12-22T10:05:16"
      }, {
        "ID": 24998381,
        "User": {
          "Gender": "女",
          "MainBgPic": null,
          "AuthenticateCode": null,
          "AuthenticateName": null,
          "AuthenticateID": 0,
          "CityNames": null,
          "Describe": null,
          "AtteCount": 0,
          "ViolationCount": 0,
          "FansCount": 0,
          "UserAtte": false,
          "GoodAlbumCount": 0,
          "Popularity": 0,
          "UseHanbi": 0,
          "Close": false,
          "Black": false,
          "NoteName": null,
          "ID": 1351501,
          "UserName": null,
          "NickName": "嗷awsl唔",
          "HeadUrl": "https://pic.hanfugou.com/ios/2019/8/1/13/55/156463894081977.jpg"
        },
        "TrendID": 1799632,
        "TopUserID": 728192,
        "ObjectID": 444274,
        "ObjectType": "topicreply",
        "Weight": 5,
        "Datetime": "2019-12-16T06:26:30"
      }, {
        "ID": 24973465,
        "User": {
          "Gender": "女",
          "MainBgPic": null,
          "AuthenticateCode": null,
          "AuthenticateName": null,
          "AuthenticateID": 0,
          "CityNames": null,
          "Describe": null,
          "AtteCount": 0,
          "ViolationCount": 0,
          "FansCount": 0,
          "UserAtte": false,
          "GoodAlbumCount": 0,
          "Popularity": 0,
          "UseHanbi": 0,
          "Close": false,
          "Black": false,
          "NoteName": null,
          "ID": 1679493,
          "UserName": null,
          "NickName": "早川南辞",
          "HeadUrl": "https://pic.hanfugou.com/android/2019/11/15/49236c9e1a614d3e80fd579509824a1c.jpg"
        },
        "TrendID": 1799632,
        "TopUserID": 728192,
        "ObjectID": 444274,
        "ObjectType": "topicreply",
        "Weight": 4,
        "Datetime": "2019-12-15T17:40:45"
      }, {
        "ID": 24969887,
        "User": {
          "Gender": "男",
          "MainBgPic": null,
          "AuthenticateCode": null,
          "AuthenticateName": null,
          "AuthenticateID": 0,
          "CityNames": null,
          "Describe": null,
          "AtteCount": 0,
          "ViolationCount": 0,
          "FansCount": 0,
          "UserAtte": false,
          "GoodAlbumCount": 0,
          "Popularity": 0,
          "UseHanbi": 0,
          "Close": false,
          "Black": false,
          "NoteName": null,
          "ID": 1642291,
          "UserName": null,
          "NickName": "诸葛与亮1",
          "HeadUrl": "https://pic.hanfugou.com/android/2019/10/24/ef2057594abd4433a39ee7aed46b4ac7.jpg"
        },
        "TrendID": 1799632,
        "TopUserID": 728192,
        "ObjectID": 444274,
        "ObjectType": "topicreply",
        "Weight": 5,
        "Datetime": "2019-12-15T15:51:29"
      }, {
        "ID": 24959528,
        "User": {
          "Gender": "女",
          "MainBgPic": null,
          "AuthenticateCode": null,
          "AuthenticateName": null,
          "AuthenticateID": 0,
          "CityNames": null,
          "Describe": null,
          "AtteCount": 0,
          "ViolationCount": 0,
          "FansCount": 0,
          "UserAtte": false,
          "GoodAlbumCount": 0,
          "Popularity": 0,
          "UseHanbi": 0,
          "Close": false,
          "Black": false,
          "NoteName": null,
          "ID": 872117,
          "UserName": null,
          "NickName": "千玺老婆不得了",
          "HeadUrl": "https://pic.hanfugou.com/android/2019/3/6/fe8cca7e91bb48768465c8f358c99b62.jpg"
        },
        "TrendID": 1799632,
        "TopUserID": 728192,
        "ObjectID": 444274,
        "ObjectType": "topicreply",
        "Weight": 5,
        "Datetime": "2019-12-15T11:34:47"
      }, {
        "ID": 24897056,
        "User": {
          "Gender": "女",
          "MainBgPic": null,
          "AuthenticateCode": null,
          "AuthenticateName": null,
          "AuthenticateID": 0,
          "CityNames": null,
          "Describe": null,
          "AtteCount": 0,
          "ViolationCount": 0,
          "FansCount": 0,
          "UserAtte": false,
          "GoodAlbumCount": 0,
          "Popularity": 0,
          "UseHanbi": 0,
          "Close": false,
          "Black": false,
          "NoteName": null,
          "ID": 748206,
          "UserName": null,
          "NickName": "假酒现场",
          "HeadUrl": "https://pic.hanfugou.com//android/2019/11/8/c1deb616c99449fc9641924316aca3bc.jpg"
        },
        "TrendID": 1799632,
        "TopUserID": 728192,
        "ObjectID": 444274,
        "ObjectType": "topicreply",
        "Weight": 5,
        "Datetime": "2019-12-14T09:20:37"
      }, {
        "ID": 24896958,
        "User": {
          "Gender": "女",
          "MainBgPic": null,
          "AuthenticateCode": null,
          "AuthenticateName": null,
          "AuthenticateID": 0,
          "CityNames": null,
          "Describe": null,
          "AtteCount": 0,
          "ViolationCount": 0,
          "FansCount": 0,
          "UserAtte": false,
          "GoodAlbumCount": 0,
          "Popularity": 0,
          "UseHanbi": 0,
          "Close": false,
          "Black": false,
          "NoteName": null,
          "ID": 1169239,
          "UserName": null,
          "NickName": "三千盏",
          "HeadUrl": "https://pic.hanfugou.com/android/2019/4/29/0a8b6d7f41da40a4a5f4b874effe62e3.jpg"
        },
        "TrendID": 1799632,
        "TopUserID": 728192,
        "ObjectID": 444274,
        "ObjectType": "topicreply",
        "Weight": 5,
        "Datetime": "2019-12-14T09:14:10"
      }, {
        "ID": 24884757,
        "User": {
          "Gender": "女",
          "MainBgPic": null,
          "AuthenticateCode": null,
          "AuthenticateName": null,
          "AuthenticateID": 0,
          "CityNames": null,
          "Describe": null,
          "AtteCount": 0,
          "ViolationCount": 0,
          "FansCount": 0,
          "UserAtte": false,
          "GoodAlbumCount": 0,
          "Popularity": 0,
          "UseHanbi": 0,
          "Close": false,
          "Black": false,
          "NoteName": null,
          "ID": 1537833,
          "UserName": null,
          "NickName": "临殇",
          "HeadUrl": "https://pic.hanfugou.com//android/2019/10/30/f56682bfa3a24093b3ea4d05bce0fbcf.jpg"
        },
        "TrendID": 1799632,
        "TopUserID": 728192,
        "ObjectID": 444274,
        "ObjectType": "topicreply",
        "Weight": 3,
        "Datetime": "2019-12-13T22:25:40"
      }, {
        "ID": 24863389,
        "User": {
          "Gender": "女",
          "MainBgPic": null,
          "AuthenticateCode": null,
          "AuthenticateName": null,
          "AuthenticateID": 0,
          "CityNames": null,
          "Describe": null,
          "AtteCount": 0,
          "ViolationCount": 0,
          "FansCount": 0,
          "UserAtte": false,
          "GoodAlbumCount": 0,
          "Popularity": 0,
          "UseHanbi": 0,
          "Close": false,
          "Black": false,
          "NoteName": null,
          "ID": 505880,
          "UserName": null,
          "NickName": "浮生遗梦",
          "HeadUrl": "https://pic.hanfugou.com//android/2019/11/5/e100c408d17b4336974e58912e0c96a6.jpg"
        },
        "TrendID": 1799632,
        "TopUserID": 728192,
        "ObjectID": 444274,
        "ObjectType": "topicreply",
        "Weight": 3,
        "Datetime": "2019-12-13T08:11:07"
      }, {
        "ID": 24861240,
        "User": {
          "Gender": "女",
          "MainBgPic": null,
          "AuthenticateCode": null,
          "AuthenticateName": null,
          "AuthenticateID": 0,
          "CityNames": null,
          "Describe": null,
          "AtteCount": 0,
          "ViolationCount": 0,
          "FansCount": 0,
          "UserAtte": false,
          "GoodAlbumCount": 0,
          "Popularity": 0,
          "UseHanbi": 0,
          "Close": false,
          "Black": false,
          "NoteName": null,
          "ID": 1329227,
          "UserName": null,
          "NickName": "卑微帮人卖簪的蓝言",
          "HeadUrl": "https://pic.hanfugou.com//android/2019/9/22/e3a9e2f0f045462ea76a7939709ff4d3.jpg"
        },
        "TrendID": 1799632,
        "TopUserID": 728192,
        "ObjectID": 444274,
        "ObjectType": "topicreply",
        "Weight": 3,
        "Datetime": "2019-12-13T01:06:14"
      }] : (_req.query.objectid == '2896242' && _req.query.objecttype == 'trend') ? [{
        "ID": 25285394,
        "User": {
          "Gender": "女",
          "MainBgPic": null,
          "AuthenticateCode": null,
          "AuthenticateName": null,
          "AuthenticateID": 0,
          "CityNames": null,
          "Describe": null,
          "AtteCount": 0,
          "ViolationCount": 0,
          "FansCount": 0,
          "UserAtte": false,
          "GoodAlbumCount": 0,
          "Popularity": 0,
          "UseHanbi": 0,
          "Close": false,
          "Black": false,
          "NoteName": null,
          "ID": 1656735,
          "UserName": null,
          "NickName": "清羽南霜",
          "HeadUrl": "https://pic.hanfugou.com/android/2019/11/3/96f62e4cbf0242c99950d4996c000ad4.jpg"
        },
        "TrendID": 2896242,
        "TopUserID": 153127,
        "ObjectID": 2896242,
        "ObjectType": "trend",
        "Weight": 5,
        "Datetime": "2019-12-25T12:01:42"
      }, {
        "ID": 25233678,
        "User": {
          "Gender": "女",
          "MainBgPic": null,
          "AuthenticateCode": null,
          "AuthenticateName": null,
          "AuthenticateID": 0,
          "CityNames": null,
          "Describe": null,
          "AtteCount": 0,
          "ViolationCount": 0,
          "FansCount": 0,
          "UserAtte": false,
          "GoodAlbumCount": 0,
          "Popularity": 0,
          "UseHanbi": 0,
          "Close": false,
          "Black": false,
          "NoteName": null,
          "ID": 1689375,
          "UserName": null,
          "NickName": "茗风",
          "HeadUrl": "https://pic.hanfugou.com/pc/2015/12/3/21/b7a0c03d449e4110863b9f804bdf8c38.jpg"
        },
        "TrendID": 2896242,
        "TopUserID": 153127,
        "ObjectID": 2896242,
        "ObjectType": "trend",
        "Weight": 6,
        "Datetime": "2019-12-23T18:00:28"
      }, {
        "ID": 25231561,
        "User": {
          "Gender": "女",
          "MainBgPic": null,
          "AuthenticateCode": null,
          "AuthenticateName": null,
          "AuthenticateID": 0,
          "CityNames": null,
          "Describe": null,
          "AtteCount": 0,
          "ViolationCount": 0,
          "FansCount": 0,
          "UserAtte": false,
          "GoodAlbumCount": 0,
          "Popularity": 0,
          "UseHanbi": 0,
          "Close": false,
          "Black": false,
          "NoteName": null,
          "ID": 478151,
          "UserName": null,
          "NickName": "三青吖",
          "HeadUrl": "https://pic.hanfugou.com/android/2019/1/6/b3fc627d54cc4e0da58372cbd0e4d8f3.jpg"
        },
        "TrendID": 2896242,
        "TopUserID": 153127,
        "ObjectID": 2896242,
        "ObjectType": "trend",
        "Weight": 0,
        "Datetime": "2019-12-23T16:15:22"
      }, {
        "ID": 25217510,
        "User": {
          "Gender": "女",
          "MainBgPic": null,
          "AuthenticateCode": null,
          "AuthenticateName": null,
          "AuthenticateID": 0,
          "CityNames": null,
          "Describe": null,
          "AtteCount": 0,
          "ViolationCount": 0,
          "FansCount": 0,
          "UserAtte": false,
          "GoodAlbumCount": 0,
          "Popularity": 0,
          "UseHanbi": 0,
          "Close": false,
          "Black": false,
          "NoteName": null,
          "ID": 985319,
          "UserName": null,
          "NickName": "菩提银月",
          "HeadUrl": "https://pic.hanfugou.com/android/2019/6/31/ee6194c2082e4e8fa49df2e2aef5ab9c.jpg"
        },
        "TrendID": 2896242,
        "TopUserID": 153127,
        "ObjectID": 2896242,
        "ObjectType": "trend",
        "Weight": 6,
        "Datetime": "2019-12-22T23:20:53"
      }, {
        "ID": 25162318,
        "User": {
          "Gender": "女",
          "MainBgPic": null,
          "AuthenticateCode": null,
          "AuthenticateName": null,
          "AuthenticateID": 0,
          "CityNames": null,
          "Describe": null,
          "AtteCount": 0,
          "ViolationCount": 0,
          "FansCount": 0,
          "UserAtte": false,
          "GoodAlbumCount": 0,
          "Popularity": 0,
          "UseHanbi": 0,
          "Close": false,
          "Black": false,
          "NoteName": null,
          "ID": 341419,
          "UserName": null,
          "NickName": "iiii",
          "HeadUrl": "https://pic.hanfugou.com/android/2018/10/18/2e6197b418ca45698cfb786c61677abc.jpg"
        },
        "TrendID": 2896242,
        "TopUserID": 153127,
        "ObjectID": 2896242,
        "ObjectType": "trend",
        "Weight": 0,
        "Datetime": "2019-12-21T19:42:49"
      }, {
        "ID": 25155840,
        "User": {
          "Gender": "女",
          "MainBgPic": null,
          "AuthenticateCode": null,
          "AuthenticateName": null,
          "AuthenticateID": 0,
          "CityNames": null,
          "Describe": null,
          "AtteCount": 0,
          "ViolationCount": 0,
          "FansCount": 0,
          "UserAtte": false,
          "GoodAlbumCount": 0,
          "Popularity": 0,
          "UseHanbi": 0,
          "Close": false,
          "Black": false,
          "NoteName": null,
          "ID": 1673497,
          "UserName": null,
          "NickName": "小萝1",
          "HeadUrl": "https://pic.hanfugou.com/android/2019/11/13/c318a38faa024529b3bbc67f9ec6701b.jpg"
        },
        "TrendID": 2896242,
        "TopUserID": 153127,
        "ObjectID": 2896242,
        "ObjectType": "trend",
        "Weight": 3,
        "Datetime": "2019-12-21T17:00:58"
      }, {
        "ID": 25148156,
        "User": {
          "Gender": "女",
          "MainBgPic": null,
          "AuthenticateCode": null,
          "AuthenticateName": null,
          "AuthenticateID": 0,
          "CityNames": null,
          "Describe": null,
          "AtteCount": 0,
          "ViolationCount": 0,
          "FansCount": 0,
          "UserAtte": false,
          "GoodAlbumCount": 0,
          "Popularity": 0,
          "UseHanbi": 0,
          "Close": false,
          "Black": false,
          "NoteName": null,
          "ID": 561488,
          "UserName": null,
          "NickName": "昨夜星辰不如",
          "HeadUrl": "https://pic.hanfugou.com/android/2019/1/19/b945ede4ace345eb8c6184d266e52ff2.jpg"
        },
        "TrendID": 2896242,
        "TopUserID": 153127,
        "ObjectID": 2896242,
        "ObjectType": "trend",
        "Weight": 5,
        "Datetime": "2019-12-21T13:44:52"
      }, {
        "ID": 25138214,
        "User": {
          "Gender": "男",
          "MainBgPic": null,
          "AuthenticateCode": null,
          "AuthenticateName": null,
          "AuthenticateID": 0,
          "CityNames": null,
          "Describe": null,
          "AtteCount": 0,
          "ViolationCount": 0,
          "FansCount": 0,
          "UserAtte": false,
          "GoodAlbumCount": 0,
          "Popularity": 0,
          "UseHanbi": 0,
          "Close": false,
          "Black": false,
          "NoteName": null,
          "ID": 565617,
          "UserName": null,
          "NickName": "隰华将军",
          "HeadUrl": "https://pic.hanfugou.com//android/2019/10/28/3b5631bb4e944048a971fd141bb88cc4.jpg"
        },
        "TrendID": 2896242,
        "TopUserID": 153127,
        "ObjectID": 2896242,
        "ObjectType": "trend",
        "Weight": 5,
        "Datetime": "2019-12-21T08:35:13"
      }, {
        "ID": 25119220,
        "User": {
          "Gender": "女",
          "MainBgPic": null,
          "AuthenticateCode": null,
          "AuthenticateName": null,
          "AuthenticateID": 0,
          "CityNames": null,
          "Describe": null,
          "AtteCount": 0,
          "ViolationCount": 0,
          "FansCount": 0,
          "UserAtte": false,
          "GoodAlbumCount": 0,
          "Popularity": 0,
          "UseHanbi": 0,
          "Close": false,
          "Black": false,
          "NoteName": null,
          "ID": 1272641,
          "UserName": null,
          "NickName": "小可奈~~",
          "HeadUrl": "https://pic.hanfugou.com/android/2019/5/23/9f6f7994bbf2496aa356eb139ea3cc39.jpg"
        },
        "TrendID": 2896242,
        "TopUserID": 153127,
        "ObjectID": 2896242,
        "ObjectType": "trend",
        "Weight": 4,
        "Datetime": "2019-12-20T18:46:24"
      }, {
        "ID": 25084030,
        "User": {
          "Gender": "女",
          "MainBgPic": null,
          "AuthenticateCode": null,
          "AuthenticateName": null,
          "AuthenticateID": 0,
          "CityNames": null,
          "Describe": null,
          "AtteCount": 0,
          "ViolationCount": 0,
          "FansCount": 0,
          "UserAtte": false,
          "GoodAlbumCount": 0,
          "Popularity": 0,
          "UseHanbi": 0,
          "Close": false,
          "Black": false,
          "NoteName": null,
          "ID": 1189003,
          "UserName": null,
          "NickName": "安雨云衿",
          "HeadUrl": "https://pic.hanfugou.com//android/2019/11/15/0504af2c59fc4f8289f693b66958818c.png"
        },
        "TrendID": 2896242,
        "TopUserID": 153127,
        "ObjectID": 2896242,
        "ObjectType": "trend",
        "Weight": 4,
        "Datetime": "2019-12-19T12:42:08"
      }] :
      (_req.query.objectid && _req.query.objecttype == 'trend') ? [{
        "ID": 25281322,
        "User": {
          "Gender": "女",
          "MainBgPic": null,
          "AuthenticateCode": null,
          "AuthenticateName": null,
          "AuthenticateID": 0,
          "CityNames": null,
          "Describe": null,
          "AtteCount": 0,
          "ViolationCount": 0,
          "FansCount": 0,
          "UserAtte": false,
          "GoodAlbumCount": 0,
          "Popularity": 0,
          "UseHanbi": 0,
          "Close": false,
          "Black": false,
          "NoteName": null,
          "ID": 1495161,
          "UserName": null,
          "NickName": "智障小京",
          "HeadUrl": "https://pic.hanfugou.com//android/2019/8/23/766bf75f37bb46168ff6c7fa0119c2e2.jpg"
        },
        "TrendID": 2984895,
        "TopUserID": 298649,
        "ObjectID": 2984895,
        "ObjectType": "trend",
        "Weight": 5,
        "Datetime": "2019-12-25T07:53:03"
      }, {
        "ID": 25277256,
        "User": {
          "Gender": "女",
          "MainBgPic": null,
          "AuthenticateCode": null,
          "AuthenticateName": null,
          "AuthenticateID": 0,
          "CityNames": null,
          "Describe": null,
          "AtteCount": 0,
          "ViolationCount": 0,
          "FansCount": 0,
          "UserAtte": false,
          "GoodAlbumCount": 0,
          "Popularity": 0,
          "UseHanbi": 0,
          "Close": false,
          "Black": false,
          "NoteName": null,
          "ID": 884916,
          "UserName": null,
          "NickName": "輕風花微殤",
          "HeadUrl": "https://pic.hanfugou.com/android/2019/3/7/f574d9c393ae4af18b372739727c92d9.jpg"
        },
        "TrendID": 2984895,
        "TopUserID": 298649,
        "ObjectID": 2984895,
        "ObjectType": "trend",
        "Weight": 0,
        "Datetime": "2019-12-24T23:54:16"
      }, {
        "ID": 25277036,
        "User": {
          "Gender": "男",
          "MainBgPic": null,
          "AuthenticateCode": null,
          "AuthenticateName": null,
          "AuthenticateID": 0,
          "CityNames": null,
          "Describe": null,
          "AtteCount": 0,
          "ViolationCount": 0,
          "FansCount": 0,
          "UserAtte": false,
          "GoodAlbumCount": 0,
          "Popularity": 0,
          "UseHanbi": 0,
          "Close": false,
          "Black": false,
          "NoteName": null,
          "ID": 506110,
          "UserName": null,
          "NickName": "突然欧气的易文予",
          "HeadUrl": "https://pic.hanfugou.com//android/2019/11/21/ae8522db6b1d47b3b9f56a08d2555090.jpg"
        },
        "TrendID": 2984895,
        "TopUserID": 298649,
        "ObjectID": 2984895,
        "ObjectType": "trend",
        "Weight": 1,
        "Datetime": "2019-12-24T23:46:42"
      }, {
        "ID": 25266711,
        "User": {
          "Gender": "女",
          "MainBgPic": null,
          "AuthenticateCode": null,
          "AuthenticateName": null,
          "AuthenticateID": 0,
          "CityNames": null,
          "Describe": null,
          "AtteCount": 0,
          "ViolationCount": 0,
          "FansCount": 0,
          "UserAtte": false,
          "GoodAlbumCount": 0,
          "Popularity": 0,
          "UseHanbi": 0,
          "Close": false,
          "Black": false,
          "NoteName": null,
          "ID": 1417688,
          "UserName": null,
          "NickName": "挽衣浅笑",
          "HeadUrl": "https://pic.hanfugou.com/android/2019/7/14/cd3ebe13d09e4887af160bacc95f2326.jpg"
        },
        "TrendID": 2984895,
        "TopUserID": 298649,
        "ObjectID": 2984895,
        "ObjectType": "trend",
        "Weight": 2,
        "Datetime": "2019-12-24T21:11:32"
      }, {
        "ID": 25224171,
        "User": {
          "Gender": "女",
          "MainBgPic": null,
          "AuthenticateCode": null,
          "AuthenticateName": null,
          "AuthenticateID": 0,
          "CityNames": null,
          "Describe": null,
          "AtteCount": 0,
          "ViolationCount": 0,
          "FansCount": 0,
          "UserAtte": false,
          "GoodAlbumCount": 0,
          "Popularity": 0,
          "UseHanbi": 0,
          "Close": false,
          "Black": false,
          "NoteName": null,
          "ID": 646269,
          "UserName": null,
          "NickName": "姚曦辞",
          "HeadUrl": "https://pic.hanfugou.com//android/2019/11/10/bb2c2984677d498ba2415812b74587d3.jpg"
        },
        "TrendID": 2984895,
        "TopUserID": 298649,
        "ObjectID": 2984895,
        "ObjectType": "trend",
        "Weight": 2,
        "Datetime": "2019-12-23T08:35:07"
      }, {
        "ID": 25206817,
        "User": {
          "Gender": "女",
          "MainBgPic": null,
          "AuthenticateCode": null,
          "AuthenticateName": null,
          "AuthenticateID": 0,
          "CityNames": null,
          "Describe": null,
          "AtteCount": 0,
          "ViolationCount": 0,
          "FansCount": 0,
          "UserAtte": false,
          "GoodAlbumCount": 0,
          "Popularity": 0,
          "UseHanbi": 0,
          "Close": false,
          "Black": false,
          "NoteName": null,
          "ID": 910240,
          "UserName": null,
          "NickName": "逸丶",
          "HeadUrl": "https://pic.hanfugou.com//android/2019/11/23/a9cbc297894a4779a87f327d96313f00.png"
        },
        "TrendID": 2984895,
        "TopUserID": 298649,
        "ObjectID": 2984895,
        "ObjectType": "trend",
        "Weight": 4,
        "Datetime": "2019-12-22T19:19:15"
      }, {
        "ID": 25205130,
        "User": {
          "Gender": "女",
          "MainBgPic": null,
          "AuthenticateCode": null,
          "AuthenticateName": null,
          "AuthenticateID": 0,
          "CityNames": null,
          "Describe": null,
          "AtteCount": 0,
          "ViolationCount": 0,
          "FansCount": 0,
          "UserAtte": false,
          "GoodAlbumCount": 0,
          "Popularity": 0,
          "UseHanbi": 0,
          "Close": false,
          "Black": false,
          "NoteName": null,
          "ID": 1354628,
          "UserName": null,
          "NickName": "有女如玉",
          "HeadUrl": "https://pic.hanfugou.com/android/2019/7/16/5558945c8b6e4710825d5b794f91054d.jpg"
        },
        "TrendID": 2984895,
        "TopUserID": 298649,
        "ObjectID": 2984895,
        "ObjectType": "trend",
        "Weight": 2,
        "Datetime": "2019-12-22T18:26:03"
      }, {
        "ID": 25204118,
        "User": {
          "Gender": "女",
          "MainBgPic": null,
          "AuthenticateCode": null,
          "AuthenticateName": null,
          "AuthenticateID": 0,
          "CityNames": null,
          "Describe": null,
          "AtteCount": 0,
          "ViolationCount": 0,
          "FansCount": 0,
          "UserAtte": false,
          "GoodAlbumCount": 0,
          "Popularity": 0,
          "UseHanbi": 0,
          "Close": false,
          "Black": false,
          "NoteName": null,
          "ID": 1578599,
          "UserName": null,
          "NickName": "姬叶叶叶叶叶叶叶",
          "HeadUrl": "https://pic.hanfugou.com//android/2019/10/2/c2c6b775d5384d268a5d0fa41c8c37cb.png"
        },
        "TrendID": 2984895,
        "TopUserID": 298649,
        "ObjectID": 2984895,
        "ObjectType": "trend",
        "Weight": 2,
        "Datetime": "2019-12-22T17:58:22"
      }, {
        "ID": 25203578,
        "User": {
          "Gender": "女",
          "MainBgPic": null,
          "AuthenticateCode": null,
          "AuthenticateName": null,
          "AuthenticateID": 0,
          "CityNames": null,
          "Describe": null,
          "AtteCount": 0,
          "ViolationCount": 0,
          "FansCount": 0,
          "UserAtte": false,
          "GoodAlbumCount": 0,
          "Popularity": 0,
          "UseHanbi": 0,
          "Close": false,
          "Black": false,
          "NoteName": null,
          "ID": 1099750,
          "UserName": null,
          "NickName": "清焰家的客服風染",
          "HeadUrl": "https://pic.hanfugou.com//android/2019/10/28/79949a8e38fd4f78942d34f5d77ce368.jpg"
        },
        "TrendID": 2984895,
        "TopUserID": 298649,
        "ObjectID": 2984895,
        "ObjectType": "trend",
        "Weight": 2,
        "Datetime": "2019-12-22T17:46:40"
      }, {
        "ID": 25203273,
        "User": {
          "Gender": "女",
          "MainBgPic": null,
          "AuthenticateCode": null,
          "AuthenticateName": null,
          "AuthenticateID": 0,
          "CityNames": null,
          "Describe": null,
          "AtteCount": 0,
          "ViolationCount": 0,
          "FansCount": 0,
          "UserAtte": false,
          "GoodAlbumCount": 0,
          "Popularity": 0,
          "UseHanbi": 0,
          "Close": false,
          "Black": false,
          "NoteName": null,
          "ID": 396149,
          "UserName": null,
          "NickName": "悸册",
          "HeadUrl": "https://pic.hanfugou.com/android/2018/11/27/0e6973de76604271a66e3ac616608137.jpg"
        },
        "TrendID": 2984895,
        "TopUserID": 298649,
        "ObjectID": 2984895,
        "ObjectType": "trend",
        "Weight": 4,
        "Datetime": "2019-12-22T17:40:49"
      }] : (_req.query.objectid == '90678' && _req.query.objecttype == 'album') ? [{
        "ID": 25150243,
        "User": {
          "Gender": "女",
          "MainBgPic": null,
          "AuthenticateCode": null,
          "AuthenticateName": null,
          "AuthenticateID": 0,
          "CityNames": null,
          "Describe": null,
          "AtteCount": 0,
          "ViolationCount": 0,
          "FansCount": 0,
          "UserAtte": false,
          "GoodAlbumCount": 0,
          "Popularity": 0,
          "UseHanbi": 0,
          "Close": false,
          "Black": false,
          "NoteName": null,
          "ID": 67691,
          "UserName": null,
          "NickName": "Y亦安N",
          "HeadUrl": "https://pic.hanfugou.com/android/2018/4/30/d0af5223d32d477a8e819795ed22cbcf.jpg"
        },
        "TrendID": 2832102,
        "TopUserID": 1580662,
        "ObjectID": 90678,
        "ObjectType": "album",
        "Weight": 4,
        "Datetime": "2019-12-21T14:49:09"
      }, {
        "ID": 25007770,
        "User": {
          "Gender": "女",
          "MainBgPic": null,
          "AuthenticateCode": null,
          "AuthenticateName": null,
          "AuthenticateID": 0,
          "CityNames": null,
          "Describe": null,
          "AtteCount": 0,
          "ViolationCount": 0,
          "FansCount": 0,
          "UserAtte": false,
          "GoodAlbumCount": 0,
          "Popularity": 0,
          "UseHanbi": 0,
          "Close": false,
          "Black": false,
          "NoteName": null,
          "ID": 1386279,
          "UserName": null,
          "NickName": "连连银月",
          "HeadUrl": "https://pic.hanfugou.com/web/2019/8/28/18/b9df73876ef74dc9a6d359ac9a2de0a5.jpg"
        },
        "TrendID": 2832102,
        "TopUserID": 1580662,
        "ObjectID": 90678,
        "ObjectType": "album",
        "Weight": 5,
        "Datetime": "2019-12-16T16:39:47"
      }, {
        "ID": 25006201,
        "User": {
          "Gender": "女",
          "MainBgPic": null,
          "AuthenticateCode": null,
          "AuthenticateName": null,
          "AuthenticateID": 0,
          "CityNames": null,
          "Describe": null,
          "AtteCount": 0,
          "ViolationCount": 0,
          "FansCount": 0,
          "UserAtte": false,
          "GoodAlbumCount": 0,
          "Popularity": 0,
          "UseHanbi": 0,
          "Close": false,
          "Black": false,
          "NoteName": null,
          "ID": 1427725,
          "UserName": null,
          "NickName": "小慧爱子",
          "HeadUrl": "https://pic.hanfugou.com/web/2019/12/20/15/6b1f2771e36e4b349bfc8f96fbd34b17.jpg"
        },
        "TrendID": 2832102,
        "TopUserID": 1580662,
        "ObjectID": 90678,
        "ObjectType": "album",
        "Weight": 6,
        "Datetime": "2019-12-16T13:56:15"
      }, {
        "ID": 24567077,
        "User": {
          "Gender": "女",
          "MainBgPic": null,
          "AuthenticateCode": null,
          "AuthenticateName": null,
          "AuthenticateID": 0,
          "CityNames": null,
          "Describe": null,
          "AtteCount": 0,
          "ViolationCount": 0,
          "FansCount": 0,
          "UserAtte": false,
          "GoodAlbumCount": 0,
          "Popularity": 0,
          "UseHanbi": 0,
          "Close": false,
          "Black": false,
          "NoteName": null,
          "ID": 258556,
          "UserName": null,
          "NickName": "一枚闲置的簪娘  ☀",
          "HeadUrl": "https://pic.hanfugou.com/android/2018/11/13/66f7c11d13854d0c926a628bbf7cef6c.jpg"
        },
        "TrendID": 2832102,
        "TopUserID": 1580662,
        "ObjectID": 90678,
        "ObjectType": "album",
        "Weight": 6,
        "Datetime": "2019-12-02T00:35:19"
      }, {
        "ID": 24545140,
        "User": {
          "Gender": "女",
          "MainBgPic": null,
          "AuthenticateCode": null,
          "AuthenticateName": null,
          "AuthenticateID": 0,
          "CityNames": null,
          "Describe": null,
          "AtteCount": 0,
          "ViolationCount": 0,
          "FansCount": 0,
          "UserAtte": false,
          "GoodAlbumCount": 0,
          "Popularity": 0,
          "UseHanbi": 0,
          "Close": false,
          "Black": false,
          "NoteName": null,
          "ID": 642662,
          "UserName": null,
          "NickName": "拾柒玥",
          "HeadUrl": "https://pic.hanfugou.com//android/2019/8/19/976a602969504930a9356c7bf2199cd8.jpg"
        },
        "TrendID": 2832102,
        "TopUserID": 1580662,
        "ObjectID": 90678,
        "ObjectType": "album",
        "Weight": 4,
        "Datetime": "2019-12-01T15:44:27"
      }, {
        "ID": 24540751,
        "User": {
          "Gender": "女",
          "MainBgPic": null,
          "AuthenticateCode": null,
          "AuthenticateName": null,
          "AuthenticateID": 0,
          "CityNames": null,
          "Describe": null,
          "AtteCount": 0,
          "ViolationCount": 0,
          "FansCount": 0,
          "UserAtte": false,
          "GoodAlbumCount": 0,
          "Popularity": 0,
          "UseHanbi": 0,
          "Close": false,
          "Black": false,
          "NoteName": null,
          "ID": 1603732,
          "UserName": null,
          "NickName": "三明制",
          "HeadUrl": "https://pic.hanfugou.com/android/2019/10/2/ba5e2fd604b84e1cb1a8890017ad498e.jpg"
        },
        "TrendID": 2832102,
        "TopUserID": 1580662,
        "ObjectID": 90678,
        "ObjectType": "album",
        "Weight": 6,
        "Datetime": "2019-12-01T13:51:09"
      }, {
        "ID": 24529555,
        "User": {
          "Gender": "女",
          "MainBgPic": null,
          "AuthenticateCode": null,
          "AuthenticateName": null,
          "AuthenticateID": 0,
          "CityNames": null,
          "Describe": null,
          "AtteCount": 0,
          "ViolationCount": 0,
          "FansCount": 0,
          "UserAtte": false,
          "GoodAlbumCount": 0,
          "Popularity": 0,
          "UseHanbi": 0,
          "Close": false,
          "Black": false,
          "NoteName": null,
          "ID": 1481192,
          "UserName": null,
          "NickName": "七月繁",
          "HeadUrl": "https://pic.hanfugou.com//android/2019/11/2/d634a86d0164442eb66c53510cf86713.png"
        },
        "TrendID": 2832102,
        "TopUserID": 1580662,
        "ObjectID": 90678,
        "ObjectType": "album",
        "Weight": 5,
        "Datetime": "2019-12-01T10:38:20"
      }, {
        "ID": 24484717,
        "User": {
          "Gender": "女",
          "MainBgPic": null,
          "AuthenticateCode": null,
          "AuthenticateName": null,
          "AuthenticateID": 0,
          "CityNames": null,
          "Describe": null,
          "AtteCount": 0,
          "ViolationCount": 0,
          "FansCount": 0,
          "UserAtte": false,
          "GoodAlbumCount": 0,
          "Popularity": 0,
          "UseHanbi": 0,
          "Close": false,
          "Black": false,
          "NoteName": null,
          "ID": 961647,
          "UserName": null,
          "NickName": "菁栀",
          "HeadUrl": "https://pic.hanfugou.com//android/2019/10/30/20de32af60e14455ae3363a20022c92e.png"
        },
        "TrendID": 2832102,
        "TopUserID": 1580662,
        "ObjectID": 90678,
        "ObjectType": "album",
        "Weight": 4,
        "Datetime": "2019-11-30T12:27:31"
      }, {
        "ID": 24430666,
        "User": {
          "Gender": "女",
          "MainBgPic": null,
          "AuthenticateCode": null,
          "AuthenticateName": null,
          "AuthenticateID": 0,
          "CityNames": null,
          "Describe": null,
          "AtteCount": 0,
          "ViolationCount": 0,
          "FansCount": 0,
          "UserAtte": false,
          "GoodAlbumCount": 0,
          "Popularity": 0,
          "UseHanbi": 0,
          "Close": false,
          "Black": false,
          "NoteName": null,
          "ID": 284943,
          "UserName": null,
          "NickName": "幽光",
          "HeadUrl": "https://pic.hanfugou.com/android/2018/8/25/3e1532c2de4f4e15a3fe94345a09c9c4.jpg"
        },
        "TrendID": 2832102,
        "TopUserID": 1580662,
        "ObjectID": 90678,
        "ObjectType": "album",
        "Weight": 5,
        "Datetime": "2019-11-29T00:02:04"
      }, {
        "ID": 24392638,
        "User": {
          "Gender": "女",
          "MainBgPic": null,
          "AuthenticateCode": null,
          "AuthenticateName": null,
          "AuthenticateID": 0,
          "CityNames": null,
          "Describe": null,
          "AtteCount": 0,
          "ViolationCount": 0,
          "FansCount": 0,
          "UserAtte": false,
          "GoodAlbumCount": 0,
          "Popularity": 0,
          "UseHanbi": 0,
          "Close": false,
          "Black": false,
          "NoteName": null,
          "ID": 1224267,
          "UserName": null,
          "NickName": "雅馨汉服",
          "HeadUrl": "https://pic.hanfugou.com/ios/2019/6/10/17/8/156015770066952.jpg"
        },
        "TrendID": 2832102,
        "TopUserID": 1580662,
        "ObjectID": 90678,
        "ObjectType": "album",
        "Weight": 6,
        "Datetime": "2019-11-27T21:57:16"
      }] :
      (_req.query.objectid && _req.query.objecttype == 'album') ? [{
        "ID": 25284701,
        "User": {
          "Gender": "女",
          "MainBgPic": null,
          "AuthenticateCode": null,
          "AuthenticateName": null,
          "AuthenticateID": 0,
          "CityNames": null,
          "Describe": null,
          "AtteCount": 0,
          "ViolationCount": 0,
          "FansCount": 0,
          "UserAtte": false,
          "GoodAlbumCount": 0,
          "Popularity": 0,
          "UseHanbi": 0,
          "Close": false,
          "Black": false,
          "NoteName": null,
          "ID": 1500516,
          "UserName": null,
          "NickName": "三书六聘",
          "HeadUrl": "https://pic.hanfugou.com/pc/2015/12/3/21/b7a0c03d449e4110863b9f804bdf8c38.jpg"
        },
        "TrendID": 2850356,
        "TopUserID": 99513,
        "ObjectID": 91222,
        "ObjectType": "album",
        "Weight": 4,
        "Datetime": "2019-12-25T11:27:38"
      }, {
        "ID": 25284374,
        "User": {
          "Gender": "女",
          "MainBgPic": null,
          "AuthenticateCode": null,
          "AuthenticateName": null,
          "AuthenticateID": 0,
          "CityNames": null,
          "Describe": null,
          "AtteCount": 0,
          "ViolationCount": 0,
          "FansCount": 0,
          "UserAtte": false,
          "GoodAlbumCount": 0,
          "Popularity": 0,
          "UseHanbi": 0,
          "Close": false,
          "Black": false,
          "NoteName": null,
          "ID": 583410,
          "UserName": null,
          "NickName": "阿仓",
          "HeadUrl": "https://pic.hanfugou.com/pc/2015/12/3/21/b7a0c03d449e4110863b9f804bdf8c38.jpg"
        },
        "TrendID": 2850356,
        "TopUserID": 99513,
        "ObjectID": 91222,
        "ObjectType": "album",
        "Weight": 6,
        "Datetime": "2019-12-25T11:15:29"
      }, {
        "ID": 25282331,
        "User": {
          "Gender": "男",
          "MainBgPic": null,
          "AuthenticateCode": null,
          "AuthenticateName": null,
          "AuthenticateID": 0,
          "CityNames": null,
          "Describe": null,
          "AtteCount": 0,
          "ViolationCount": 0,
          "FansCount": 0,
          "UserAtte": false,
          "GoodAlbumCount": 0,
          "Popularity": 0,
          "UseHanbi": 0,
          "Close": false,
          "Black": false,
          "NoteName": null,
          "ID": 1694906,
          "UserName": null,
          "NickName": "心向而往之Sun",
          "HeadUrl": "https://pic.hanfugou.com/android/2019/11/25/23673922a27843cfa0cc9173eeb1ccb8.jpg"
        },
        "TrendID": 2850356,
        "TopUserID": 99513,
        "ObjectID": 91222,
        "ObjectType": "album",
        "Weight": 6,
        "Datetime": "2019-12-25T09:19:01"
      }, {
        "ID": 25281703,
        "User": {
          "Gender": "女",
          "MainBgPic": null,
          "AuthenticateCode": null,
          "AuthenticateName": null,
          "AuthenticateID": 0,
          "CityNames": null,
          "Describe": null,
          "AtteCount": 0,
          "ViolationCount": 0,
          "FansCount": 0,
          "UserAtte": false,
          "GoodAlbumCount": 0,
          "Popularity": 0,
          "UseHanbi": 0,
          "Close": false,
          "Black": false,
          "NoteName": null,
          "ID": 770642,
          "UserName": null,
          "NickName": ".想让月亮摘星星",
          "HeadUrl": "https://pic.hanfugou.com/android/2019/2/24/ac19f9b9041f47ea8b30c0769a752536.jpg"
        },
        "TrendID": 2850356,
        "TopUserID": 99513,
        "ObjectID": 91222,
        "ObjectType": "album",
        "Weight": 4,
        "Datetime": "2019-12-25T08:21:39"
      }, {
        "ID": 25279615,
        "User": {
          "Gender": "女",
          "MainBgPic": null,
          "AuthenticateCode": null,
          "AuthenticateName": null,
          "AuthenticateID": 0,
          "CityNames": null,
          "Describe": null,
          "AtteCount": 0,
          "ViolationCount": 0,
          "FansCount": 0,
          "UserAtte": false,
          "GoodAlbumCount": 0,
          "Popularity": 0,
          "UseHanbi": 0,
          "Close": false,
          "Black": false,
          "NoteName": null,
          "ID": 485865,
          "UserName": null,
          "NickName": "興樂.",
          "HeadUrl": "https://pic.hanfugou.com/android/2019/4/6/8f869d5b0be94dd499afac0bcfbc4d88.jpg"
        },
        "TrendID": 2850356,
        "TopUserID": 99513,
        "ObjectID": 91222,
        "ObjectType": "album",
        "Weight": 4,
        "Datetime": "2019-12-25T05:15:45"
      }, {
        "ID": 25279173,
        "User": {
          "Gender": "女",
          "MainBgPic": null,
          "AuthenticateCode": null,
          "AuthenticateName": null,
          "AuthenticateID": 0,
          "CityNames": null,
          "Describe": null,
          "AtteCount": 0,
          "ViolationCount": 0,
          "FansCount": 0,
          "UserAtte": false,
          "GoodAlbumCount": 0,
          "Popularity": 0,
          "UseHanbi": 0,
          "Close": false,
          "Black": false,
          "NoteName": null,
          "ID": 1680389,
          "UserName": null,
          "NickName": "酒巷假相",
          "HeadUrl": "https://pic.hanfugou.com/android/2019/11/16/9ed363ae33744533bdb0c65c01de4720.jpg"
        },
        "TrendID": 2850356,
        "TopUserID": 99513,
        "ObjectID": 91222,
        "ObjectType": "album",
        "Weight": 6,
        "Datetime": "2019-12-25T01:29:04"
      }, {
        "ID": 25268809,
        "User": {
          "Gender": "女",
          "MainBgPic": null,
          "AuthenticateCode": null,
          "AuthenticateName": null,
          "AuthenticateID": 0,
          "CityNames": null,
          "Describe": null,
          "AtteCount": 0,
          "ViolationCount": 0,
          "FansCount": 0,
          "UserAtte": false,
          "GoodAlbumCount": 0,
          "Popularity": 0,
          "UseHanbi": 0,
          "Close": false,
          "Black": false,
          "NoteName": null,
          "ID": 366564,
          "UserName": null,
          "NickName": "桃子手作坊（簪娘）",
          "HeadUrl": "https://pic.hanfugou.com/android/2019/6/19/58e30d32e5374961af14042d3952e759.jpg"
        },
        "TrendID": 2850356,
        "TopUserID": 99513,
        "ObjectID": 91222,
        "ObjectType": "album",
        "Weight": 6,
        "Datetime": "2019-12-24T22:03:27"
      }, {
        "ID": 25266426,
        "User": {
          "Gender": "女",
          "MainBgPic": null,
          "AuthenticateCode": null,
          "AuthenticateName": null,
          "AuthenticateID": 0,
          "CityNames": null,
          "Describe": null,
          "AtteCount": 0,
          "ViolationCount": 0,
          "FansCount": 0,
          "UserAtte": false,
          "GoodAlbumCount": 0,
          "Popularity": 0,
          "UseHanbi": 0,
          "Close": false,
          "Black": false,
          "NoteName": null,
          "ID": 18904,
          "UserName": null,
          "NickName": "容容荣荣",
          "HeadUrl": "https://pic.hanfugou.com/collect/2015/6/3/2/010be9b2b5a04ef5840bd4c5336614ea.jpg"
        },
        "TrendID": 2850356,
        "TopUserID": 99513,
        "ObjectID": 91222,
        "ObjectType": "album",
        "Weight": 4,
        "Datetime": "2019-12-24T21:02:37"
      }, {
        "ID": 25264494,
        "User": {
          "Gender": "女",
          "MainBgPic": null,
          "AuthenticateCode": null,
          "AuthenticateName": null,
          "AuthenticateID": 0,
          "CityNames": null,
          "Describe": null,
          "AtteCount": 0,
          "ViolationCount": 0,
          "FansCount": 0,
          "UserAtte": false,
          "GoodAlbumCount": 0,
          "Popularity": 0,
          "UseHanbi": 0,
          "Close": false,
          "Black": false,
          "NoteName": null,
          "ID": 1213964,
          "UserName": null,
          "NickName": "你的叶子啊",
          "HeadUrl": "https://pic.hanfugou.com/android/2019/5/8/326facb37a1c484ba24a443499904a09.jpg"
        },
        "TrendID": 2850356,
        "TopUserID": 99513,
        "ObjectID": 91222,
        "ObjectType": "album",
        "Weight": 6,
        "Datetime": "2019-12-24T20:00:53"
      }, {
        "ID": 25261465,
        "User": {
          "Gender": "女",
          "MainBgPic": null,
          "AuthenticateCode": null,
          "AuthenticateName": null,
          "AuthenticateID": 0,
          "CityNames": null,
          "Describe": null,
          "AtteCount": 0,
          "ViolationCount": 0,
          "FansCount": 0,
          "UserAtte": false,
          "GoodAlbumCount": 0,
          "Popularity": 0,
          "UseHanbi": 0,
          "Close": false,
          "Black": false,
          "NoteName": null,
          "ID": 608492,
          "UserName": null,
          "NickName": "婪酒",
          "HeadUrl": "https://pic.hanfugou.com//android/2019/10/5/5005383546ba48ddaf9282377aac6828.jpg"
        },
        "TrendID": 2850356,
        "TopUserID": 99513,
        "ObjectID": 91222,
        "ObjectType": "album",
        "Weight": 6,
        "Datetime": "2019-12-24T18:31:59"
      }] :
      (_req.query.objectid == '38885' && _req.query.objecttype == 'video') ? [{
        "ID": 25270060,
        "User": {
          "Gender": "女",
          "MainBgPic": null,
          "AuthenticateCode": null,
          "AuthenticateName": null,
          "AuthenticateID": 0,
          "CityNames": null,
          "Describe": null,
          "AtteCount": 0,
          "ViolationCount": 0,
          "FansCount": 0,
          "UserAtte": false,
          "GoodAlbumCount": 0,
          "Popularity": 0,
          "UseHanbi": 0,
          "Close": false,
          "Black": false,
          "NoteName": null,
          "ID": 1669575,
          "UserName": null,
          "NickName": "凤归陌予",
          "HeadUrl": "http://pic.hanfugou.com/android/2019/11/10/4e30735030cf4dda8ccbcd61e6ac68f1.jpg"
        },
        "TrendID": 2743431,
        "TopUserID": 19494,
        "ObjectID": 38885,
        "ObjectType": "video",
        "Weight": 5,
        "Datetime": "2019-12-24T22:36:46"
      }, {
        "ID": 25208318,
        "User": {
          "Gender": "女",
          "MainBgPic": null,
          "AuthenticateCode": null,
          "AuthenticateName": null,
          "AuthenticateID": 0,
          "CityNames": null,
          "Describe": null,
          "AtteCount": 0,
          "ViolationCount": 0,
          "FansCount": 0,
          "UserAtte": false,
          "GoodAlbumCount": 0,
          "Popularity": 0,
          "UseHanbi": 0,
          "Close": false,
          "Black": false,
          "NoteName": null,
          "ID": 1690478,
          "UserName": null,
          "NickName": "仙府书女1",
          "HeadUrl": "http://pic.hanfugou.com/android/2019/11/22/5eb8e23cfa47494695e8561b004f8a06.jpg"
        },
        "TrendID": 2743431,
        "TopUserID": 19494,
        "ObjectID": 38885,
        "ObjectType": "video",
        "Weight": 5,
        "Datetime": "2019-12-22T20:01:21"
      }, {
        "ID": 25175708,
        "User": {
          "Gender": "女",
          "MainBgPic": null,
          "AuthenticateCode": null,
          "AuthenticateName": null,
          "AuthenticateID": 0,
          "CityNames": null,
          "Describe": null,
          "AtteCount": 0,
          "ViolationCount": 0,
          "FansCount": 0,
          "UserAtte": false,
          "GoodAlbumCount": 0,
          "Popularity": 0,
          "UseHanbi": 0,
          "Close": false,
          "Black": false,
          "NoteName": null,
          "ID": 483074,
          "UserName": null,
          "NickName": "沙雕暴躁橘子",
          "HeadUrl": "http://pic.hanfugou.com/android/2019/1/7/77505701877a47d8bf64a4c25e4bc1d4.jpg"
        },
        "TrendID": 2743431,
        "TopUserID": 19494,
        "ObjectID": 38885,
        "ObjectType": "video",
        "Weight": 5,
        "Datetime": "2019-12-22T00:34:02"
      }, {
        "ID": 25149147,
        "User": {
          "Gender": "男",
          "MainBgPic": null,
          "AuthenticateCode": null,
          "AuthenticateName": null,
          "AuthenticateID": 0,
          "CityNames": null,
          "Describe": null,
          "AtteCount": 0,
          "ViolationCount": 0,
          "FansCount": 0,
          "UserAtte": false,
          "GoodAlbumCount": 0,
          "Popularity": 0,
          "UseHanbi": 0,
          "Close": false,
          "Black": false,
          "NoteName": null,
          "ID": 993425,
          "UserName": null,
          "NickName": "复西归",
          "HeadUrl": "http://pic.hanfugou.com/pc/2015/12/3/21/b7a0c03d449e4110863b9f804bdf8c38.jpg"
        },
        "TrendID": 2743431,
        "TopUserID": 19494,
        "ObjectID": 38885,
        "ObjectType": "video",
        "Weight": 5,
        "Datetime": "2019-12-21T14:12:47"
      }, {
        "ID": 25103690,
        "User": {
          "Gender": "女",
          "MainBgPic": null,
          "AuthenticateCode": null,
          "AuthenticateName": null,
          "AuthenticateID": 0,
          "CityNames": null,
          "Describe": null,
          "AtteCount": 0,
          "ViolationCount": 0,
          "FansCount": 0,
          "UserAtte": false,
          "GoodAlbumCount": 0,
          "Popularity": 0,
          "UseHanbi": 0,
          "Close": false,
          "Black": false,
          "NoteName": null,
          "ID": 1683003,
          "UserName": null,
          "NickName": "段长风",
          "HeadUrl": "http://pic.hanfugou.com//android/2019/11/18/3da1285a508a43ceb55790379d02137c.jpg"
        },
        "TrendID": 2743431,
        "TopUserID": 19494,
        "ObjectID": 38885,
        "ObjectType": "video",
        "Weight": 5,
        "Datetime": "2019-12-20T00:00:37"
      }, {
        "ID": 25089503,
        "User": {
          "Gender": "女",
          "MainBgPic": null,
          "AuthenticateCode": null,
          "AuthenticateName": null,
          "AuthenticateID": 0,
          "CityNames": null,
          "Describe": null,
          "AtteCount": 0,
          "ViolationCount": 0,
          "FansCount": 0,
          "UserAtte": false,
          "GoodAlbumCount": 0,
          "Popularity": 0,
          "UseHanbi": 0,
          "Close": false,
          "Black": false,
          "NoteName": null,
          "ID": 800356,
          "UserName": null,
          "NickName": "夜音",
          "HeadUrl": "http://pic.hanfugou.com/android/2019/5/20/59240b11cd134265aced35ce102da699.jpg"
        },
        "TrendID": 2743431,
        "TopUserID": 19494,
        "ObjectID": 38885,
        "ObjectType": "video",
        "Weight": 3,
        "Datetime": "2019-12-19T16:48:11"
      }, {
        "ID": 25076161,
        "User": {
          "Gender": "女",
          "MainBgPic": null,
          "AuthenticateCode": null,
          "AuthenticateName": null,
          "AuthenticateID": 0,
          "CityNames": null,
          "Describe": null,
          "AtteCount": 0,
          "ViolationCount": 0,
          "FansCount": 0,
          "UserAtte": false,
          "GoodAlbumCount": 0,
          "Popularity": 0,
          "UseHanbi": 0,
          "Close": false,
          "Black": false,
          "NoteName": null,
          "ID": 1512328,
          "UserName": null,
          "NickName": "陈胜雨",
          "HeadUrl": "http://pic.hanfugou.com//android/2019/9/30/4660d2deb8324d7bae161c9e5814910b.jpg"
        },
        "TrendID": 2743431,
        "TopUserID": 19494,
        "ObjectID": 38885,
        "ObjectType": "video",
        "Weight": 5,
        "Datetime": "2019-12-18T23:59:48"
      }, {
        "ID": 25050719,
        "User": {
          "Gender": "女",
          "MainBgPic": null,
          "AuthenticateCode": null,
          "AuthenticateName": null,
          "AuthenticateID": 0,
          "CityNames": null,
          "Describe": null,
          "AtteCount": 0,
          "ViolationCount": 0,
          "FansCount": 0,
          "UserAtte": false,
          "GoodAlbumCount": 0,
          "Popularity": 0,
          "UseHanbi": 0,
          "Close": false,
          "Black": false,
          "NoteName": null,
          "ID": 289881,
          "UserName": null,
          "NickName": "可乐味果冻",
          "HeadUrl": "http://pic.hanfugou.com/android/2019/3/25/9cf78c1a27c345a495d74ef4fd9e6511.jpg"
        },
        "TrendID": 2743431,
        "TopUserID": 19494,
        "ObjectID": 38885,
        "ObjectType": "video",
        "Weight": 4,
        "Datetime": "2019-12-18T07:13:53"
      }, {
        "ID": 25011580,
        "User": {
          "Gender": "男",
          "MainBgPic": null,
          "AuthenticateCode": null,
          "AuthenticateName": null,
          "AuthenticateID": 0,
          "CityNames": null,
          "Describe": null,
          "AtteCount": 0,
          "ViolationCount": 0,
          "FansCount": 0,
          "UserAtte": false,
          "GoodAlbumCount": 0,
          "Popularity": 0,
          "UseHanbi": 0,
          "Close": false,
          "Black": false,
          "NoteName": null,
          "ID": 30023,
          "UserName": null,
          "NickName": "閑風拂雲",
          "HeadUrl": "http://pic.hanfugou.com/secret/2016/4/25/23/b497948acb85497080fe7af83113982c.jpg"
        },
        "TrendID": 2743431,
        "TopUserID": 19494,
        "ObjectID": 38885,
        "ObjectType": "video",
        "Weight": 5,
        "Datetime": "2019-12-16T19:28:55"
      }, {
        "ID": 25006854,
        "User": {
          "Gender": "男",
          "MainBgPic": null,
          "AuthenticateCode": null,
          "AuthenticateName": null,
          "AuthenticateID": 0,
          "CityNames": null,
          "Describe": null,
          "AtteCount": 0,
          "ViolationCount": 0,
          "FansCount": 0,
          "UserAtte": false,
          "GoodAlbumCount": 0,
          "Popularity": 0,
          "UseHanbi": 0,
          "Close": false,
          "Black": false,
          "NoteName": null,
          "ID": 260518,
          "UserName": null,
          "NickName": "墨辞君兮",
          "HeadUrl": "http://pic.hanfugou.com/android/2019/6/14/42ed992a9bc844e6afe7f90417aa1de9.jpg"
        },
        "TrendID": 2743431,
        "TopUserID": 19494,
        "ObjectID": 38885,
        "ObjectType": "video",
        "Weight": 5,
        "Datetime": "2019-12-16T15:05:23"
      }] : (_req.query.objectid && _req.query.objecttype == 'video') ? [{
        "ID": 25244739,
        "User": {
          "Gender": "女",
          "MainBgPic": null,
          "AuthenticateCode": null,
          "AuthenticateName": null,
          "AuthenticateID": 0,
          "CityNames": null,
          "Describe": null,
          "AtteCount": 0,
          "ViolationCount": 0,
          "FansCount": 0,
          "UserAtte": false,
          "GoodAlbumCount": 0,
          "Popularity": 0,
          "UseHanbi": 0,
          "Close": false,
          "Black": false,
          "NoteName": null,
          "ID": 470333,
          "UserName": null,
          "NickName": "想开店的辞语",
          "HeadUrl": "https://pic.hanfugou.com/ios/2019/12/11/16/45/157605392265767.jpg"
        },
        "TrendID": 2403021,
        "TopUserID": 424381,
        "ObjectID": 30932,
        "ObjectType": "video",
        "Weight": 1,
        "Datetime": "2019-12-23T22:49:13"
      }, {
        "ID": 25214844,
        "User": {
          "Gender": "女",
          "MainBgPic": null,
          "AuthenticateCode": null,
          "AuthenticateName": null,
          "AuthenticateID": 0,
          "CityNames": null,
          "Describe": null,
          "AtteCount": 0,
          "ViolationCount": 0,
          "FansCount": 0,
          "UserAtte": false,
          "GoodAlbumCount": 0,
          "Popularity": 0,
          "UseHanbi": 0,
          "Close": false,
          "Black": false,
          "NoteName": null,
          "ID": 1677284,
          "UserName": null,
          "NickName": "曲柒蕊",
          "HeadUrl": "https://pic.hanfugou.com//android/2019/11/19/f940eac37cfa400889aa8bf010e8ee44.jpg"
        },
        "TrendID": 2403021,
        "TopUserID": 424381,
        "ObjectID": 30932,
        "ObjectType": "video",
        "Weight": 0,
        "Datetime": "2019-12-22T22:25:50"
      }, {
        "ID": 25069949,
        "User": {
          "Gender": "女",
          "MainBgPic": null,
          "AuthenticateCode": null,
          "AuthenticateName": null,
          "AuthenticateID": 0,
          "CityNames": null,
          "Describe": null,
          "AtteCount": 0,
          "ViolationCount": 0,
          "FansCount": 0,
          "UserAtte": false,
          "GoodAlbumCount": 0,
          "Popularity": 0,
          "UseHanbi": 0,
          "Close": false,
          "Black": false,
          "NoteName": null,
          "ID": 1674068,
          "UserName": null,
          "NickName": "紫晶梦若纨",
          "HeadUrl": "https://pic.hanfugou.com/android/2019/11/13/8c10a319a4c2414da5933344a749b607.jpg"
        },
        "TrendID": 2403021,
        "TopUserID": 424381,
        "ObjectID": 30932,
        "ObjectType": "video",
        "Weight": 3,
        "Datetime": "2019-12-18T21:20:19"
      }, {
        "ID": 24904589,
        "User": {
          "Gender": "女",
          "MainBgPic": null,
          "AuthenticateCode": null,
          "AuthenticateName": null,
          "AuthenticateID": 0,
          "CityNames": null,
          "Describe": null,
          "AtteCount": 0,
          "ViolationCount": 0,
          "FansCount": 0,
          "UserAtte": false,
          "GoodAlbumCount": 0,
          "Popularity": 0,
          "UseHanbi": 0,
          "Close": false,
          "Black": false,
          "NoteName": null,
          "ID": 1110854,
          "UserName": null,
          "NickName": "慕~梓",
          "HeadUrl": "https://pic.hanfugou.com/android/2019/4/15/5e65d25c070a4ab99374e9dfc29576d7.jpg"
        },
        "TrendID": 2403021,
        "TopUserID": 424381,
        "ObjectID": 30932,
        "ObjectType": "video",
        "Weight": 3,
        "Datetime": "2019-12-14T12:18:52"
      }, {
        "ID": 24889682,
        "User": {
          "Gender": "女",
          "MainBgPic": null,
          "AuthenticateCode": null,
          "AuthenticateName": null,
          "AuthenticateID": 0,
          "CityNames": null,
          "Describe": null,
          "AtteCount": 0,
          "ViolationCount": 0,
          "FansCount": 0,
          "UserAtte": false,
          "GoodAlbumCount": 0,
          "Popularity": 0,
          "UseHanbi": 0,
          "Close": false,
          "Black": false,
          "NoteName": null,
          "ID": 168817,
          "UserName": null,
          "NickName": "苏与秦",
          "HeadUrl": "https://pic.hanfugou.com/android/2019/2/6/41b23c0f8bec4a2c9b75e6d0b5c83558.jpg"
        },
        "TrendID": 2403021,
        "TopUserID": 424381,
        "ObjectID": 30932,
        "ObjectType": "video",
        "Weight": 0,
        "Datetime": "2019-12-13T23:27:19"
      }, {
        "ID": 24801342,
        "User": {
          "Gender": "女",
          "MainBgPic": null,
          "AuthenticateCode": null,
          "AuthenticateName": null,
          "AuthenticateID": 0,
          "CityNames": null,
          "Describe": null,
          "AtteCount": 0,
          "ViolationCount": 0,
          "FansCount": 0,
          "UserAtte": false,
          "GoodAlbumCount": 0,
          "Popularity": 0,
          "UseHanbi": 0,
          "Close": false,
          "Black": false,
          "NoteName": null,
          "ID": 1653359,
          "UserName": null,
          "NickName": "PASTRY",
          "HeadUrl": "https://pic.hanfugou.com/android/2019/11/1/440fe220ebe14308acc0c6e9c472ac74.jpg"
        },
        "TrendID": 2403021,
        "TopUserID": 424381,
        "ObjectID": 30932,
        "ObjectType": "video",
        "Weight": 0,
        "Datetime": "2019-12-10T17:17:24"
      }, {
        "ID": 24792249,
        "User": {
          "Gender": "女",
          "MainBgPic": null,
          "AuthenticateCode": null,
          "AuthenticateName": null,
          "AuthenticateID": 0,
          "CityNames": null,
          "Describe": null,
          "AtteCount": 0,
          "ViolationCount": 0,
          "FansCount": 0,
          "UserAtte": false,
          "GoodAlbumCount": 0,
          "Popularity": 0,
          "UseHanbi": 0,
          "Close": false,
          "Black": false,
          "NoteName": null,
          "ID": 1651081,
          "UserName": null,
          "NickName": "祈歌婉华",
          "HeadUrl": "https://pic.hanfugou.com//android/2019/11/6/0f2187ecbaae4e62ae226bb2595ba95f.jpg"
        },
        "TrendID": 2403021,
        "TopUserID": 424381,
        "ObjectID": 30932,
        "ObjectType": "video",
        "Weight": 4,
        "Datetime": "2019-12-10T06:17:13"
      }, {
        "ID": 24683846,
        "User": {
          "Gender": "女",
          "MainBgPic": null,
          "AuthenticateCode": null,
          "AuthenticateName": null,
          "AuthenticateID": 0,
          "CityNames": null,
          "Describe": null,
          "AtteCount": 0,
          "ViolationCount": 0,
          "FansCount": 0,
          "UserAtte": false,
          "GoodAlbumCount": 0,
          "Popularity": 0,
          "UseHanbi": 0,
          "Close": false,
          "Black": false,
          "NoteName": null,
          "ID": 1189254,
          "UserName": null,
          "NickName": "、、、、、M",
          "HeadUrl": "https://pic.hanfugou.com/android/2019/5/2/f530f0777e264a25a88fdc952aa6d9b8.jpg"
        },
        "TrendID": 2403021,
        "TopUserID": 424381,
        "ObjectID": 30932,
        "ObjectType": "video",
        "Weight": 1,
        "Datetime": "2019-12-06T23:26:10"
      }, {
        "ID": 24583671,
        "User": {
          "Gender": "女",
          "MainBgPic": null,
          "AuthenticateCode": null,
          "AuthenticateName": null,
          "AuthenticateID": 0,
          "CityNames": null,
          "Describe": null,
          "AtteCount": 0,
          "ViolationCount": 0,
          "FansCount": 0,
          "UserAtte": false,
          "GoodAlbumCount": 0,
          "Popularity": 0,
          "UseHanbi": 0,
          "Close": false,
          "Black": false,
          "NoteName": null,
          "ID": 1042109,
          "UserName": null,
          "NickName": "饴糖x",
          "HeadUrl": "https://pic.hanfugou.com/android/2019/4/3/d47b74e305cb4c1199eabf90996718d8.jpg"
        },
        "TrendID": 2403021,
        "TopUserID": 424381,
        "ObjectID": 30932,
        "ObjectType": "video",
        "Weight": 0,
        "Datetime": "2019-12-02T19:06:52"
      }, {
        "ID": 24106454,
        "User": {
          "Gender": "女",
          "MainBgPic": null,
          "AuthenticateCode": null,
          "AuthenticateName": null,
          "AuthenticateID": 0,
          "CityNames": null,
          "Describe": null,
          "AtteCount": 0,
          "ViolationCount": 0,
          "FansCount": 0,
          "UserAtte": false,
          "GoodAlbumCount": 0,
          "Popularity": 0,
          "UseHanbi": 0,
          "Close": false,
          "Black": false,
          "NoteName": null,
          "ID": 1184259,
          "UserName": null,
          "NickName": "开物·咕咕",
          "HeadUrl": "https://pic.hanfugou.com/ios/2019/6/2/2/30/155941381976228.jpg"
        },
        "TrendID": 2403021,
        "TopUserID": 424381,
        "ObjectID": 30932,
        "ObjectType": "video",
        "Weight": 4,
        "Datetime": "2019-11-17T02:13:28"
      }] :
      (_req.query.objectid == '4536' && _req.query.objecttype == 'word') ? [{
        "ID": 25291483,
        "User": {
          "Gender": "女",
          "MainBgPic": null,
          "AuthenticateCode": null,
          "AuthenticateName": null,
          "AuthenticateID": 0,
          "CityNames": null,
          "Describe": null,
          "AtteCount": 0,
          "ViolationCount": 0,
          "FansCount": 0,
          "UserAtte": false,
          "GoodAlbumCount": 0,
          "Popularity": 0,
          "UseHanbi": 0,
          "Close": false,
          "Black": false,
          "NoteName": null,
          "ID": 234012,
          "UserName": null,
          "NickName": "晨隐",
          "HeadUrl": "http://pic.hanfugou.com//android/2019/10/21/e6db264c4fbb420b88ee7674a6c743c7.jpg"
        },
        "TrendID": 2960760,
        "TopUserID": 137,
        "ObjectID": 4536,
        "ObjectType": "word",
        "Weight": 2,
        "Datetime": "2019-12-25T16:24:39"
      }, {
        "ID": 25263119,
        "User": {
          "Gender": "男",
          "MainBgPic": null,
          "AuthenticateCode": null,
          "AuthenticateName": null,
          "AuthenticateID": 0,
          "CityNames": null,
          "Describe": null,
          "AtteCount": 0,
          "ViolationCount": 0,
          "FansCount": 0,
          "UserAtte": false,
          "GoodAlbumCount": 0,
          "Popularity": 0,
          "UseHanbi": 0,
          "Close": false,
          "Black": false,
          "NoteName": null,
          "ID": 238031,
          "UserName": null,
          "NickName": "皇玖",
          "HeadUrl": "http://pic.hanfugou.com//android/2019/11/24/0c6e510916aa4806afd968cedf09bbac.jpg"
        },
        "TrendID": 2960760,
        "TopUserID": 137,
        "ObjectID": 4536,
        "ObjectType": "word",
        "Weight": 4,
        "Datetime": "2019-12-24T19:20:31"
      }, {
        "ID": 25262667,
        "User": {
          "Gender": "女",
          "MainBgPic": null,
          "AuthenticateCode": null,
          "AuthenticateName": null,
          "AuthenticateID": 0,
          "CityNames": null,
          "Describe": null,
          "AtteCount": 0,
          "ViolationCount": 0,
          "FansCount": 0,
          "UserAtte": false,
          "GoodAlbumCount": 0,
          "Popularity": 0,
          "UseHanbi": 0,
          "Close": false,
          "Black": false,
          "NoteName": null,
          "ID": 738245,
          "UserName": null,
          "NickName": "云鹿居原创汉服店",
          "HeadUrl": "http://pic.hanfugou.com//android/2019/7/11/78b3a5959c544d6d857c6817be8432c0.png"
        },
        "TrendID": 2960760,
        "TopUserID": 137,
        "ObjectID": 4536,
        "ObjectType": "word",
        "Weight": 5,
        "Datetime": "2019-12-24T19:04:15"
      }, {
        "ID": 25261152,
        "User": {
          "Gender": "女",
          "MainBgPic": null,
          "AuthenticateCode": null,
          "AuthenticateName": null,
          "AuthenticateID": 0,
          "CityNames": null,
          "Describe": null,
          "AtteCount": 0,
          "ViolationCount": 0,
          "FansCount": 0,
          "UserAtte": false,
          "GoodAlbumCount": 0,
          "Popularity": 0,
          "UseHanbi": 0,
          "Close": false,
          "Black": false,
          "NoteName": null,
          "ID": 1392805,
          "UserName": null,
          "NickName": "大明负婆呐",
          "HeadUrl": "http://pic.hanfugou.com/ios/2019/8/9/22/56/156536260601457.jpg"
        },
        "TrendID": 2960760,
        "TopUserID": 137,
        "ObjectID": 4536,
        "ObjectType": "word",
        "Weight": 2,
        "Datetime": "2019-12-24T18:20:32"
      }, {
        "ID": 25257735,
        "User": {
          "Gender": "女",
          "MainBgPic": null,
          "AuthenticateCode": "kol",
          "AuthenticateName": null,
          "AuthenticateID": 0,
          "CityNames": null,
          "Describe": null,
          "AtteCount": 0,
          "ViolationCount": 0,
          "FansCount": 0,
          "UserAtte": false,
          "GoodAlbumCount": 0,
          "Popularity": 0,
          "UseHanbi": 0,
          "Close": false,
          "Black": false,
          "NoteName": null,
          "ID": 1694010,
          "UserName": null,
          "NickName": "黄泉萝",
          "HeadUrl": "http://pic.hanfugou.com/android/2019/11/24/6fbac8b0e4a94f7499aafed0a33e2dd0.jpg"
        },
        "TrendID": 2960760,
        "TopUserID": 137,
        "ObjectID": 4536,
        "ObjectType": "word",
        "Weight": 2,
        "Datetime": "2019-12-24T14:50:18"
      }, {
        "ID": 25250490,
        "User": {
          "Gender": "男",
          "MainBgPic": null,
          "AuthenticateCode": null,
          "AuthenticateName": null,
          "AuthenticateID": 0,
          "CityNames": null,
          "Describe": null,
          "AtteCount": 0,
          "ViolationCount": 0,
          "FansCount": 0,
          "UserAtte": false,
          "GoodAlbumCount": 0,
          "Popularity": 0,
          "UseHanbi": 0,
          "Close": false,
          "Black": false,
          "NoteName": null,
          "ID": 1580621,
          "UserName": null,
          "NickName": "是翱翱哟",
          "HeadUrl": "http://pic.hanfugou.com//android/2019/11/23/316054c4f07e4ee9a8c82f0dfdcc6629.jpg"
        },
        "TrendID": 2960760,
        "TopUserID": 137,
        "ObjectID": 4536,
        "ObjectType": "word",
        "Weight": 2,
        "Datetime": "2019-12-24T07:48:46"
      }, {
        "ID": 25249202,
        "User": {
          "Gender": "女",
          "MainBgPic": null,
          "AuthenticateCode": null,
          "AuthenticateName": null,
          "AuthenticateID": 0,
          "CityNames": null,
          "Describe": null,
          "AtteCount": 0,
          "ViolationCount": 0,
          "FansCount": 0,
          "UserAtte": false,
          "GoodAlbumCount": 0,
          "Popularity": 0,
          "UseHanbi": 0,
          "Close": false,
          "Black": false,
          "NoteName": null,
          "ID": 1378946,
          "UserName": null,
          "NickName": "墨轩逸官方客服小樱",
          "HeadUrl": "http://pic.hanfugou.com//android/2019/7/19/e675125967d7493d856d369d3ec50774.jpg"
        },
        "TrendID": 2960760,
        "TopUserID": 137,
        "ObjectID": 4536,
        "ObjectType": "word",
        "Weight": 2,
        "Datetime": "2019-12-24T06:13:32"
      }, {
        "ID": 25236765,
        "User": {
          "Gender": "女",
          "MainBgPic": null,
          "AuthenticateCode": null,
          "AuthenticateName": null,
          "AuthenticateID": 0,
          "CityNames": null,
          "Describe": null,
          "AtteCount": 0,
          "ViolationCount": 0,
          "FansCount": 0,
          "UserAtte": false,
          "GoodAlbumCount": 0,
          "Popularity": 0,
          "UseHanbi": 0,
          "Close": false,
          "Black": false,
          "NoteName": null,
          "ID": 1691200,
          "UserName": null,
          "NickName": "風吹夜未",
          "HeadUrl": "http://pic.hanfugou.com/pc/2015/12/3/21/b7a0c03d449e4110863b9f804bdf8c38.jpg"
        },
        "TrendID": 2960760,
        "TopUserID": 137,
        "ObjectID": 4536,
        "ObjectType": "word",
        "Weight": 4,
        "Datetime": "2019-12-23T19:35:53"
      }, {
        "ID": 25221773,
        "User": {
          "Gender": "女",
          "MainBgPic": null,
          "AuthenticateCode": null,
          "AuthenticateName": null,
          "AuthenticateID": 0,
          "CityNames": null,
          "Describe": null,
          "AtteCount": 0,
          "ViolationCount": 0,
          "FansCount": 0,
          "UserAtte": false,
          "GoodAlbumCount": 0,
          "Popularity": 0,
          "UseHanbi": 0,
          "Close": false,
          "Black": false,
          "NoteName": null,
          "ID": 920668,
          "UserName": null,
          "NickName": "云梦双妯娌",
          "HeadUrl": "http://pic.hanfugou.com/android/2019/3/14/3273465d8cca4cc581af92ac37ba4ead.jpg"
        },
        "TrendID": 2960760,
        "TopUserID": 137,
        "ObjectID": 4536,
        "ObjectType": "word",
        "Weight": 2,
        "Datetime": "2019-12-23T04:46:24"
      }, {
        "ID": 25217934,
        "User": {
          "Gender": "女",
          "MainBgPic": null,
          "AuthenticateCode": null,
          "AuthenticateName": null,
          "AuthenticateID": 0,
          "CityNames": null,
          "Describe": null,
          "AtteCount": 0,
          "ViolationCount": 0,
          "FansCount": 0,
          "UserAtte": false,
          "GoodAlbumCount": 0,
          "Popularity": 0,
          "UseHanbi": 0,
          "Close": false,
          "Black": false,
          "NoteName": null,
          "ID": 1668513,
          "UserName": null,
          "NickName": "冷曌",
          "HeadUrl": "http://pic.hanfugou.com/android/2019/11/9/534b5bb513f34849a906a98899963d66.jpg"
        },
        "TrendID": 2960760,
        "TopUserID": 137,
        "ObjectID": 4536,
        "ObjectType": "word",
        "Weight": 3,
        "Datetime": "2019-12-22T23:29:15"
      }] : (_req.query.objectid && _req.query.objecttype == 'word') ? [{
        "ID": 25289997,
        "User": {
          "Gender": "女",
          "MainBgPic": null,
          "AuthenticateCode": null,
          "AuthenticateName": null,
          "AuthenticateID": 0,
          "CityNames": null,
          "Describe": null,
          "AtteCount": 0,
          "ViolationCount": 0,
          "FansCount": 0,
          "UserAtte": false,
          "GoodAlbumCount": 0,
          "Popularity": 0,
          "UseHanbi": 0,
          "Close": false,
          "Black": false,
          "NoteName": null,
          "ID": 1376344,
          "UserName": null,
          "NickName": "有钱哥哥的心头肉",
          "HeadUrl": "http://pic.hanfugou.com//android/2019/8/4/366ae8860a7e41a6a25a83ef69933897.jpg"
        },
        "TrendID": 2808187,
        "TopUserID": 918650,
        "ObjectID": 4477,
        "ObjectType": "word",
        "Weight": 4,
        "Datetime": "2019-12-25T14:13:11"
      }, {
        "ID": 25285721,
        "User": {
          "Gender": "女",
          "MainBgPic": null,
          "AuthenticateCode": null,
          "AuthenticateName": null,
          "AuthenticateID": 0,
          "CityNames": null,
          "Describe": null,
          "AtteCount": 0,
          "ViolationCount": 0,
          "FansCount": 0,
          "UserAtte": false,
          "GoodAlbumCount": 0,
          "Popularity": 0,
          "UseHanbi": 0,
          "Close": false,
          "Black": false,
          "NoteName": null,
          "ID": 1312101,
          "UserName": null,
          "NickName": "楚璇",
          "HeadUrl": "http://pic.hanfugou.com/pc/2015/12/3/21/b7a0c03d449e4110863b9f804bdf8c38.jpg"
        },
        "TrendID": 2808187,
        "TopUserID": 918650,
        "ObjectID": 4477,
        "ObjectType": "word",
        "Weight": 4,
        "Datetime": "2019-12-25T12:15:14"
      }, {
        "ID": 25285630,
        "User": {
          "Gender": "女",
          "MainBgPic": null,
          "AuthenticateCode": null,
          "AuthenticateName": null,
          "AuthenticateID": 0,
          "CityNames": null,
          "Describe": null,
          "AtteCount": 0,
          "ViolationCount": 0,
          "FansCount": 0,
          "UserAtte": false,
          "GoodAlbumCount": 0,
          "Popularity": 0,
          "UseHanbi": 0,
          "Close": false,
          "Black": false,
          "NoteName": null,
          "ID": 1345242,
          "UserName": null,
          "NickName": "颜家的小仙女",
          "HeadUrl": "http://pic.hanfugou.com/android/2019/6/16/9d1069bf195245c89123a1ccb497f34b.jpg"
        },
        "TrendID": 2808187,
        "TopUserID": 918650,
        "ObjectID": 4477,
        "ObjectType": "word",
        "Weight": 5,
        "Datetime": "2019-12-25T12:11:59"
      }, {
        "ID": 25279070,
        "User": {
          "Gender": "女",
          "MainBgPic": null,
          "AuthenticateCode": null,
          "AuthenticateName": null,
          "AuthenticateID": 0,
          "CityNames": null,
          "Describe": null,
          "AtteCount": 0,
          "ViolationCount": 0,
          "FansCount": 0,
          "UserAtte": false,
          "GoodAlbumCount": 0,
          "Popularity": 0,
          "UseHanbi": 0,
          "Close": false,
          "Black": false,
          "NoteName": null,
          "ID": 1457550,
          "UserName": null,
          "NickName": "穆颜白",
          "HeadUrl": "http://pic.hanfugou.com//android/2019/11/23/b399d5d18b164162b5f64bf922bd3eef.jpg"
        },
        "TrendID": 2808187,
        "TopUserID": 918650,
        "ObjectID": 4477,
        "ObjectType": "word",
        "Weight": 3,
        "Datetime": "2019-12-25T01:02:40"
      }, {
        "ID": 25276056,
        "User": {
          "Gender": "女",
          "MainBgPic": null,
          "AuthenticateCode": null,
          "AuthenticateName": null,
          "AuthenticateID": 0,
          "CityNames": null,
          "Describe": null,
          "AtteCount": 0,
          "ViolationCount": 0,
          "FansCount": 0,
          "UserAtte": false,
          "GoodAlbumCount": 0,
          "Popularity": 0,
          "UseHanbi": 0,
          "Close": false,
          "Black": false,
          "NoteName": null,
          "ID": 1693875,
          "UserName": null,
          "NickName": "浅庭静看",
          "HeadUrl": "http://pic.hanfugou.com/android/2019/11/24/522766bc2ab24a3c9ac2b88c8c687050.jpg"
        },
        "TrendID": 2808187,
        "TopUserID": 918650,
        "ObjectID": 4477,
        "ObjectType": "word",
        "Weight": 3,
        "Datetime": "2019-12-24T23:36:46"
      }, {
        "ID": 25263107,
        "User": {
          "Gender": "女",
          "MainBgPic": null,
          "AuthenticateCode": null,
          "AuthenticateName": null,
          "AuthenticateID": 0,
          "CityNames": null,
          "Describe": null,
          "AtteCount": 0,
          "ViolationCount": 0,
          "FansCount": 0,
          "UserAtte": false,
          "GoodAlbumCount": 0,
          "Popularity": 0,
          "UseHanbi": 0,
          "Close": false,
          "Black": false,
          "NoteName": null,
          "ID": 1466336,
          "UserName": null,
          "NickName": "澄子咯咯哒",
          "HeadUrl": "http://pic.hanfugou.com//android/2019/8/11/3014a213f1144a6784a64855a6c8bd34.jpg"
        },
        "TrendID": 2808187,
        "TopUserID": 918650,
        "ObjectID": 4477,
        "ObjectType": "word",
        "Weight": 3,
        "Datetime": "2019-12-24T19:19:58"
      }, {
        "ID": 25254398,
        "User": {
          "Gender": "女",
          "MainBgPic": null,
          "AuthenticateCode": null,
          "AuthenticateName": null,
          "AuthenticateID": 0,
          "CityNames": null,
          "Describe": null,
          "AtteCount": 0,
          "ViolationCount": 0,
          "FansCount": 0,
          "UserAtte": false,
          "GoodAlbumCount": 0,
          "Popularity": 0,
          "UseHanbi": 0,
          "Close": false,
          "Black": false,
          "NoteName": null,
          "ID": 1688291,
          "UserName": null,
          "NickName": "荷笠蔽秋城",
          "HeadUrl": "http://pic.hanfugou.com/android/2019/11/21/6e4b76db7125417495e5c1a65af6169b.jpg"
        },
        "TrendID": 2808187,
        "TopUserID": 918650,
        "ObjectID": 4477,
        "ObjectType": "word",
        "Weight": 3,
        "Datetime": "2019-12-24T12:20:14"
      }, {
        "ID": 25251463,
        "User": {
          "Gender": "女",
          "MainBgPic": null,
          "AuthenticateCode": null,
          "AuthenticateName": null,
          "AuthenticateID": 0,
          "CityNames": null,
          "Describe": null,
          "AtteCount": 0,
          "ViolationCount": 0,
          "FansCount": 0,
          "UserAtte": false,
          "GoodAlbumCount": 0,
          "Popularity": 0,
          "UseHanbi": 0,
          "Close": false,
          "Black": false,
          "NoteName": null,
          "ID": 1446192,
          "UserName": null,
          "NickName": "栈午",
          "HeadUrl": "http://pic.hanfugou.com//android/2019/9/2/b3c9b710b8cb40fa8be45f8a5521dc12.jpg"
        },
        "TrendID": 2808187,
        "TopUserID": 918650,
        "ObjectID": 4477,
        "ObjectType": "word",
        "Weight": 3,
        "Datetime": "2019-12-24T09:29:34"
      }, {
        "ID": 25251271,
        "User": {
          "Gender": "女",
          "MainBgPic": null,
          "AuthenticateCode": null,
          "AuthenticateName": null,
          "AuthenticateID": 0,
          "CityNames": null,
          "Describe": null,
          "AtteCount": 0,
          "ViolationCount": 0,
          "FansCount": 0,
          "UserAtte": false,
          "GoodAlbumCount": 0,
          "Popularity": 0,
          "UseHanbi": 0,
          "Close": false,
          "Black": false,
          "NoteName": null,
          "ID": 677646,
          "UserName": null,
          "NickName": "知忧",
          "HeadUrl": "http://pic.hanfugou.com/android/2019/2/10/aec46e59ab804ee9ad3c0caf23f0dca5.jpg"
        },
        "TrendID": 2808187,
        "TopUserID": 918650,
        "ObjectID": 4477,
        "ObjectType": "word",
        "Weight": 4,
        "Datetime": "2019-12-24T09:12:30"
      }, {
        "ID": 25236769,
        "User": {
          "Gender": "女",
          "MainBgPic": null,
          "AuthenticateCode": null,
          "AuthenticateName": null,
          "AuthenticateID": 0,
          "CityNames": null,
          "Describe": null,
          "AtteCount": 0,
          "ViolationCount": 0,
          "FansCount": 0,
          "UserAtte": false,
          "GoodAlbumCount": 0,
          "Popularity": 0,
          "UseHanbi": 0,
          "Close": false,
          "Black": false,
          "NoteName": null,
          "ID": 1295544,
          "UserName": null,
          "NickName": "五苏苏苏苏苏",
          "HeadUrl": "http://pic.hanfugou.com/android/2019/7/21/957496fc04a944ce930ca41c3b64662e.jpg"
        },
        "TrendID": 2808187,
        "TopUserID": 918650,
        "ObjectID": 4477,
        "ObjectType": "word",
        "Weight": 3,
        "Datetime": "2019-12-23T19:36:01"
      }] : []
  },
  "ServerTime": 1577028055,
  "Remark": {}
}