{
  "Status": "10000",
  "ErrorMessage": "成功",
  "Data": function({
    _req,
    Mock
  }) {
    return _req.body.parentid ? {
    "ID":  Mock.mock('@integer(10034168, 20034168)'),
    "User": {
        "Gender": "女",
        "MainBgPic": null,
        "AuthenticateCode": null,
        "AuthenticateName": null,
        "AuthenticateID": 0,
        "CityNames": null,
        "Describe": null,
        "AtteCount": 0,
        "ViolationCount": 0,
        "FansCount": 0,
        "UserAtte": false,
        "GoodAlbumCount": 0,
        "Popularity": 0,
        "UseHanbi": 0,
        "Close": false,
        "Black": false,
        "NoteName": null,
        "ID": 985319,
        "UserName": null,
        "NickName": "菩提银月",
        "HeadUrl": "https://pic.hanfugou.com/android/2019/6/31/ee6194c2082e4e8fa49df2e2aef5ab9c.jpg"
    },
 "TrendID": _req.body.objectid,
      "ObjectID": _req.body.objectid,
      "ObjectType": _req.body.objecttype,
    "Content":  _req.body.content,
    "ParentID": _req.body.parentid,
    "TopParentID": _req.body.parentid,
    "ReplyUser": {
        "Gender": "女",
        "MainBgPic": null,
        "AuthenticateCode": null,
        "AuthenticateName": null,
        "AuthenticateID": 0,
        "CityNames": null,
        "Describe": null,
        "AtteCount": 0,
        "ViolationCount": 0,
        "FansCount": 0,
        "UserAtte": false,
        "GoodAlbumCount": 0,
        "Popularity": 0,
        "UseHanbi": 0,
        "Close": false,
        "Black": false,
        "NoteName": null,
        "ID": 985319,
        "UserName": null,
        "NickName": "当前评论者",
        "HeadUrl": "https://pic.hanfugou.com/android/2019/6/31/ee6194c2082e4e8fa49df2e2aef5ab9c.jpg"
    },
    "TopCount": 0,
    "ChildCount": 0,
    "UserTop": false,
    "CommentChilds": null,
    "Images": null,
    "Datetime": Mock.mock('@now')
} : {
      "ID": Mock.mock('@integer(10033946, 20033946)'),
      "User": {
        "Gender": "女",
        "MainBgPic": null,
        "AuthenticateCode": null,
        "AuthenticateName": null,
        "AuthenticateID": 0,
        "CityNames": null,
        "Describe": null,
        "AtteCount": 0,
        "ViolationCount": 0,
        "FansCount": 0,
        "UserAtte": false,
        "GoodAlbumCount": 0,
        "Popularity": 0,
        "UseHanbi": 0,
        "Close": false,
        "Black": false,
        "NoteName": null,
        "ID": 985319,
        "UserName": null,
        "NickName": "菩提银月",
        "HeadUrl": "https://pic.hanfugou.com/android/2019/6/31/ee6194c2082e4e8fa49df2e2aef5ab9c.jpg"
      },
      "TrendID": _req.body.objectid,
      "ObjectID": _req.body.objectid,
      "ObjectType": _req.body.objecttype,
      "Content": _req.body.content,
      "ParentID": 0,
      "TopParentID": 0,
      "ReplyUser": {
        "Gender": null,
        "MainBgPic": null,
        "AuthenticateCode": null,
        "AuthenticateName": null,
        "AuthenticateID": 0,
        "CityNames": null,
        "Describe": null,
        "AtteCount": 0,
        "ViolationCount": 0,
        "FansCount": 0,
        "UserAtte": false,
        "GoodAlbumCount": 0,
        "Popularity": 0,
        "UseHanbi": 0,
        "Close": false,
        "Black": false,
        "NoteName": null,
        "ID": 0,
        "UserName": null,
        "NickName": null,
        "HeadUrl": null
      },
      "TopCount": 0,
      "ChildCount": 0,
      "UserTop": false,
      "CommentChilds": null,
      "Images": null,
      "Datetime": Mock.mock('@now')
    }
  },
  "ServerTime": 1576850105,
  "Remark": {
    "hanbi": 0
  }
}