{
    "Status": "10000",
    "ErrorMessage": "成功",
    "Data": [
        {
            "Name": "成佛为的是众生，成魔是只为你一人",
            "Describe": "成佛为的是众生，成魔是只为你一人",
            "FaceSrc": "http://pic.hanfugou.com/ios/2019/9/30/16/54/156983365804652.jpg",
            "Images": null,
            "StaffData": {
                "photoer": [
                    {
                        "id": 0,
                        "name": "小艾野🍭"
                    }
                ],
                "model": [
                    {
                        "id": 609557,
                        "name": "鹤川大人"
                    }
                ],
                "store": [
                    {
                        "id": 0,
                        "name": "有香如故汉服"
                    }
                ]
            },
            "ImageCount": 10,
            "TrendShops": null,
            "Good": false,
            "GoodDatetime": "2019-09-30T16:55:05",
            "Datetime": "2019-09-30T16:55:05",
            "ID": 89719,
            "User": {
                "Gender": "男",
                "MainBgPic": null,
                "AuthenticateCode": "kol",
                "AuthenticateName": null,
                "AuthenticateID": 0,
                "CityNames": null,
                "Describe": "成佛为的是众生，成魔是只为你一人",
                "AtteCount": 0,
                "ViolationCount": 0,
                "FansCount": 0,
                "UserAtte": false,
                "GoodAlbumCount": 0,
                "Popularity": 0,
                "UseHanbi": 0,
                "Close": false,
                "Black": false,
                "NoteName": null,
                "ID": 609557,
                "UserName": null,
                "NickName": "鹤川大人",
                "HeadUrl": "http://pic.hanfugou.com/ios/2019/11/7/14/52/157310956064125.jpg"
            },
            "TopCount": 1336,
            "CommCount": 64,
            "SaveCount": 37,
            "UserTop": false,
            "UserSave": false,
            "Hot": true,
            "Huiba": null,
            "Huibas": null
        },
        {
            "Name": "那家公子在游园",
            "Describe": "见花思人\n见云思人\n见你……才好",
            "FaceSrc": "http://pic.hanfugou.com/ios/2019/9/22/18/32/156914833161229.jpg",
            "Images": null,
            "StaffData": {
                "model": [
                    {
                        "id": 609557,
                        "name": "鹤川大人"
                    }
                ],
                "photoer": [
                    {
                        "id": 158136,
                        "name": "罗冠希Leo"
                    }
                ]
            },
            "ImageCount": 6,
            "TrendShops": null,
            "Good": false,
            "GoodDatetime": "2019-09-22T18:33:38",
            "Datetime": "2019-09-22T18:33:38",
            "ID": 89469,
            "User": {
                "Gender": "男",
                "MainBgPic": null,
                "AuthenticateCode": "kol",
                "AuthenticateName": null,
                "AuthenticateID": 0,
                "CityNames": null,
                "Describe": "见花思人\n见云思人\n见你……才好",
                "AtteCount": 0,
                "ViolationCount": 0,
                "FansCount": 0,
                "UserAtte": false,
                "GoodAlbumCount": 0,
                "Popularity": 0,
                "UseHanbi": 0,
                "Close": false,
                "Black": false,
                "NoteName": null,
                "ID": 609557,
                "UserName": null,
                "NickName": "鹤川大人",
                "HeadUrl": "http://pic.hanfugou.com/ios/2019/11/7/14/52/157310956064125.jpg"
            },
            "TopCount": 1345,
            "CommCount": 102,
            "SaveCount": 39,
            "UserTop": false,
            "UserSave": false,
            "Hot": true,
            "Huiba": null,
            "Huibas": null
        },
        {
            "Name": "鲛人",
            "Describe": "鲛人夜饮明月腴，夜光化作眼中珠。\n洒君热，宁君躯，须饮鲛人明月珠。",
            "FaceSrc": "http://pic.hanfugou.com/ios/2019/9/2/15/7/156740802887366.jpg",
            "Images": null,
            "StaffData": {
                "photoer": [
                    {
                        "id": 0,
                        "name": "疯子Charles "
                    }
                ],
                "model": [
                    {
                        "id": 609557,
                        "name": "鹤川大人"
                    }
                ],
                "store": [
                    {
                        "id": 0,
                        "name": "蜀月台"
                    }
                ]
            },
            "ImageCount": 9,
            "TrendShops": null,
            "Good": true,
            "GoodDatetime": "2019-09-03T23:06:40",
            "Datetime": "2019-09-02T15:07:16",
            "ID": 88748,
            "User": {
                "Gender": "男",
                "MainBgPic": null,
                "AuthenticateCode": "kol",
                "AuthenticateName": null,
                "AuthenticateID": 0,
                "CityNames": null,
                "Describe": "鲛人夜饮明月腴，夜光化作眼中珠。\n洒君热，宁君躯，须饮鲛人明月珠。",
                "AtteCount": 0,
                "ViolationCount": 0,
                "FansCount": 0,
                "UserAtte": false,
                "GoodAlbumCount": 0,
                "Popularity": 0,
                "UseHanbi": 0,
                "Close": false,
                "Black": false,
                "NoteName": null,
                "ID": 609557,
                "UserName": null,
                "NickName": "鹤川大人",
                "HeadUrl": "http://pic.hanfugou.com/ios/2019/11/7/14/52/157310956064125.jpg"
            },
            "TopCount": 1280,
            "CommCount": 65,
            "SaveCount": 34,
            "UserTop": false,
            "UserSave": false,
            "Hot": true,
            "Huiba": null,
            "Huibas": null
        },
        {
            "Name": "用琼羽来跟你留个念\n还有一个月\n就要见你",
            "Describe": "用琼羽来跟你留个念\n还有一个月\n就要见你啦\n不知道你是女宝宝还是男宝宝❤️",
            "FaceSrc": "http://pic.hanfugou.com/android/2019/10/28/30f152bd68d34924bb050370e0865817.jpg",
            "Images": null,
            "StaffData": null,
            "ImageCount": 0,
            "TrendShops": null,
            "Good": false,
            "GoodDatetime": "2019-11-28T13:50:55",
            "Datetime": "2019-11-28T13:50:55",
            "ID": 91952,
            "User": {
                "Gender": "女",
                "MainBgPic": null,
                "AuthenticateCode": null,
                "AuthenticateName": null,
                "AuthenticateID": 0,
                "CityNames": null,
                "Describe": "用琼羽来跟你留个念\n还有一个月\n就要见你啦\n不知道你是女宝宝还是男宝宝❤️",
                "AtteCount": 0,
                "ViolationCount": 0,
                "FansCount": 0,
                "UserAtte": false,
                "GoodAlbumCount": 0,
                "Popularity": 0,
                "UseHanbi": 0,
                "Close": false,
                "Black": false,
                "NoteName": null,
                "ID": 639191,
                "UserName": null,
                "NickName": "步未寒",
                "HeadUrl": "http://pic.hanfugou.com/android/2019/7/9/3e5c57dece5e4cbabb1d19b6468e5c18.jpg"
            },
            "TopCount": 483,
            "CommCount": 71,
            "SaveCount": 9,
            "UserTop": false,
            "UserSave": false,
            "Hot": true,
            "Huiba": null,
            "Huibas": null
        },
        {
            "Name": "半壁山房待明月，一盏清茗酬知音。",
            "Describe": "半壁山房待明月，一盏清茗酬知音。",
            "FaceSrc": "http://pic.hanfugou.com/ios/2019/7/23/12/16/156385538998626.jpg",
            "Images": null,
            "StaffData": {
                "model": [
                    {
                        "id": 609557,
                        "name": "鹤川大人"
                    }
                ]
            },
            "ImageCount": 6,
            "TrendShops": null,
            "Good": false,
            "GoodDatetime": "2019-07-23T12:16:34",
            "Datetime": "2019-07-23T12:16:34",
            "ID": 87051,
            "User": {
                "Gender": "男",
                "MainBgPic": null,
                "AuthenticateCode": "kol",
                "AuthenticateName": null,
                "AuthenticateID": 0,
                "CityNames": null,
                "Describe": "半壁山房待明月，一盏清茗酬知音。",
                "AtteCount": 0,
                "ViolationCount": 0,
                "FansCount": 0,
                "UserAtte": false,
                "GoodAlbumCount": 0,
                "Popularity": 0,
                "UseHanbi": 0,
                "Close": false,
                "Black": false,
                "NoteName": null,
                "ID": 609557,
                "UserName": null,
                "NickName": "鹤川大人",
                "HeadUrl": "http://pic.hanfugou.com/ios/2019/11/7/14/52/157310956064125.jpg"
            },
            "TopCount": 1079,
            "CommCount": 70,
            "SaveCount": 22,
            "UserTop": false,
            "UserSave": false,
            "Hot": true,
            "Huiba": null,
            "Huibas": null
        }, 
        {
            "Name": "西塘汉服文化周返图",
            "Describe": "河边偶遇的汉服小姐姐给了返图！超开心！",
            "FaceSrc": "http://pic.hanfugou.com/ios/2019/11/1/19/21/157260728192026.jpg",
            "Images": null,
            "StaffData": {
                "photoer": [
                    {
                        "id": 0,
                        "name": "七岚"
                    }
                ],
                "model": [
                    {
                        "id": 148779,
                        "name": "小安生"
                    }
                ],
                "store": [
                    {
                        "id": 0,
                        "name": "明华堂"
                    }
                ]
            },
            "ImageCount": 6,
            "TrendShops": null,
            "Good": false,
            "GoodDatetime": "2019-11-01T19:21:37",
            "Datetime": "2019-11-01T19:21:37",
            "ID": 91298,
            "User": {
                "Gender": "女",
                "MainBgPic": null,
                "AuthenticateCode": null,
                "AuthenticateName": null,
                "AuthenticateID": 0,
                "CityNames": null,
                "Describe": "河边偶遇的汉服小姐姐给了返图！超开心！",
                "AtteCount": 0,
                "ViolationCount": 0,
                "FansCount": 0,
                "UserAtte": false,
                "GoodAlbumCount": 0,
                "Popularity": 0,
                "UseHanbi": 0,
                "Close": false,
                "Black": false,
                "NoteName": null,
                "ID": 148779,
                "UserName": null,
                "NickName": "小安生",
                "HeadUrl": "http://pic.hanfugou.com/ios/2019/12/10/14/34/157595966229240.jpg"
            },
            "TopCount": 272,
            "CommCount": 20,
            "SaveCount": 10,
            "UserTop": false,
            "UserSave": false,
            "Hot": false,
            "Huiba": null,
            "Huibas": null
        },
        {
            "Name": "爷爷奶奶",
            "Describe": "等到黄土枯骨，我陪你百岁无忧。\n超喜欢爷爷奶奶的这组，狗粮已吃饱~",
            "FaceSrc": "http://pic.hanfugou.com/android/2019/10/6/5eee81438d0d4820abf6918347f10933.jpg",
            "Images": null,
            "StaffData": {
                "photoer": [
                    {
                        "id": 141237,
                        "name": "兰灵吖"
                    }
                ],
                "store": [
                    {
                        "id": 0,
                        "name": "兰若庭汉服"
                    }
                ]
            },
            "ImageCount": 0,
            "TrendShops": null,
            "Good": false,
            "GoodDatetime": "2019-11-06T13:25:35",
            "Datetime": "2019-11-06T13:25:35",
            "ID": 91514,
            "User": {
                "Gender": "女",
                "MainBgPic": null,
                "AuthenticateCode": null,
                "AuthenticateName": null,
                "AuthenticateID": 0,
                "CityNames": null,
                "Describe": "等到黄土枯骨，我陪你百岁无忧。\n超喜欢爷爷奶奶的这组，狗粮已吃饱~",
                "AtteCount": 0,
                "ViolationCount": 0,
                "FansCount": 0,
                "UserAtte": false,
                "GoodAlbumCount": 0,
                "Popularity": 0,
                "UseHanbi": 0,
                "Close": false,
                "Black": false,
                "NoteName": null,
                "ID": 141237,
                "UserName": null,
                "NickName": "兰灵吖",
                "HeadUrl": "http://pic.hanfugou.com/android/2019/0/7/9c8ec989e5e24262820bccda077dfb8f.jpg"
            },
            "TopCount": 342,
            "CommCount": 28,
            "SaveCount": 20,
            "UserTop": false,
            "UserSave": false,
            "Hot": true,
            "Huiba": null,
            "Huibas": null
        },
        {
            "Name": "仰头看桐树，桐花特可怜。愿天无霜雪，梧",
            "Describe": "仰头看桐树，桐花特可怜。愿天无霜雪，梧子结千年。",
            "FaceSrc": "http://pic.hanfugou.com/ios/2019/11/27/20/24/157485747789033.jpg",
            "Images": null,
            "StaffData": null,
            "ImageCount": 0,
            "TrendShops": null,
            "Good": false,
            "GoodDatetime": "2019-11-27T20:24:47",
            "Datetime": "2019-11-27T20:24:47",
            "ID": 91939,
            "User": {
                "Gender": "女",
                "MainBgPic": null,
                "AuthenticateCode": null,
                "AuthenticateName": null,
                "AuthenticateID": 0,
                "CityNames": null,
                "Describe": "仰头看桐树，桐花特可怜。愿天无霜雪，梧子结千年。",
                "AtteCount": 0,
                "ViolationCount": 0,
                "FansCount": 0,
                "UserAtte": false,
                "GoodAlbumCount": 0,
                "Popularity": 0,
                "UseHanbi": 0,
                "Close": false,
                "Black": false,
                "NoteName": null,
                "ID": 844929,
                "UserName": null,
                "NickName": "枭筱o0",
                "HeadUrl": "http://pic.hanfugou.com/ios/2019/12/9/18/30/157588745162686.jpg"
            },
            "TopCount": 51,
            "CommCount": 6,
            "SaveCount": 0,
            "UserTop": false,
            "UserSave": false,
            "Hot": true,
            "Huiba": null,
            "Huibas": null
        },
        {
            "Name": "缘起缘灭  终坠人间",
            "Describe": "是魔是神 缘起缘灭 终坠人间",
            "FaceSrc": "http://pic.hanfugou.com/ios/2019/7/16/18/46/156327397642584.jpg",
            "Images": null,
            "StaffData": {
                "photoer": [
                    {
                        "id": 782538,
                        "name": "小奶瓶"
                    }
                ],
                "model": [
                    {
                        "id": 609557,
                        "name": "鹤川大人"
                    }
                ],
                "store": [
                    {
                        "id": 0,
                        "name": "蜀月台"
                    }
                ]
            },
            "ImageCount": 10,
            "TrendShops": null,
            "Good": true,
            "GoodDatetime": "2019-08-22T18:18:56",
            "Datetime": "2019-07-16T18:46:22",
            "ID": 86798,
            "User": {
                "Gender": "男",
                "MainBgPic": null,
                "AuthenticateCode": "kol",
                "AuthenticateName": null,
                "AuthenticateID": 0,
                "CityNames": null,
                "Describe": "是魔是神 缘起缘灭 终坠人间",
                "AtteCount": 0,
                "ViolationCount": 0,
                "FansCount": 0,
                "UserAtte": false,
                "GoodAlbumCount": 0,
                "Popularity": 0,
                "UseHanbi": 0,
                "Close": false,
                "Black": false,
                "NoteName": null,
                "ID": 609557,
                "UserName": null,
                "NickName": "鹤川大人",
                "HeadUrl": "http://pic.hanfugou.com/ios/2019/11/7/14/52/157310956064125.jpg"
            },
            "TopCount": 2118,
            "CommCount": 161,
            "SaveCount": 105,
            "UserTop": true,
            "UserSave": false,
            "Hot": true,
            "Huiba": null,
            "Huibas": null
        },
        {
            "Name": "我来惹🌝🐷 \n不知道算不算汉洋折衷�",
            "Describe": "我来惹🌝🐷 \n不知道算不算汉洋折衷🤷‍♀️ 短发汉服少女绝不认输",
            "FaceSrc": "http://pic.hanfugou.com/ios/2019/10/26/14/9/157207019965688.jpg",
            "Images": null,
            "StaffData": null,
            "ImageCount": 9,
            "TrendShops": null,
            "Good": false,
            "GoodDatetime": "2019-10-26T14:11:22",
            "Datetime": "2019-10-26T14:11:22",
            "ID": 90831,
            "User": {
                "Gender": "女",
                "MainBgPic": null,
                "AuthenticateCode": null,
                "AuthenticateName": null,
                "AuthenticateID": 0,
                "CityNames": null,
                "Describe": "我来惹🌝🐷 \n不知道算不算汉洋折衷🤷‍♀️ 短发汉服少女绝不认输",
                "AtteCount": 0,
                "ViolationCount": 0,
                "FansCount": 0,
                "UserAtte": false,
                "GoodAlbumCount": 0,
                "Popularity": 0,
                "UseHanbi": 0,
                "Close": false,
                "Black": false,
                "NoteName": null,
                "ID": 1588709,
                "UserName": null,
                "NickName": "木木木木木青",
                "HeadUrl": "http://pic.hanfugou.com/ios/2019/10/26/14/13/157207038164730.jpg"
            },
            "TopCount": 188,
            "CommCount": 31,
            "SaveCount": 10,
            "UserTop": false,
            "UserSave": false,
            "Hot": true,
            "Huiba": null,
            "Huibas": null
        }
    ],
    "ServerTime": 1576849796,
    "Remark": {}
}