{
  "Status": "10000",
  "ErrorMessage": "成功",
  "Data": {
    "banner": [{
      "ID": 1410,
      "Poster": {
        "ID": 1,
        "Place": "App发现Banner",
        "Code": "hui_banner",
        "Datetime": "2019-11-09T20:42:05"
      },
      "Title": "20191107203007",
      "ImgSrc": "https://pic.hanfugou.com/web/2019/11/9/20/1bce7af2a4464975bb7bac822be17d5e.png",
      "Link": "https://m.hanfuhui.com/shop/1865?from=banner",
      "Use": true,
      "ClickCount": 0,
      "OtherID": 0,
      "UseDatetime": "2019-11-09T00:00:00",
      "Datetime": "2019-11-09T20:42:05"
    }, {
      "ID": 1400,
      "Poster": {
        "ID": 1,
        "Place": "App发现Banner",
        "Code": "hui_banner",
        "Datetime": "2019-10-23T18:13:38"
      },
      "Title": "西塘行Vlog大赛",
      "ImgSrc": "https://pic.hanfugou.com/web/2019/10/23/18/c945e4bb9f0944d98d81185ec5194588.png",
      "Link": "https://m.hanfuhui.com/hui/details/2830003",
      "Use": true,
      "ClickCount": 0,
      "OtherID": 0,
      "UseDatetime": "2019-10-23T00:00:00",
      "Datetime": "2019-10-23T18:13:38"
    }],
    "hotspot": [{
      "ID": 123,
      "FaceSrc": null,
      "Title": "穿汉服给祖国庆生",
      "Link": "https://m.hanfuhui.com/hui/details/2742728",
      "ClickCount": 0,
      "Datetime": "2019-10-03T20:37:21"
    }, {
      "ID": 122,
      "FaceSrc": null,
      "Title": "袍子的第一件入坑汉服",
      "Link": "huiapp://open?topic=147207",
      "ClickCount": 0,
      "Datetime": "2019-09-03T21:32:35"
    }, {
      "ID": 120,
      "FaceSrc": null,
      "Title": "汉服小剧本征集",
      "Link": "huiapp://open?topic=146235",
      "ClickCount": 0,
      "Datetime": "2019-08-23T15:53:18"
    }, {
      "ID": 118,
      "FaceSrc": null,
      "Title": "喜欢什么样的汉服搭配",
      "Link": "huiapp://open?topic=142640",
      "ClickCount": 0,
      "Datetime": "2019-07-29T14:17:03"
    }]
  },
  "ServerTime": 1576842853,
  "Remark": {}
}