{
  "Status": "10000",
  "ErrorMessage": "成功",
  "Data": function({
    _req
  }) {
    return _req.query.key == 'hanbirule' ? {
      "ID": 1,
      "Key": "hanbirule",
      "Value": "<p>1、每天签到1个，连续签到7天以上每天随机不超5个，连续签到7的倍数天额外获得3个，连续签到100的倍数天额外获得10个</p><p>2、摄影作品被加精，获得10个；文章被加精，获得10个；话题被加精，获得5个</p><p>3、一天内针对不同的动态（或摄影、文章）评论五次获得2个</p><p>4、参与活动将有更多的汉币奖励</p>&nbsp;&nbsp;&nbsp; * 汉币兑换的代金券可以和商家券，跨店满减叠加使用",
      "Describe": "汉币规则文档",
      "Group": "rule",
      "Datetime": "2016-03-20T03:12:23"
    } : _req.query.key == 'hui_rule' ? {
      "ID": 17,
      "Key": "hui_rule",
      "Value": "<p style=\"text-align: center;\"><strong><span style=\"color: rgb(255, 102, 153);\">前言</span></strong></p><p>知名汉服同袍小荟君曾经说过：</p><p>“一个优秀的同袍应该具备有三种特质：海纳百川的胸怀，乐于互助的精神，以他人为中心的善良”</p><p>为此，我们建立了以汉文化交流为主的汉服荟社区，我们希望能促进同袍之间更积极地交流，帮助萌新们避开汉服认知与购买中的各种神坑。</p><p>我们期待能成为同袍心目中最温暖最有爱的社区。</p><p>为此，特制定以下公约。</p><p><br></p><p style=\"text-align: center;\"><strong><span style=\"color: rgb(255, 102, 153);\">总则</span></strong></p><p>小荟三大核心价值观：传递快乐、乐于助人、平等交流。</p><p>你可以分享你的汉式生活，无论是生活琐事还是汉服日常秀图。</p><p>你也可以勾搭认识同袍，建立更深厚的同袍情谊。</p><p>但是。</p><p>我们反对歧视、反对撕逼、反对以勾搭同袍为由进行恶意骚扰、反对利用同袍的信任进行行骗。</p><p>我们希望，你可以在小荟社区里提升自己、认识更多有趣的同袍、分享更多的汉服相关内容。</p><p><br></p><p style=\"text-align: center;\"><strong><span style=\"color: rgb(255, 102, 153);\">关于内容</span></strong></p><p><strong>禁止以下内容：</strong></p><p>撕逼、歧视、人身攻击、泄漏他人隐私、怂恿带节奏、虚假信息、政治敏感内容、重复灌水、侵犯版权等严重影响社区氛围的内容。</p><p>对于禁止内容，一经发现立即删除。</p><p><strong>允许以下内容：</strong></p><p>美图、日常、心情、出衣求衣、萌物安利、求支招、问询等等日常动态。</p><p><strong>鼓励并渴求以下内容：</strong></p><p>脑洞大开、精致唯美、日常小清新类的原创汉服摄影。</p><p>发型妆容、汉舞、微电影、汉服返图、创意短视频等原创视频。</p><p>对他人有参考价值的汉服研习、购买、观点等问答。</p><p>汉服穿搭、研习、观点、干货等有深阅读价值的文章。</p><p><strong>内容屏蔽<strong style=\"color: rgb(51, 51, 51);\">：</strong></strong></p><p>由于广场是所有人可见，为保证大多数用户的体验，对于有轻微影响用户体验的内容，我们将采取屏蔽处理，屏蔽内容后，仅在作者个人主页可见，广场、荟吧等均为不可见状态。屏蔽内容时将不会通知到作者。</p><p>可能引起屏蔽内容：因争吵引起部分用户反感的、发动态过于频繁导致刷屏的、带有外链或二维码、非汉服荟入驻商家的广告、受到举报的内容。</p><p><br></p><p style=\"text-align: center;\"><strong><span style=\"color: rgb(255, 102, 153);\">关于原创</span></strong></p><p><strong>发布<strong style=\"color: rgb(51, 51, 51);\">：</strong></strong></p><p>我们尊重并拥护原创内容，禁止发布任何未经授权的内容，禁止冒充原作品发布内容。</p><p>摄影作品只允许作者本人发布，有授权的转载也不允许发布。</p><p>对于冒充原作者的用户，一旦发现永久封号。</p><p><strong>转载<strong style=\"color: rgb(51, 51, 51);\">：</strong></strong></p><p>在小荟发布的原创内容，小荟有权转载到微博、微信等带有“深圳市汉服荟网络科技有限公司”认证标识的官方公众号作为非商业用途。</p><p>未经原作者授权，任何人禁止将发布在小荟上的内容复制搬运到其它公共平台。小荟官方也无权代表作者向转发者授权。</p><p>如需要分享优质内容到其它平台，可以使用APP里带有小荟网站链接的分享功能。</p><p><br></p><p style=\"text-align: center;\"><strong><span style=\"color: rgb(255, 102, 153);\">关于广告</span></strong></p><p>我们将对影响用户体验的广告进行删除或屏蔽，包括但不局限于以下几点：</p><p>1、发布包含售卖产品、代购、提供服务、宣传推广内容的广告内容。</p><p>2、发布带有群组（QQ群、微信群）、联系方式（电话、QQ号等）、淘宝店铺、网盘等链接或二维码的内容。</p><p>3、以扩列、分享资源为名要求用户添加微信、QQ等联系方式。</p><p>4、以集赞、抽奖、赠送等方式，诱导用户点赞分享。</p><p>5、安利种草相关：不允许只有设计图没有实物成衣的安利，不允许带有诱导转发获取福利优惠或赠品的安利。</p><p>6、在昵称与个性签名中使用带有广告暗示的词语、拉帮结派、外链、联系方式等。</p><p><br></p><p style=\"text-align: center;\"><strong><span style=\"color: rgb(255, 102, 153);\">关于二手</span></strong></p><p>为了规避山寨、影楼等非正规汉服二手信息，我们建立了【二手铺】模块。</p><p>所有发布在二手铺的出衣信息都需要经过管理员审核，用户需要提供实物拍摄图 购买凭证。凭证可以是：网络交易订单截图、实体店交易小票、衣服吊牌等，凭证必须能看清商家名称。凭证仅用于管理员审核，为避免凭证被盗用泄漏用户信息，不在前端展示。</p><p>从闲鱼等平台收回的二手再次转手，由于无法考证是否为山寨，所以暂不接受发布。</p><p><br></p><p style=\"text-align: center;\"><strong><span style=\"color: rgb(255, 102, 153);\">关于山寨</span></strong></p><p>小荟坚决反对山寨，对于山寨内容的管理如下：</p><p><strong>允许发布的：</strong></p><p>以山求正、山寨商家公示、识别山寨技巧等不含任何支持山寨观点的内容。</p><p><strong>禁止发布的：</strong></p><p>支持山寨的言论、山寨商品安利、以山充正、山寨店铺广告。</p><p><br></p><p style=\"text-align: center;\"><strong><span style=\"color: rgb(255, 102, 153);\">关于举报</span></strong></p><p>凡是违反了【关于内容】中的禁止内容部分，所有用户均可对违规内容进行举报，举报按钮在详情页的右上角。</p><p>如果小荟根据社区公约对用户作出的处理有异议，可私信@小荟 进行申诉，小荟将在48小时内进行回复。</p><p><br></p><p style=\"text-align: center;\"><strong><span style=\"color: rgb(255, 102, 153);\">免责声明</span></strong></p><p>1、用户在汉服荟平台所发表的言论仅代表用户个人，与汉服荟的立场无关，汉服荟有权删除不符合平台规范或有法律风险的内容。</p><p>2、我们会尽力清除虚假信息保证用户权益，但无法做到100%绝对真实。涉及到交易、交友、交换物品类的，请用户注意自我保护。交易请走正规交易渠道，交友、交换类请确认核实对方真实意图。如涉及到财产损失，汉服荟可以帮助用户维权，但没有法律义务承担连带责任。</p><p><br></p><p>本公约最终解释权归汉服荟所有。</p>",
      "Describe": "汉服荟社区公约",
      "Group": "copyright",
      "Datetime": "2018-04-05T20:48:54"
    } : _req.query.key == 'helper' ? {
      "ID": 9,
      "Key": "helper",
      "Value": "<li class=\"question f14\" style=\"padding: 6px 10px; outline-style: initial; outline-width:auto; vertical-align: baseline; background: rgb(255, 102, 153); color: rgb(255, 255, 255); border-radius: 2px; font-size: 0.14rem !important;\">1. 汉服荟是什么</li><li class=\"answer f12\" style=\"margin-bottom: 4px; padding: 6px 10px; outline-style: initial; outline-width:auto; vertical-align: baseline; background: transparent; font-size: 0.12rem !important;\"><div style=\"margin-bottom: 8px; outline-style: initial; outline-width:auto; font-size: 0.11rem; line-height: 22px; vertical-align: baseline; background: transparent;\">· 汉服荟是为一个以分享美图、勾搭同袍、商城购物为主的汉服交流平台。</div><div style=\"margin-bottom: 8px; outline-style: initial; outline-width:auto; font-size: 0.11rem; line-height: 22px; vertical-align: baseline; background: transparent;\">· 新人入门小科普：<a href=\"https://www.hanfuhui.com/details/1078897\" style=\"color: rgb(255, 102, 153); font-weight: bold;\" class=\"\">链接地址</a></div><div style=\"margin-bottom: 8px; outline-style: initial; outline-width:auto; font-size: 0.11rem; line-height: 22px; vertical-align: baseline; background: transparent;\">· 如何入手第一套汉服：<a href=\"https://www.hanfuhui.com/details/923227\" style=\"color: rgb(255, 102, 153); font-weight: bold;\" class=\"\">链接地址</a></div><div style=\"margin-bottom: 8px; outline-style: initial; outline-width:auto; font-size: 0.11rem; line-height: 22px; vertical-align: baseline; background: transparent;\">· 分辨汉服山正保姆级教程：<a href=\"https://www.hanfuhui.com/details/938531\" style=\"color: rgb(255, 102, 153); font-weight: bold;\" class=\"\">链接地址</a></div><div style=\"margin-bottom: 8px; outline-style: initial; outline-width:auto; font-size: 0.11rem; line-height: 22px; vertical-align: baseline; background: transparent;\">· 分辨汉服山正进阶详细版：<a href=\"https://www.hanfuhui.com/details/905370\" style=\"color: rgb(255, 102, 153); font-weight: bold;\" class=\"\">链接地址</a></div><div style=\"margin-bottom: 8px; outline-style: initial; outline-width:auto; font-size: 0.11rem; line-height: 22px; vertical-align: baseline; background: transparent;\">· 新手如何分辨山寨店铺：<a href=\"https://www.hanfuhui.com/details/732710\" style=\"color: rgb(255, 102, 153); font-weight: bold;\" class=\"\">链接地址</a></div><div style=\"margin-bottom: 8px; outline-style: initial; outline-width:auto; font-size: 0.11rem; line-height: 22px; vertical-align: baseline; background: transparent;\">· 如何分辨实体店山正：<a href=\"https://www.hanfuhui.com/details/1704320\" style=\"color: rgb(255, 102, 153); font-weight: bold;\" class=\"\">链接地址</a></div></li><li class=\"question f14\" style=\"padding: 6px 10px; outline-style: initial; outline-width:auto; vertical-align: baseline; background: rgb(255, 102, 153); color: rgb(255, 255, 255); border-radius: 2px; font-size: 0.14rem !important;\">2. 汉服购是什么</li><li class=\"answer f12\" style=\"margin-bottom: 4px; padding: 6px 10px; outline-style: initial; outline-width:auto; vertical-align: baseline; background: transparent; font-size: 0.12rem !important;\"><div style=\"margin-bottom: 8px; outline-style: initial; outline-width:auto; font-size: 0.11rem; line-height: 22px; vertical-align: baseline; background: transparent;\">· 汉服购（汉服荟商城）是一家以销售汉服为主的平台，入驻众多优质汉服商家，并保证价格不高于淘宝天猫。</div><div style=\"margin-bottom: 8px; outline-style: initial; outline-width:auto; font-size: 0.11rem; line-height: 22px; vertical-align: baseline; background: transparent;\">· 汉服购对商品有严格的审查机制，彻底杜绝“假、影、山”，保证您所接触到的商家不论大小，都是经过我们精挑细选的。</div></li><li class=\"question f14\" style=\"padding: 6px 10px; outline-style: initial; outline-width:auto; vertical-align: baseline; background: rgb(255, 102, 153); color: rgb(255, 255, 255); border-radius: 2px; font-size: 0.14rem !important;\">3. 如何种草萌物？如何关注心水的店铺？</li><li class=\"answer f12\" style=\"margin-bottom: 4px; padding: 6px 10px; outline-style: initial; outline-width:auto; vertical-align: baseline; background: transparent; font-size: 0.12rem !important;\"><div style=\"margin-bottom: 8px; outline-style: initial; outline-width:auto; font-size: 0.11rem; line-height: 22px; vertical-align: baseline; background: transparent;\">· 种草萌物：在商品详情介绍的页面有种草的按钮，轻戳一下就种草啦。然后进入我的→商城订单→我的种草，就可以看到自己种草的萌物了哦~</div><div style=\"margin-bottom: 8px; outline-style: initial; outline-width:auto; font-size: 0.11rem; line-height: 22px; vertical-align: baseline; background: transparent;\">· 关注店铺：在店铺的主页，下面有一个小房子一样的图标，点一下就(cheng)关(bao)注该店了。同样的，我的→商城订单→关注店铺里就能看到自己(cheng)关(bao)注的店铺哦~</div><div style=\"margin-bottom: 8px; outline-style: initial; outline-width:auto; font-size: 0.11rem; line-height: 22px; vertical-align: baseline; background: transparent;\">· 四不四很简单(´・ω・`)</div></li><li class=\"question f14\" style=\"padding: 6px 10px; outline-style: initial; outline-width:auto; vertical-align: baseline; background: rgb(255, 102, 153); color: rgb(255, 255, 255); border-radius: 2px; font-size: 0.14rem !important;\">4. 商品订单流程</li><li class=\"answer f12\" style=\"margin-bottom: 4px; padding: 6px 10px; outline-style: initial; outline-width:auto; vertical-align: baseline; background: transparent; font-size: 0.12rem !important;\"><div style=\"margin-bottom: 8px; outline-style: initial; outline-width:auto; font-size: 0.11rem; line-height: 22px; vertical-align: baseline; background: transparent;\">· 订单付款为24小时，超期后会自动关闭订单。</div><div style=\"margin-bottom: 8px; outline-style: initial; outline-width:auto; font-size: 0.11rem; line-height: 22px; vertical-align: baseline; background: transparent;\">· 订单发货时间请咨询店铺客服。</div><div style=\"margin-bottom: 8px; outline-style: initial; outline-width:auto; font-size: 0.11rem; line-height: 22px; vertical-align: baseline; background: transparent;\">· 其他订单问题请前往 ☛：<a href=\"https://m.hanfuhui.com/Help\" style=\"color: rgb(255, 102, 153); font-weight: bold;\" class=\"\">链接地址</a></div></li><li class=\"question f14\" style=\"padding: 6px 10px; outline-style: initial; outline-width:auto; vertical-align: baseline; background: rgb(255, 102, 153); color: rgb(255, 255, 255); border-radius: 2px; font-size: 0.14rem !important;\">5. 退换货相关问题</li><li class=\"answer f12\" style=\"margin-bottom: 4px; padding: 6px 10px; outline-style: initial; outline-width:auto; vertical-align: baseline; background: transparent; font-size: 0.12rem !important;\"><div style=\"margin-bottom: 8px; outline-style: initial; outline-width:auto; font-size: 0.11rem; line-height: 22px; vertical-align: baseline; background: transparent;\">· 七天无理由退货：当商品有“七天无理由”标识时，可以享受七天无理由退货，期限为自商品签收之日起 7 天内。</div><div style=\"margin-bottom: 8px; outline-style: initial; outline-width:auto; font-size: 0.11rem; line-height: 22px; vertical-align: baseline; background: transparent;\">· 售后保障服务：在收到货物并且没有确认收货的前提下，如有商品质量问题、描述不符或未收到货等，您有权申请退款或退货，来回邮费由卖家承担。</div><div style=\"margin-bottom: 8px; outline-style: initial; outline-width:auto; font-size: 0.11rem; line-height: 22px; vertical-align: baseline; background: transparent;\">· 退款方法：在订单详情页有申请退款的按钮，点进去填写相关退款信息即可申请退款。为保证退款成功率，<span color=\"red\" style=\"margin: 0px; padding: 0px; border: 0px; outline: 0px; font-variant-numeric: normal; font-variant-east-asian: normal; font-stretch: normal; font-size: 0.11rem; line-height: normal; vertical-align: baseline; background: transparent;\">建议在退款之前与店主沟通退款细节</span>，这样也便于节省时间，如沟通无果，可在退款中发起申诉，也可私敲商城客服<span color=\"red\" style=\"margin: 0px; padding: 0px; border: 0px; outline: 0px; font-variant-numeric: normal; font-variant-east-asian: normal; font-stretch: normal; font-size: 0.11rem; line-height: normal; vertical-align: baseline; background: transparent;\">小荟</span>解决纠纷。</div><div style=\"margin-bottom: 8px; outline-style: initial; outline-width:auto; font-size: 0.11rem; line-height: 22px; vertical-align: baseline; background: transparent;\">· 退款后的款项：退款成功后款项将在24小时内按支付方式原路退回到付款的账户中去。</div></li><li class=\"question f14\" style=\"padding: 6px 10px; outline-style: initial; outline-width:auto; vertical-align: baseline; background: rgb(255, 102, 153); color: rgb(255, 255, 255); border-radius: 2px; font-size: 0.14rem !important;\">6. 二手商品交易</li><li class=\"answer f12\" style=\"margin-bottom: 4px; padding: 6px 10px; outline-style: initial; outline-width:auto; vertical-align: baseline; background: transparent; font-size: 0.12rem !important;\"><div style=\"margin-bottom: 8px; outline-style: initial; outline-width:auto; font-size: 0.11rem; line-height: 22px; vertical-align: baseline; background: transparent;\">· 各位小可爱请避免与陌生人进行私下交易，交易请一定要走二手交易平台（如闲鱼，58转转等），以免带来财产损失。</div><div style=\"margin-bottom: 8px; outline-style: initial; outline-width:auto; font-size: 0.11rem; line-height: 22px; vertical-align: baseline; background: transparent;\">· 私下交易是指：直接通过微信，QQ，支付宝，银行卡等方式给对方转账。骗子一般都会在转账之后不理你，拉黑你，或者编造其他理由让你继续给TA转账。</div><div style=\"margin-bottom: 8px; outline-style: initial; outline-width:auto; font-size: 0.11rem; line-height: 22px; vertical-align: baseline; background: transparent;\">· 收货和发货请注意拍照或者视频，如发生纠纷可以提交这些证据到二手交易平台，让平台介入仲裁。</div></li><li class=\"question f14\" style=\"padding: 6px 10px; outline-style: initial; outline-width:auto; vertical-align: baseline; background: rgb(255, 102, 153); color: rgb(255, 255, 255); border-radius: 2px; font-size: 0.14rem !important;\">7. 摄影作品版权声明</li><li class=\"answer f12\" style=\"margin-bottom: 4px; padding: 6px 10px; outline-style: initial; outline-width:auto; vertical-align: baseline; background: transparent; font-size: 0.12rem !important;\"><div style=\"margin-bottom: 8px; outline-style: initial; outline-width:auto; font-size: 0.11rem; line-height: 22px; vertical-align: baseline; background: transparent;\">· 您所发的摄影作品请务必保证属于自己参与并拥有版权，禁止将他人作品转载发表到汉服荟（自己未参与拍摄的获得本人授权也不可以）</div><div style=\"margin-bottom: 8px; outline-style: initial; outline-width:auto; font-size: 0.11rem; line-height: 22px; vertical-align: baseline; background: transparent;\">· 禁止在未经本人授权的情况下将汉服荟的摄影作品转载到其它平台，如需作其它展示用途，请联系作品授权。</div><div style=\"margin-bottom: 8px; outline-style: initial; outline-width:auto; font-size: 0.11rem; line-height: 22px; vertical-align: baseline; background: transparent;\">· 对于转载他人作品的行为，汉服荟将保留删除作品的权利，情形严重者将封号处理。</div></li><li class=\"question f14\" style=\"padding: 6px 10px; outline-style: initial; outline-width:auto; line-height: inherit; vertical-align: baseline; background: rgb(255, 102, 153); color: rgb(255, 255, 255); border-radius: 2px; font-size: 0.14rem !important;\">8. 联系方式</li><li class=\"answer f12\" style=\"margin-bottom: 4px; padding: 6px 10px; outline-style: initial; outline-width:auto; line-height: inherit; vertical-align: baseline; background: transparent; color: rgb(51, 51, 51); font-size: 0.12rem !important;\"><div style=\"margin-bottom: 8px; outline-style: initial; outline-width:auto; font-size: 0.11rem; line-height: 22px; vertical-align: baseline; background: transparent; color: rgb(51, 51, 51); overflow-wrap: break-word;\">· 公司<span style=\"margin: 0px; padding: 0px; border: 0px; outline: 0px; font-variant-numeric: normal; font-variant-east-asian: normal; font-stretch: normal; font-size: 0.12rem; line-height: normal; vertical-align: baseline; background: transparent; color: rgb(85, 85, 85);\">地址：深圳·龙岗&nbsp; &nbsp;电话：</span><span style=\"margin: 0px; padding: 0px; border: 0px; outline: 0px; font-variant-numeric: normal; font-variant-east-asian: normal; font-stretch: normal; font-size: 0.12rem; line-height: normal; vertical-align: baseline; background: transparent; color: rgb(85, 85, 85);\">0755-21503399</span></div><div style=\"margin-bottom: 8px; outline-style: initial; outline-width:auto; font-size: 0.11rem; line-height: 22px; vertical-align: baseline; background: transparent; color: rgb(51, 51, 51); overflow-wrap: break-word;\">·&nbsp;<span style=\"margin: 0px; padding: 0px; border: 0px; outline: 0px; font-variant-numeric: normal; font-variant-east-asian: normal; font-stretch: normal; font-size: 0.12rem; line-height: normal; vertical-align: baseline; background: transparent; color: rgb(85, 85, 85);\">业务合作</span><span style=\"background-color: transparent; font-size: 0.12rem; color: rgb(85, 85, 85);\">：阿奔&nbsp; &nbsp;微信/</span><span style=\"background-color: transparent; font-size: 0.12rem; color: rgb(85, 85, 85);\">电话：18673887706&nbsp;&nbsp;</span></div></li><li class=\"answer f12\" style=\"margin-bottom: 4px; padding: 6px 10px; outline-style: initial; outline-width:auto; line-height: inherit; vertical-align: baseline; background: transparent; color: rgb(51, 51, 51); font-size: 0.12rem !important;\"><div style=\"margin-bottom: 8px; outline-style: initial; outline-width:auto; font-size: 0.11rem; line-height: 22px; vertical-align: baseline; background: transparent; color: rgb(51, 51, 51); overflow-wrap: break-word;\"><span style=\"background-color: transparent; font-size: 0.12rem; color: rgb(85, 85, 85);\"><br></span></div></li>",
      "Describe": "新手村指南",
      "Group": "gou",
      "Datetime": "2016-08-26T16:04:48"
    } : _req.query.key == 'hui_privacy' ? {
      "ID": 18,
      "Key": "hui_privacy",
      "Value": "<p><span style=\"color: rgb(51, 51, 51); \"><font>本站（以下亦称</font>“我们”）深知个人信息对您的重要性，我们尊重并保护所有使用我们平台服务的用户的个人信息，并会尽全力保护您的个人信息安全可靠。我们致力于维持您对我们的信任，恪守以下原则，保护您的个人信息：权责一致原则、目的明确原则、选择同意原则、最少够用原则、确保安全原则、主体参与原则、公开透明原则等。同时，我们承诺，我们将按业界成熟的安全标准，采取相应的安全保护措施来保护您的个人信息。请在使用我们的产品（或服务）前，仔细阅读并了解本《我们隐私政策》（下称“本隐私政策”）。</span></p><p><span style=\"color: rgb(51, 51, 51); \">&nbsp;</span></p><p><span style=\"color: rgb(51, 51, 51); \"><font><b>一、我们处理个人信息的法律依据</b></font></span></p><p style=\"margin-left: 40px;\"><span style=\"color: rgb(51, 51, 51); \"><font>本隐私政策制定的法律依据为《中华人民共和国消费者权益保护法》、《中华人民共和国网络安全法》、《中华人民共和国电子商务法》、《信息安全技术个人信息安全规范》以及其他涉及公民个人信息的相关法律法规。通常，我们会基于本隐私政策提示的功能收集您的个人信息。某些情况下，如果涉及其他信息的收集我们会单独向您出示个人信息保护说明条款。</font></span></p><p><span style=\"color: rgb(51, 51, 51); \"><font><b>二、本隐私政策的适用范围</b></font></span></p><p style=\"margin-left: 40px;\"><span style=\"color: rgb(51, 51, 51); \"><font>本隐私政策适用于您使用本平台的产品或服务时使用。</font></span></p><p><span style=\"color: rgb(51, 51, 51); \"><font><b>三、我们如何收集和使用您的个人信息</b></font></span></p><p style=\"margin-left: 40px;\"><span style=\"color: rgb(51, 51, 51); \"><font>个人信息是指以电子或者其他方式记录的能够单独或者与其他信息结合识别特定自然人身份或者反映特定自然人活动情况的各种信息。</font></span></p><p style=\"margin-left: 40px;\"><span style=\"color: rgb(51, 51, 51); \"><font>个人敏感信息是指一旦泄露、非法提供或滥用可能危害人身和财产安全，极易导致个人名誉、身心健康受到损害或歧视性待遇等的个人信息。在您向我们提供任何属于敏感信息的个人信息前，请您清楚考虑提供是恰当的并且同意您的个人敏感信息可按本隐私政策所述的目的和方式进行处理。我们会在得到您的同意后收集和使用您的敏感信息以实现与我们业务相关的功能，并允许您对这些敏感信息的收集与使用做出不同意的选择，但是拒绝使用这些信息会影响您使用相关功能。</font></span></p><p style=\"margin-left: 40px;\"><span style=\"color: rgb(51, 51, 51); \"><font>原则上，我们仅会出于本隐私政策所述的以下目的，收集和使用您的个人信息，如果超过以下目的收集和使用您的个人信息时我们会单独向您提示并征得您的同意。</font></span></p><p><span style=\"color: rgb(51, 51, 51); \"><font>&nbsp;（一）帮助您成为我们的注册</font>\\登录用户</span></p><p style=\"margin-left: 40px;\"><span style=\"color: rgb(51, 51, 51); \"><font>您自行注册成为我们的用户</font></span></p><p style=\"margin-left: 40px;\"><span style=\"color: rgb(51, 51, 51); \"><font>您在使用我们提供的服务时，首先需要成为我们的注册</font>\\登录用户。当您注册我们账户时，您需要向我们提供您准备使用的</span><span style=\"color: rgb(51, 51, 51); \"><font>手机号码或者本人使用的第三方</font>QQ账号，微信账号，微博账号</span><span style=\"color: rgb(51, 51, 51); \"><font>，当您的账户密码遗失时，可以通过注册</font></span><span style=\"color: rgb(51, 51, 51); \"><font>手机接受验证码来</font></span><span style=\"color: rgb(51, 51, 51); \"><font>重置密码。</font></span><span style=\"color: rgb(51, 51, 51); \"><font>您可自行创建用户名，用户名的命名及使用应遵守相关法律法规并符合网络道德。用户名中不能含有任何侮辱、威胁、淫秽、谩骂等侵害他人合法权益的文字。用户名将作为您在平台上活动的标识，用以区别平台上其他用户。</font></span></p><p style=\"margin-left: 40px;\"><span style=\"color: rgb(51, 51, 51); \"><font>您提供的上述信息，将在您使用我们服务期间持续授权我们使用。在您注销账号时，我们将停止使用并删除上述信息。</font></span></p><p><span style=\"color: rgb(51, 51, 51); \"><font>&nbsp;（二）客户服务</font></span></p><p style=\"margin-left: 40px;\"><span style=\"color: rgb(51, 51, 51); \"><font>当您向我们申诉或进行咨询时，为了方便与您联系或帮助您解决问题，我们可能需要您提供用户</font></span><span style=\"color: rgb(51, 51, 51); \"><font>昵称</font></span><span style=\"color: rgb(51, 51, 51); \"><font>、</font></span><span style=\"color: rgb(51, 51, 51); \"><font>小荟号，</font></span><span style=\"color: rgb(51, 51, 51); \"><font>手机号码。如您拒绝提供上述信息，可能部分功能无法使用，同时无法向您及时反馈申诉或咨询结果。</font></span></p><p style=\"margin-left: 40px;\"><span style=\"color: rgb(51, 51, 51); \"><font>会员在本平台删除账号或后期不继续使用，注销账号时会员可以通过邮箱</font></span><span style=\"color: rgb(51, 51, 51); \">admin@hanfuhui.cn</span><span style=\"color: rgb(51, 51, 51); \"><font>联系我们，核对信息</font></span><span style=\"color: rgb(51, 51, 51); \">(您的用户昵称，小荟号，手机号码)</span><span style=\"color: rgb(51, 51, 51); \"><font>确认此账号为本人操作使用后方以进行注销，我司承诺会在</font>3个工作日内清除所有个人信息资料。</span></p><p><span style=\"color: rgb(51, 51, 51); \"><font>&nbsp;（三）征得授权同意的例外</font></span></p><p style=\"margin-left: 40px;\"><span style=\"color: rgb(51, 51, 51); \"><font>根据相关法律法规的规定，在以下情形中，我们可以在不征得您的授权同意的情况下收集、使用一些必要的个人信息：</font></span></p><p style=\"margin-left: 40px;\"><span style=\"color: rgb(51, 51, 51); \">1.&nbsp;</span><span style=\"color: rgb(51, 51, 51); \"><font>与公共安全、公共卫生、重大公共利益直接相关的；</font></span></p><p style=\"margin-left: 40px;\"><span style=\"color: rgb(51, 51, 51); \">2.&nbsp;</span><span style=\"color: rgb(51, 51, 51); \"><font>出于维护您或其他个人的生命、财产等重大合法权益但又很难得到本人同意的；</font></span></p><p style=\"margin-left: 40px;\"><span style=\"color: rgb(51, 51, 51); \">3.&nbsp;</span><span style=\"color: rgb(51, 51, 51); \"><font>法律法规规定的其他情形。</font></span></p><p><span style=\"color: rgb(51, 51, 51); \"><font><b>四、我们如何保护您的个人信息</b></font></span></p><p style=\"margin-left: 40px;\"><span style=\"color: rgb(51, 51, 51); \"><font>为保障您的信息安全，我们努力采取各种合理的物理、电子和管理方面的安全措施来保护您的信息，使您的信息不会被泄漏、毁损或者丢失，包括但不限于</font>SSL、信息加密存储、数据中心的访问控制。</span></p><p style=\"margin-left: 40px;\"><span style=\"color: rgb(51, 51, 51); \"><font>数据加密：我们对于用户的</font></span><span style=\"color: rgb(51, 51, 51); \"><font>用户密码，手机号码，第三方登录信息</font></span><span style=\"color: rgb(51, 51, 51); \"><font>进行加密存储，保证用户基本信息不会被恶意获取；身份鉴别：我们通过校验账号密码或者</font></span><span style=\"color: rgb(51, 51, 51); \"><font>账号绑定的手机号码验证码，第三方</font>QQ账号，微信账号，微博账号登录授权，进行用户身份合法性鉴别，</span><span style=\"color: rgb(51, 51, 51); \"><font>防止非经授权的介入；</font></span></p><p style=\"margin-left: 40px;\"><span style=\"color: rgb(51, 51, 51); \">1.&nbsp;</span><span style=\"color: rgb(51, 51, 51); \"><font>账号保护：您的账户均有安全保护功能，请妥善保管您的账户及密码信息。对用户密码进行加密等安全措施确保您的信息不丢失，不被滥用和变造。尽管有前述安全措施，但同时也请您理解，由于技术的限制以及可能存在的各种恶意手段，即便竭尽所能加强安全措施，在信息网络上也不存在</font>“完善的安全措施”。如因您自己的原因导致账户及密码信息泄露而造成的任何法律后果需由您本人负责。</span></p><p style=\"margin-left: 40px;\"><span style=\"color: rgb(51, 51, 51); \">2.&nbsp;</span><span style=\"color: rgb(51, 51, 51); \"><font>互联网环境并非百分之百安全，我们将尽力确保或担保您发送给我们的任何信息的安全性。在不幸发生个人信息安全事件后，我们将按照法律法规的要求，及时向您告知：安全事件的基本情况和可能的影响、我们已采取或将要采取的处置措施、您可自主防范和降低风险的建议、对您的补救措施等。我们将及时将事件相关情况</font></span><span style=\"color: rgb(51, 51, 51); \"><font>手机短信的</font></span><span style=\"color: rgb(51, 51, 51); \"><font>方式告知您，难以逐一告知个人信息主体时，我们会采取合理、有效的方式发布公告。</font></span></p><p><span style=\"color: rgb(51, 51, 51); \"><font><b>五、我们如何处理未成年人的个人信息</b></font></span></p><p style=\"margin-left: 21.25pt;\"><span style=\"color: rgb(51, 51, 51); \">1.&nbsp;</span><span style=\"color: rgb(51, 51, 51); \"><font>我们的服务主要面向成年人（原则上</font>18周岁以上为成年人，16周岁以上且以自己的劳动收入为主要生活来源的我们亦视为成年人）。若您是未成年人，在使用我们的产品和/或服务前，您应在监护人的陪同下阅读本隐私政策，并应确保已征得您的监护人同意后使用我们的服务并向我们提供您的信息。 我们会根据国家相关法律法规的规定着重保护未成年人的个人信息。</span></p><p style=\"margin-left: 21.25pt;\"><span style=\"color: rgb(51, 51, 51); \">2.&nbsp;</span><span style=\"color: rgb(51, 51, 51); \"><font>如您的监护人不同意您按照本隐私政策使用我们的服务或向我们提供信息，请您立即终止使用我们的服务并及时通知我们。</font></span></p><p style=\"margin-left: 21.25pt;\"><span style=\"color: rgb(51, 51, 51); \">3.&nbsp;</span><span style=\"color: rgb(51, 51, 51); \"><font>若您是未成年人的监护人，当您对您所监护的未成年人使用我们的服务或其向我们提供的用户信息有任何疑问时，请您及时与我们联系。我们将根据国家相关法律法规及本隐私政策的规定保护未成年人用户信息的保密性及安全性。如果我们发现自己在未事先获得可证实的父母或法定监护人同意的情况下收集了未成年人的个人信息，则会设法尽快删除相关数据。</font></span></p><p><span style=\"color: rgb(51, 51, 51); \"><font><b>六、本隐私政策的更新和通知</b></font></span></p><p style=\"margin-left: 40px;\"><span style=\"color: rgb(51, 51, 51); \"><font>我们的隐私政策可能变更</font></span><span style=\"color: rgb(51, 51, 51); \"><font>，</font></span><span style=\"color: rgb(51, 51, 51); \"><font>未经您明确同意，我们不会削减您按照本隐私政策所应享有的权利</font></span><span style=\"color: rgb(51, 51, 51); \"><font>，</font></span><span style=\"color: rgb(51, 51, 51); \"><font>我们会在本页面上发布对本隐私政策所做的任何变更。</font></span></p><p style=\"margin-left: 40px;\"><span style=\"color: rgb(51, 51, 51); \"><font>对于重大变更，我们还会提供更为显著的通知（包括对于某些服务，</font>&nbsp;我们会通过</span><span style=\"color: rgb(51, 51, 51); \"><font>手机短信，站内信息</font></span><span style=\"color: rgb(51, 51, 51); \"><font>发送通知，说明隐私政策的具体变更内容）。</font></span></p><p style=\"margin-left: 40px;\"><span style=\"color: rgb(51, 51, 51); \"><font>本隐私政策所指的重大变更包括但不限于：</font></span></p><p style=\"margin-left: 40px;\"><span style=\"color: rgb(51, 51, 51); \">1.&nbsp;</span><span style=\"color: rgb(51, 51, 51); \"><font>我们的服务模式发生重大变化</font></span><span style=\"color: rgb(51, 51, 51); \"><font>，</font></span><span style=\"color: rgb(51, 51, 51); \"><font>如处理个人信息的目的、处理的个人信息类型、个人信息的使用方式等；</font></span></p><p style=\"margin-left: 40px;\"><span style=\"color: rgb(51, 51, 51); \">2.&nbsp;</span><span style=\"color: rgb(51, 51, 51); \"><font>我们在所有权结构、组织架构等方面发生重大变化</font></span><span style=\"color: rgb(51, 51, 51); \"><font>，</font></span><span style=\"color: rgb(51, 51, 51); \"><font>如业务调整、破产并购等引起的所有者变更等；</font></span></p><p style=\"margin-left: 40px;\"><span style=\"color: rgb(51, 51, 51); \">3.&nbsp;</span><span style=\"color: rgb(51, 51, 51); \"><font>个人信息共享、转让或公开披露的主要对象发生变化；</font></span></p><p style=\"margin-left: 40px;\"><span style=\"color: rgb(51, 51, 51); \">4.&nbsp;</span><span style=\"color: rgb(51, 51, 51); \"><font>您参与个人信息处理方面的权利及其行使方式发生重大变化；</font></span></p><p style=\"margin-left: 40px;\"><span style=\"color: rgb(51, 51, 51); \">5.&nbsp;</span><span style=\"color: rgb(51, 51, 51); \"><font>我们负责处理个人信息安全的责任部门、联络方式及投诉渠道发生变化时。</font></span><span style=\"color: rgb(51, 51, 51); \"><br></span></p>",
      "Describe": "隐私政策",
      "Group": "copyright",
      "Datetime": "2019-04-30T18:39:25"
    } : {}
  },
  "ServerTime": 1576846802,
  "Remark": {}
}