{
  "Status": "10000",
  "ErrorMessage": "成功",
  "Data": [{
    "ID": 1422,
    "Poster": {
      "ID": 10,
      "Place": "汉服荟App启动页",
      "Code": "hui_app_start",
      "Datetime": "2019-11-22T18:10:02"
    },
    "Title": "夕颜Hanatya",
    "ImgSrc": "https://pic.hanfugou.com/web/2019/9/21/10/60ad6bb750854797b0965ae7c95cc038.jpeg",
    "Link": null,
    "Use": true,
    "ClickCount": 0,
    "OtherID": 0,
    "UseDatetime": "2019-12-20T00:00:00",
    "Datetime": "2019-11-22T18:10:02"
  }, {
    "ID": 1423,
    "Poster": {
      "ID": 10,
      "Place": "汉服荟App启动页",
      "Code": "hui_app_start",
      "Datetime": "2019-11-22T18:10:33"
    },
    "Title": "秋月半弯",
    "ImgSrc": "https://pic.hanfugou.com/web/2019/9/22/21/536ec5be693046b5ba6a281714808a53.jpeg",
    "Link": null,
    "Use": true,
    "ClickCount": 0,
    "OtherID": 0,
    "UseDatetime": "2019-12-21T00:00:00",
    "Datetime": "2019-11-22T18:10:33"
  }, {
    "ID": 1424,
    "Poster": {
      "ID": 10,
      "Place": "汉服荟App启动页",
      "Code": "hui_app_start",
      "Datetime": "2019-11-22T18:11:43"
    },
    "Title": "冬至",
    "ImgSrc": "https://pic.hanfugou.com/web/2019/11/22/18/68beae6ee2954c95b7c3cb39c92e25ae.jpeg",
    "Link": null,
    "Use": true,
    "ClickCount": 0,
    "OtherID": 0,
    "UseDatetime": "2019-12-22T00:00:00",
    "Datetime": "2019-11-22T18:11:43"
  }],
  "ServerTime": 1576843149,
  "Remark": {}
}