{
  "Status": "10000",
  "ErrorMessage": "成功",
  "Data": [{
    "Describe": "各地年会冬至返图",
    "FaceUrl": "https://pic.hanfugou.com/android/2017/11/22/3c9f2ed05dc043e48750354020576e8e.jpg",
    "FollowCount": 73,
    "TrendCount": 130,
    "HuibaFollow": false,
    "DefaultEnum": 2,
    "ID": 6906,
    "Name": "冬至",
    "PublicShow": true
  }, {
    "Describe": "关注汉服奇妙夜吧不漏掉一条动态~",
    "FaceUrl": "https://pic.hanfugou.com/web/2019/12/13/17/c6bb3876958c44c891aa7ee2bc95d7f5.png",
    "FollowCount": 101,
    "TrendCount": 58,
    "HuibaFollow": false,
    "DefaultEnum": 2,
    "ID": 9495,
    "Name": "汉服奇妙夜",
    "PublicShow": true
  }, {
    "Describe": "关注汉服摄影吧就可以在动态里查看到哦~",
    "FaceUrl": "https://pic.hanfugou.com/pc/2019/4/28/22/d047976470fc44b6bcebb3bf8e81ffdb.jpg",
    "FollowCount": 9162,
    "TrendCount": 17173,
    "HuibaFollow": false,
    "DefaultEnum": 1,
    "ID": 629,
    "Name": "汉服摄影",
    "PublicShow": true
  }, {
    "Describe": "汉服安利、求安利都可发这里，但不允许带外链、群号、淘口令等，不可以求赞集赞，不要发布重复贴。",
    "FaceUrl": "https://pic.hanfugou.com/web/2019/5/8/23/18d5f78b71cd4d7fa877254cdc9bdca0.jpeg",
    "FollowCount": 35389,
    "TrendCount": 54757,
    "HuibaFollow": false,
    "DefaultEnum": 2,
    "ID": 6899,
    "Name": "汉服安利",
    "PublicShow": true
  }, {
    "Describe": "汉服制作、汉服科普、复原考据等内容可以放这里~",
    "FaceUrl": "https://pic.hanfugou.com/web/2019/12/6/17/67af59d8164147f9adb554707899c703.jpeg",
    "FollowCount": 21533,
    "TrendCount": 3168,
    "HuibaFollow": false,
    "DefaultEnum": 2,
    "ID": 6922,
    "Name": "汉服研习",
    "PublicShow": true
  }, {
    "Describe": "种草or拔草？汉服开箱视频和返图统统请发这里哦~",
    "FaceUrl": "https://pic.hanfugou.com/pc/2019/4/29/18/1ea1cf332965454b803d088a0d9bbebd.png",
    "FollowCount": 6110,
    "TrendCount": 2688,
    "HuibaFollow": false,
    "DefaultEnum": 1,
    "ID": 7481,
    "Name": "汉服开箱",
    "PublicShow": true
  }, {
    "Describe": "反山大本营山寨鉴定中心。",
    "FaceUrl": "https://pic.hanfugou.com/web/2019/7/29/16/86eff99433d84159b96c26023aaf66f8.png",
    "FollowCount": 12809,
    "TrendCount": 12077,
    "HuibaFollow": false,
    "DefaultEnum": 2,
    "ID": 7098,
    "Name": "山寨鉴定",
    "PublicShow": true
  }, {
    "Describe": "化妆教程、造型教程等视频、图文都可以放这哦~",
    "FaceUrl": "https://pic.hanfugou.com/web/2019/5/10/22/ded800e3edea40b1a9bd89b29bbf9997.jpeg",
    "FollowCount": 39880,
    "TrendCount": 4862,
    "HuibaFollow": false,
    "DefaultEnum": 1,
    "ID": 6921,
    "Name": "发型妆容",
    "PublicShow": true
  }, {
    "Describe": "汉服设计稿交易吧，仅允许发布专业汉服设计稿件。",
    "FaceUrl": "https://pic.hanfugou.com/pc/2018/1/12/13/e0d3fc9375e341cf8c49700e8e112e17.jpg",
    "FollowCount": 30552,
    "TrendCount": 27504,
    "HuibaFollow": false,
    "DefaultEnum": 2,
    "ID": 6500,
    "Name": "汉服设计",
    "PublicShow": true
  }, {
    "Describe": "舞蹈视频分享，舞蹈教程，原创和翻跳都可以哦~",
    "FaceUrl": "https://pic.hanfugou.com/web/2019/5/10/17/8cb3aba0fd99491bbc8e7b657010d97b.jpeg",
    "FollowCount": 10281,
    "TrendCount": 601,
    "HuibaFollow": false,
    "DefaultEnum": 2,
    "ID": 475,
    "Name": "汉舞",
    "PublicShow": true
  }, {
    "Describe": "汉服相关的新闻、资讯、大事件讨论",
    "FaceUrl": "https://pic.hanfugou.com/web/2019/7/29/14/cb7c16ef938a470c9a5426cd9970f42e.png",
    "FollowCount": 11475,
    "TrendCount": 1717,
    "HuibaFollow": false,
    "DefaultEnum": 2,
    "ID": 6738,
    "Name": "汉服资讯",
    "PublicShow": true
  }],
  "ServerTime": 1576842853,
  "Remark": {}
}