{
  "Status": "10000",
  "ErrorMessage": "成功",
  "Data": [{
    "User": {
      "Gender": null,
      "MainBgPic": null,
      "AuthenticateCode": null,
      "AuthenticateName": null,
      "AuthenticateID": 0,
      "CityNames": null,
      "Describe": "让妆娘被看见，让妆造变简单；妆造视频作品投递截止时间2019年8月31日。",
      "AtteCount": 0,
      "ViolationCount": 0,
      "FansCount": 0,
      "UserAtte": false,
      "GoodAlbumCount": 0,
      "Popularity": 0,
      "UseHanbi": 0,
      "Close": false,
      "Black": false,
      "NoteName": null,
      "ID": 985319,
      "UserName": null,
      "NickName": "菩提银月",
      "HeadUrl": "https://pic.hanfugou.com/android/2019/6/31/ee6194c2082e4e8fa49df2e2aef5ab9c.jpg"
    },
    "TypeID": 0,
    "Top": false,
    "Good": false,
    "GoodDatetime": "0001-01-01T00:00:00",
    "TrendGood": false,
    "AlbumGood": false,
    "VideoGood": false,
    "TopicGood": false,
    "WordGood": false,
    "Weight": 0,
    "HotSort": 0,
    "Datetime": "2019-09-03T22:17:52",
    "Describe": "让妆娘被看见，让妆造变简单；妆造视频作品投递截止时间2019年8月31日。",
    "FaceUrl": "https://pic.hanfugou.com/web/2019/6/13/18/73c32d5707f2432897f91d80dcb96b89.png",
    "FollowCount": 1994,
    "TrendCount": 238,
    "HuibaFollow": true,
    "DefaultEnum": 0,
    "ID": 7566,
    "Name": "你好妆娘",
    "PublicShow": false
  }, {
    "User": {
      "Gender": null,
      "MainBgPic": null,
      "AuthenticateCode": null,
      "AuthenticateName": null,
      "AuthenticateID": 0,
      "CityNames": null,
      "Describe": "同袍征CP征对象专区。格式：爆照+介绍+CP要求",
      "AtteCount": 0,
      "ViolationCount": 0,
      "FansCount": 0,
      "UserAtte": false,
      "GoodAlbumCount": 0,
      "Popularity": 0,
      "UseHanbi": 0,
      "Close": false,
      "Black": false,
      "NoteName": null,
      "ID": 985319,
      "UserName": null,
      "NickName": "菩提银月",
      "HeadUrl": "https://pic.hanfugou.com/android/2019/6/31/ee6194c2082e4e8fa49df2e2aef5ab9c.jpg"
    },
    "TypeID": 0,
    "Top": false,
    "Good": false,
    "GoodDatetime": "0001-01-01T00:00:00",
    "TrendGood": false,
    "AlbumGood": false,
    "VideoGood": false,
    "TopicGood": false,
    "WordGood": false,
    "Weight": 0,
    "HotSort": 0,
    "Datetime": "2019-07-31T14:33:22",
    "Describe": "同袍征CP征对象专区。格式：爆照+介绍+CP要求",
    "FaceUrl": "https://pic.hanfugou.com/pc/2019/4/28/23/7f40b8088aca43eba887b7663f4fdefe.jpg",
    "FollowCount": 7261,
    "TrendCount": 3952,
    "HuibaFollow": true,
    "DefaultEnum": 0,
    "ID": 6499,
    "Name": "CP求带走",
    "PublicShow": false
  }, {
    "User": {
      "Gender": null,
      "MainBgPic": null,
      "AuthenticateCode": null,
      "AuthenticateName": null,
      "AuthenticateID": 0,
      "CityNames": null,
      "Describe": "每年11月22日为同袍的汉服出行日",
      "AtteCount": 0,
      "ViolationCount": 0,
      "FansCount": 0,
      "UserAtte": false,
      "GoodAlbumCount": 0,
      "Popularity": 0,
      "UseHanbi": 0,
      "Close": false,
      "Black": false,
      "NoteName": null,
      "ID": 985319,
      "UserName": null,
      "NickName": "菩提银月",
      "HeadUrl": "https://pic.hanfugou.com/android/2019/6/31/ee6194c2082e4e8fa49df2e2aef5ab9c.jpg"
    },
    "TypeID": 0,
    "Top": false,
    "Good": false,
    "GoodDatetime": "0001-01-01T00:00:00",
    "TrendGood": false,
    "AlbumGood": false,
    "VideoGood": false,
    "TopicGood": false,
    "WordGood": false,
    "Weight": 0,
    "HotSort": 0,
    "Datetime": "2019-04-29T17:10:13",
    "Describe": "每年11月22日为同袍的汉服出行日",
    "FaceUrl": "https://pic.hanfugou.com/pc/2018/11/14/17/a65cf0788e214ab39ceb77dddfbeba98.png",
    "FollowCount": 1557,
    "TrendCount": 3302,
    "HuibaFollow": true,
    "DefaultEnum": 0,
    "ID": 7155,
    "Name": "汉服出行日",
    "PublicShow": false
  }],
  "ServerTime": 1576844287,
  "Remark": {}
}