{
    "Status": "10000",
    "ErrorMessage": "成功",
    "Data": [
        {
            "Describe": "怎么向父母朋友安利汉服，以及汉服遇到的各种社会问题怎么处理，来这里求同袍帮忙支招吧",
            "FaceUrl": "http://pic.hanfugou.com/web/2019/5/16/18/ac06e23a4d0e419eac623c3dce16202b.jpeg",
            "FollowCount": 8983,
            "TrendCount": 3900,
            "HuibaFollow": false,
            "DefaultEnum": 1,
            "ID": 6562,
            "Name": "袍子支招",
            "PublicShow": true
        },
        {
            "Describe": "同袍征CP征对象专区。格式：爆照+介绍+CP要求",
            "FaceUrl": "http://pic.hanfugou.com/pc/2019/4/28/23/7f40b8088aca43eba887b7663f4fdefe.jpg",
            "FollowCount": 7261,
            "TrendCount": 3952,
            "HuibaFollow": true,
            "DefaultEnum": 1,
            "ID": 6499,
            "Name": "CP求带走",
            "PublicShow": true
        },
        {
            "Describe": "吐槽商家，吐槽小荟，吐槽某些事情，记得吐槽才是真爱哦。",
            "FaceUrl": "http://pic.hanfugou.com/pc/2017/8/17/20/a6fedd5c4a3e4f02bbe3c2ccd6812154.png",
            "FollowCount": 779,
            "TrendCount": 5708,
            "HuibaFollow": false,
            "DefaultEnum": 1,
            "ID": 6536,
            "Name": "和谐吐槽",
            "PublicShow": true
        },
        {
            "Describe": "同袍见同袍，两眼泪汪汪，有什么情感问题可以放这里哦~",
            "FaceUrl": "http://pic.hanfugou.com/pc/2017/8/20/13/1d10b10f6bd24985950041a4e414848b.jpg",
            "FollowCount": 295,
            "TrendCount": 887,
            "HuibaFollow": false,
            "DefaultEnum": 1,
            "ID": 6523,
            "Name": "情感树洞",
            "PublicShow": true
        }
    ],
    "ServerTime": 1576856999,
    "Remark": {}
}