{
    "Status": "10000",
    "ErrorMessage": "成功",
    "Data": [
        {
            "ID": 1,
            "TypeName": "汉服",
            "HuibaCount": 25,
            "Datetime": "2017-09-25T23:18:18"
        },
        {
            "ID": 3,
            "TypeName": "兴趣",
            "HuibaCount": 21,
            "Datetime": "2017-09-25T23:18:49"
        },
        {
            "ID": 4,
            "TypeName": "交友",
            "HuibaCount": 9,
            "Datetime": "2017-09-25T23:18:53"
        },
        {
            "ID": 5,
            "TypeName": "摄影",
            "HuibaCount": 23,
            "Datetime": "2017-09-25T23:18:58"
        },
        {
            "ID": 7,
            "TypeName": "活动",
            "HuibaCount": 12,
            "Datetime": "2017-11-19T21:40:35"
        }
    ],
    "ServerTime": 1576856947,
    "Remark": {}
}