{
  "Status": "10000",
  "ErrorMessage": "成功",
  "Data": [{
    "Gender": "女",
    "MainBgPic": null,
    "AuthenticateCode": null,
    "AuthenticateName": null,
    "AuthenticateID": 0,
    "CityNames": "广西,南宁",
    "Describe": "爱爱",
    "AtteCount": 0,
    "ViolationCount": 0,
    "FansCount": 0,
    "UserAtte": true,
    "GoodAlbumCount": 0,
    "Popularity": 0,
    "UseHanbi": 0,
    "Close": false,
    "Black": false,
    "NoteName": null,
    "ID": 1386279,
    "UserName": null,
    "NickName": "连连银月",
    "HeadUrl": "https://pic.hanfugou.com/web/2019/8/28/18/b9df73876ef74dc9a6d359ac9a2de0a5.jpg"
  }, {
    "Gender": "女",
    "MainBgPic": null,
    "AuthenticateCode": null,
    "AuthenticateName": null,
    "AuthenticateID": 0,
    "CityNames": "四川,成都",
    "Describe": null,
    "AtteCount": 0,
    "ViolationCount": 0,
    "FansCount": 0,
    "UserAtte": true,
    "GoodAlbumCount": 0,
    "Popularity": 0,
    "UseHanbi": 0,
    "Close": false,
    "Black": false,
    "NoteName": null,
    "ID": 471987,
    "UserName": null,
    "NickName": "木希",
    "HeadUrl": "https://pic.hanfugou.com/android/2019/1/4/5eddf30eec0c4c7fb5557a78235d5414.jpg"
  }, {
    "Gender": "女",
    "MainBgPic": null,
    "AuthenticateCode": null,
    "AuthenticateName": null,
    "AuthenticateID": 0,
    "CityNames": "广东,广州",
    "Describe": "广州白云女摄影。",
    "AtteCount": 0,
    "ViolationCount": 0,
    "FansCount": 0,
    "UserAtte": true,
    "GoodAlbumCount": 0,
    "Popularity": 0,
    "UseHanbi": 0,
    "Close": false,
    "Black": false,
    "NoteName": null,
    "ID": 95676,
    "UserName": null,
    "NickName": "聆荨姝俹",
    "HeadUrl": "https://pic.hanfugou.com/android/2018/10/7/3acf272079f54e909b035c4d02150741.jpg"
  }, {
    "Gender": "女",
    "MainBgPic": null,
    "AuthenticateCode": "kol",
    "AuthenticateName": null,
    "AuthenticateID": 0,
    "CityNames": "云南,大理",
    "Describe": "摄影师乔雨诺  接商拍～合作加v：qyn766687940  微博:乔雨诺＿sky",
    "AtteCount": 0,
    "ViolationCount": 0,
    "FansCount": 0,
    "UserAtte": true,
    "GoodAlbumCount": 0,
    "Popularity": 0,
    "UseHanbi": 0,
    "Close": false,
    "Black": false,
    "NoteName": null,
    "ID": 92481,
    "UserName": null,
    "NickName": "花轻梦v",
    "HeadUrl": "https://pic.hanfugou.com//android/2019/8/30/c42d1ff3246e43498f963f7e3e2bcf2d.jpg"
  }, {
    "Gender": "女",
    "MainBgPic": null,
    "AuthenticateCode": null,
    "AuthenticateName": null,
    "AuthenticateID": 0,
    "CityNames": "广东,广州",
    "Describe": "拈花湿雨未知时",
    "AtteCount": 0,
    "ViolationCount": 0,
    "FansCount": 0,
    "UserAtte": true,
    "GoodAlbumCount": 0,
    "Popularity": 0,
    "UseHanbi": 0,
    "Close": false,
    "Black": false,
    "NoteName": null,
    "ID": 343932,
    "UserName": null,
    "NickName": "谢嘉妍",
    "HeadUrl": "https://pic.hanfugou.com/web/2018/11/20/22/f959d83078c34377a06f1f3f7f5fd5c2.jpg"
  }, {
    "Gender": "女",
    "MainBgPic": null,
    "AuthenticateCode": null,
    "AuthenticateName": null,
    "AuthenticateID": 0,
    "CityNames": "吉林,长春",
    "Describe": "每日安利平价汉服（不接设计图）不定时开箱，但长期吃土",
    "AtteCount": 0,
    "ViolationCount": 0,
    "FansCount": 0,
    "UserAtte": true,
    "GoodAlbumCount": 0,
    "Popularity": 0,
    "UseHanbi": 0,
    "Close": false,
    "Black": false,
    "NoteName": null,
    "ID": 65910,
    "UserName": null,
    "NickName": "南风(安利爱好者)",
    "HeadUrl": "https://pic.hanfugou.com/web/2016/5/30/21/b7df716c383f4942bf5622993dcc3646.jpg"
  }, {
    "Gender": "女",
    "MainBgPic": null,
    "AuthenticateCode": null,
    "AuthenticateName": null,
    "AuthenticateID": 0,
    "CityNames": "北京,东城",
    "Describe": "该同袍还不知道怎么描述寄己 (╯▽╰)╭",
    "AtteCount": 0,
    "ViolationCount": 0,
    "FansCount": 0,
    "UserAtte": true,
    "GoodAlbumCount": 0,
    "Popularity": 0,
    "UseHanbi": 0,
    "Close": false,
    "Black": false,
    "NoteName": null,
    "ID": 712206,
    "UserName": null,
    "NickName": "甜系大壳",
    "HeadUrl": "https://pic.hanfugou.com/android/2019/6/17/d2a5b41aebcc4bfe83c0d626e3aaf199.jpg"
  }, {
    "Gender": "男",
    "MainBgPic": null,
    "AuthenticateCode": null,
    "AuthenticateName": null,
    "AuthenticateID": 0,
    "CityNames": "广西,百色",
    "Describe": "身为彝族，喜欢汉文化。对汉文化，也像对自己的民族文化一样",
    "AtteCount": 0,
    "ViolationCount": 0,
    "FansCount": 0,
    "UserAtte": true,
    "GoodAlbumCount": 0,
    "Popularity": 0,
    "UseHanbi": 0,
    "Close": false,
    "Black": false,
    "NoteName": null,
    "ID": 54902,
    "UserName": null,
    "NickName": "若雪第一靓",
    "HeadUrl": "https://pic.hanfugou.com//android/2019/11/6/bbafc3329ad744779c7a0766e35d800e.jpg"
  }, {
    "Gender": "女",
    "MainBgPic": null,
    "AuthenticateCode": null,
    "AuthenticateName": null,
    "AuthenticateID": 0,
    "CityNames": "吉林,长春",
    "Describe": "多多点赞才有动力呀！",
    "AtteCount": 0,
    "ViolationCount": 0,
    "FansCount": 0,
    "UserAtte": true,
    "GoodAlbumCount": 0,
    "Popularity": 0,
    "UseHanbi": 0,
    "Close": false,
    "Black": false,
    "NoteName": null,
    "ID": 385894,
    "UserName": null,
    "NickName": "点赞多安利多",
    "HeadUrl": "https://pic.hanfugou.com//android/2019/10/16/84673dd3177a4809adf1ffe82b8fe3bb.png"
  }, {
    "Gender": "女",
    "MainBgPic": null,
    "AuthenticateCode": null,
    "AuthenticateName": null,
    "AuthenticateID": 0,
    "CityNames": "广西,柳州",
    "Describe": "随缘更新⁽˚̌ʷ˚̌ʺ⁾投稿安利勾搭我呀є(･◇･｡)э回复信息可能比较慢，见谅欧",
    "AtteCount": 0,
    "ViolationCount": 0,
    "FansCount": 0,
    "UserAtte": true,
    "GoodAlbumCount": 0,
    "Popularity": 0,
    "UseHanbi": 0,
    "Close": false,
    "Black": false,
    "NoteName": null,
    "ID": 539552,
    "UserName": null,
    "NickName": "卑微浔（佛系安利）",
    "HeadUrl": "https://pic.hanfugou.com/android/2019/6/2/426fc99af45544918f09f8ea78ce7d85.jpg"
  }],
  "ServerTime": 1576844242,
  "Remark": {}
}