{
  "Status": "10000",
  "ErrorMessage": "成功",
  "Data": [{
    "ID": 55721,
    "User": {
      "Gender": "男",
      "MainBgPic": null,
      "AuthenticateCode": null,
      "AuthenticateName": null,
      "AuthenticateID": 0,
      "CityNames": "江苏,苏州",
      "Describe": null,
      "AtteCount": 0,
      "ViolationCount": 0,
      "FansCount": 0,
      "UserAtte": false,
      "GoodAlbumCount": 0,
      "Popularity": 0,
      "UseHanbi": 0,
      "Close": false,
      "Black": false,
      "NoteName": null,
      "ID": 1596870,
      "UserName": null,
      "NickName": "观沭原创汉服",
      "HeadUrl": "https://pic.hanfugou.com/ios/2019/12/25/17/10/157726503239971.jpg"
    },
    "ObjectID": 46324,
    "ObjectType": "video",
    "Note": "祝大家圣诞快乐。新品上架望大家多多安利重工刺绣",
    "Pics": ["https://pic.hanfugou.com/ios/2019/12/25/19/14/157727248713881.jpg"],
    "Reason": "带有二维码/诱导点赞/群号",
    "Punish": "删除动态",
    "Datetime": "2019-12-25T19:32:41"
  }, {
    "ID": 55720,
    "User": {
      "Gender": "女",
      "MainBgPic": null,
      "AuthenticateCode": null,
      "AuthenticateName": null,
      "AuthenticateID": 0,
      "CityNames": "浙江,杭州",
      "Describe": null,
      "AtteCount": 0,
      "ViolationCount": 0,
      "FansCount": 0,
      "UserAtte": false,
      "GoodAlbumCount": 0,
      "Popularity": 0,
      "UseHanbi": 0,
      "Close": false,
      "Black": false,
      "NoteName": null,
      "ID": 433919,
      "UserName": null,
      "NickName": "不孤alone",
      "HeadUrl": "https://pic.hanfugou.com/android/2019/7/3/66ee842533eb48a4b5405e77df411e0f.jpg"
    },
    "ObjectID": 2992433,
    "ObjectType": "trend",
    "Note": "这几天天天逛微博欣赏美丽的肉体。快乐～",
    "Pics": ["https://pic.hanfugou.com/android/2019/11/25/bec163ed5fb44ac7a4d139d75dc6f3be.jpg"],
    "Reason": "内容影响社区氛围",
    "Punish": "删除动态",
    "Datetime": "2019-12-25T18:42:12"
  }, {
    "ID": 55719,
    "User": {
      "Gender": "女",
      "MainBgPic": null,
      "AuthenticateCode": null,
      "AuthenticateName": null,
      "AuthenticateID": 0,
      "CityNames": "浙江,杭州",
      "Describe": null,
      "AtteCount": 0,
      "ViolationCount": 0,
      "FansCount": 0,
      "UserAtte": false,
      "GoodAlbumCount": 0,
      "Popularity": 0,
      "UseHanbi": 0,
      "Close": false,
      "Black": false,
      "NoteName": null,
      "ID": 1604600,
      "UserName": null,
      "NickName": "如美人残",
      "HeadUrl": "https://pic.hanfugou.com/pc/2015/12/3/21/b7a0c03d449e4110863b9f804bdf8c38.jpg"
    },
    "ObjectID": 2992775,
    "ObjectType": "trend",
    "Note": "有没有下沙的朋友要租房子的可以进来看看",
    "Pics": ["https://pic.hanfugou.com/android/2019/11/25/1cac3d23bede4265ab98c07b1e06f7fc.jpg"],
    "Reason": "带有二维码/诱导点赞/群号",
    "Punish": "删除动态",
    "Datetime": "2019-12-25T18:32:08"
  }, {
    "ID": 55718,
    "User": {
      "Gender": "女",
      "MainBgPic": null,
      "AuthenticateCode": null,
      "AuthenticateName": null,
      "AuthenticateID": 0,
      "CityNames": "云南,昆明",
      "Describe": null,
      "AtteCount": 0,
      "ViolationCount": 0,
      "FansCount": 0,
      "UserAtte": false,
      "GoodAlbumCount": 0,
      "Popularity": 0,
      "UseHanbi": 0,
      "Close": false,
      "Black": false,
      "NoteName": null,
      "ID": 138465,
      "UserName": null,
      "NickName": "赟",
      "HeadUrl": "https://pic.hanfugou.com/android/2018/10/3/36ddc3821bf1414f8ebc224b3eef9375.jpg"
    },
    "ObjectID": 2992516,
    "ObjectType": "trend",
    "Note": "快来薅羊毛啦！",
    "Pics": ["https://pic.hanfugou.com/android/2019/11/25/eadbb5d200bc49dbbdea2aa86a52f671.jpg"],
    "Reason": "带有二维码/诱导点赞/群号",
    "Punish": "删除动态",
    "Datetime": "2019-12-25T17:01:56"
  }, {
    "ID": 55717,
    "User": {
      "Gender": "女",
      "MainBgPic": null,
      "AuthenticateCode": null,
      "AuthenticateName": null,
      "AuthenticateID": 0,
      "CityNames": "云南,玉溪",
      "Describe": null,
      "AtteCount": 0,
      "ViolationCount": 0,
      "FansCount": 0,
      "UserAtte": false,
      "GoodAlbumCount": 0,
      "Popularity": 0,
      "UseHanbi": 0,
      "Close": true,
      "Black": true,
      "NoteName": null,
      "ID": 1673232,
      "UserName": null,
      "NickName": "(已封号)神赐的小仙女123",
      "HeadUrl": "https://pic.hanfugou.com/android/2019/11/12/aebac05df5f6494a8df93789179f7b0a.jpg"
    },
    "ObjectID": 0,
    "ObjectType": null,
    "Note": null,
    "Pics": null,
    "Reason": null,
    "Punish": "封号",
    "Datetime": "2019-12-25T14:58:45"
  }, {
    "ID": 55716,
    "User": {
      "Gender": "女",
      "MainBgPic": null,
      "AuthenticateCode": null,
      "AuthenticateName": null,
      "AuthenticateID": 0,
      "CityNames": "云南,玉溪",
      "Describe": null,
      "AtteCount": 0,
      "ViolationCount": 0,
      "FansCount": 0,
      "UserAtte": false,
      "GoodAlbumCount": 0,
      "Popularity": 0,
      "UseHanbi": 0,
      "Close": true,
      "Black": true,
      "NoteName": null,
      "ID": 1673232,
      "UserName": null,
      "NickName": "(已封号)神赐的小仙女123",
      "HeadUrl": "https://pic.hanfugou.com/android/2019/11/12/aebac05df5f6494a8df93789179f7b0a.jpg"
    },
    "ObjectID": 0,
    "ObjectType": null,
    "Note": null,
    "Pics": null,
    "Reason": "私下交易涉嫌欺诈被多名名用户举报",
    "Punish": "禁言15天",
    "Datetime": "2019-12-25T14:58:36"
  }, {
    "ID": 55715,
    "User": {
      "Gender": "女",
      "MainBgPic": null,
      "AuthenticateCode": null,
      "AuthenticateName": null,
      "AuthenticateID": 0,
      "CityNames": "云南,玉溪",
      "Describe": null,
      "AtteCount": 0,
      "ViolationCount": 0,
      "FansCount": 0,
      "UserAtte": false,
      "GoodAlbumCount": 0,
      "Popularity": 0,
      "UseHanbi": 0,
      "Close": true,
      "Black": true,
      "NoteName": null,
      "ID": 1673232,
      "UserName": null,
      "NickName": "(已封号)神赐的小仙女123",
      "HeadUrl": "https://pic.hanfugou.com/android/2019/11/12/aebac05df5f6494a8df93789179f7b0a.jpg"
    },
    "ObjectID": 2990340,
    "ObjectType": "trend",
    "Note": "出帝锦 正  仅试穿 800  可大刀  私信我！！！可顺丰",
    "Pics": ["https://pic.hanfugou.com/android/2019/11/24/910078fb7a1e4129b299338c3871644b.jpg"],
    "Reason": "没有二手交易凭证/无实物图安利",
    "Punish": "删除动态",
    "Datetime": "2019-12-25T14:58:03"
  }, {
    "ID": 55714,
    "User": {
      "Gender": "女",
      "MainBgPic": null,
      "AuthenticateCode": null,
      "AuthenticateName": null,
      "AuthenticateID": 0,
      "CityNames": "云南,玉溪",
      "Describe": null,
      "AtteCount": 0,
      "ViolationCount": 0,
      "FansCount": 0,
      "UserAtte": false,
      "GoodAlbumCount": 0,
      "Popularity": 0,
      "UseHanbi": 0,
      "Close": true,
      "Black": true,
      "NoteName": null,
      "ID": 1673232,
      "UserName": null,
      "NickName": "(已封号)神赐的小仙女123",
      "HeadUrl": "https://pic.hanfugou.com/android/2019/11/12/aebac05df5f6494a8df93789179f7b0a.jpg"
    },
    "ObjectID": 2990473,
    "ObjectType": "trend",
    "Note": "出繁韶帝锦650   来仪600  退坑大甩卖了！！！！！",
    "Pics": ["https://pic.hanfugou.com/android/2019/11/24/936a2c1d77664ce8aecdaefdff188b20.jpg", "https://pic.hanfugou.com/android/2019/11/24/7892f9f5e7c34d85be32d9f4a69bdc5d.jpg"],
    "Reason": "没有二手交易凭证/无实物图安利",
    "Punish": "删除动态",
    "Datetime": "2019-12-25T14:58:01"
  }, {
    "ID": 55713,
    "User": {
      "Gender": "女",
      "MainBgPic": null,
      "AuthenticateCode": null,
      "AuthenticateName": null,
      "AuthenticateID": 0,
      "CityNames": "云南,昆明",
      "Describe": null,
      "AtteCount": 0,
      "ViolationCount": 0,
      "FansCount": 0,
      "UserAtte": false,
      "GoodAlbumCount": 0,
      "Popularity": 0,
      "UseHanbi": 0,
      "Close": false,
      "Black": false,
      "NoteName": null,
      "ID": 1693564,
      "UserName": null,
      "NickName": "及伦",
      "HeadUrl": "https://pic.hanfugou.com/android/2019/11/23/1c8de5a8b5aa45e493cdc1231d106022.jpg"
    },
    "ObjectID": 2991917,
    "ObjectType": "trend",
    "Note": "【佳时手作】快来看看我吧正绢口金包限时团购团购扣扣群：******可以加群了解 反正也不要钱（来料口金...",
    "Pics": ["https://pic.hanfugou.com/android/2019/11/25/5c2c4c6e973b41bdb2eb535770a7fd6a.jpg", "https://pic.hanfugou.com/android/2019/11/25/50caa2ab7c764c92a90b15d2649f0762.jpg", "https://pic.hanfugou.com/android/2019/11/25/b659f3510dea46d98f76cbd3b7a9588d.jpg", "https://pic.hanfugou.com/android/2019/11/25/a4a5242da5b9431ca9743c52fd3f05fa.jpg", "https://pic.hanfugou.com/android/2019/11/25/88b9504ffd034d099c4f3ddc9d71a4a2.jpg", "https://pic.hanfugou.com/android/2019/11/25/053c170922964189a523606fbc3aa540.jpg", "https://pic.hanfugou.com/android/2019/11/25/af1d8efe923e4ac8bb528470cc93783c.jpg", "https://pic.hanfugou.com/android/2019/11/25/da80cd7a8deb4edf90bb475d7add2847.jpg"],
    "Reason": "带有二维码/诱导点赞/群号",
    "Punish": "删除动态",
    "Datetime": "2019-12-25T14:05:27"
  }, {
    "ID": 55712,
    "User": {
      "Gender": "女",
      "MainBgPic": null,
      "AuthenticateCode": null,
      "AuthenticateName": null,
      "AuthenticateID": 0,
      "CityNames": "云南,玉溪",
      "Describe": null,
      "AtteCount": 0,
      "ViolationCount": 0,
      "FansCount": 0,
      "UserAtte": false,
      "GoodAlbumCount": 0,
      "Popularity": 0,
      "UseHanbi": 0,
      "Close": true,
      "Black": true,
      "NoteName": null,
      "ID": 1673232,
      "UserName": null,
      "NickName": "(已封号)神赐的小仙女123",
      "HeadUrl": "https://pic.hanfugou.com/android/2019/11/12/aebac05df5f6494a8df93789179f7b0a.jpg"
    },
    "ObjectID": 2992189,
    "ObjectType": "trend",
    "Note": "出繁韶来仪 枫叶红  m l.都可以穿  汉服荟不常在线  加微细聊 w******     仅试穿  600   退坑贱卖 给...",
    "Pics": ["https://pic.hanfugou.com/android/2019/11/25/7c7e1bfb15be433780a1ffa77c64e9dd.jpg", "https://pic.hanfugou.com/android/2019/11/25/379e9cb93e2a4f5985aa4f6636480fa2.jpg", "https://pic.hanfugou.com/android/2019/11/25/bea0bf8e9f104f43b40f26ce0897b35c.jpg"],
    "Reason": "刷屏/灌水/内容涉及侵权",
    "Punish": "删除动态",
    "Datetime": "2019-12-25T14:04:06"
  }],
  "ServerTime": 1577280319,
  "Remark": {
    "count": 55713
  }
}