{
  "Status": "10000",
  "ErrorMessage": "成功",
  "Data": function({
    _req
  }) {
    return _req.query.type == 'album' ? [{
      "ShowIM": false,
      "HideTop": false,
      "WordCount": 3,
      "AlbumCount": 135,
      "VideoCount": 0,
      "TopicCount": 2,
      "Hanbi": 1922,
      "SigninCount": 1,
      "Gender": "男",
      "MainBgPic": "https://pic.hanfugou.com/bg/2015/12/9/21/5970fb8b77b04c03b8778a8b62901591.jpg",
      "AuthenticateCode": "kol",
      "AuthenticateName": "摄影达人",
      "AuthenticateID": 0,
      "CityNames": "江苏,南京",
      "Describe": "摄影接单，微信13072516195  QQ48081229",
      "AtteCount": 78,
      "ViolationCount": 0,
      "FansCount": 3550,
      "UserAtte": false,
      "GoodAlbumCount": 74,
      "Popularity": 13092,
      "UseHanbi": 100,
      "Close": false,
      "Black": false,
      "NoteName": null,
      "ID": 417,
      "UserName": "diozhao",
      "NickName": "秋月半弯",
      "HeadUrl": "https://pic.hanfugou.com/head/2013/11/5/23/074c89f36c95471c9db3dfc4968c8c1a.jpg"
    }, {
      "ShowIM": false,
      "HideTop": false,
      "WordCount": 1,
      "AlbumCount": 123,
      "VideoCount": 15,
      "TopicCount": 8,
      "Hanbi": 1988,
      "SigninCount": 8,
      "Gender": "女",
      "MainBgPic": "https://pic.hanfugou.com/bg/2016/2/13/23/dc90802efc1c421387fe4a09e047a918.jpg",
      "AuthenticateCode": "kol",
      "AuthenticateName": "摄影达人",
      "AuthenticateID": 0,
      "CityNames": "上海,长宁",
      "Describe": "天朗气清，惠风和畅。",
      "AtteCount": 94,
      "ViolationCount": 0,
      "FansCount": 2564,
      "UserAtte": false,
      "GoodAlbumCount": 62,
      "Popularity": 30004,
      "UseHanbi": 4682,
      "Close": false,
      "Black": false,
      "NoteName": null,
      "ID": 26025,
      "UserName": "elunalan",
      "NickName": "饺子君",
      "HeadUrl": "https://pic.hanfugou.com/head/2015/6/26/17/9a374f0d06424f40ae02deb62e95cd87.jpg"
    }, {
      "ShowIM": false,
      "HideTop": false,
      "WordCount": 0,
      "AlbumCount": 168,
      "VideoCount": 4,
      "TopicCount": 35,
      "Hanbi": 4344,
      "SigninCount": 1,
      "Gender": "女",
      "MainBgPic": "https://pic.hanfugou.com/bg/2015/9/15/11/7fa6dc5d851940c88255197904ff35e8.jpg",
      "AuthenticateCode": "kol",
      "AuthenticateName": "摄影达人",
      "AuthenticateID": 0,
      "CityNames": "陕西,西安",
      "Describe": "长期坐标西安妹摄，约片加vx:281689504.【请注明来意哦~】【wb：@洛离洛离_  】手动比心~~",
      "AtteCount": 32,
      "ViolationCount": 0,
      "FansCount": 1880,
      "UserAtte": false,
      "GoodAlbumCount": 61,
      "Popularity": 12833,
      "UseHanbi": 120,
      "Close": false,
      "Black": false,
      "NoteName": null,
      "ID": 667,
      "UserName": "99lovevae",
      "NickName": "洛离洛离_",
      "HeadUrl": "https://pic.hanfugou.com/head/2013/11/25/1237140.jpg"
    }, {
      "ShowIM": false,
      "HideTop": false,
      "WordCount": 3,
      "AlbumCount": 58,
      "VideoCount": 5,
      "TopicCount": 1,
      "Hanbi": 4132,
      "SigninCount": 570,
      "Gender": "女",
      "MainBgPic": "https://pic.hanfugou.com/pc/2016/5/9/13/3909ab889bbd4d65bab8c940fc02f99c.jpg",
      "AuthenticateCode": "kol",
      "AuthenticateName": "摄影达人",
      "AuthenticateID": 0,
      "CityNames": "浙江,杭州",
      "Describe": "同袍妹摄一枚。（BetterMe，遇见更好的自己）",
      "AtteCount": 262,
      "ViolationCount": 0,
      "FansCount": 2685,
      "UserAtte": false,
      "GoodAlbumCount": 48,
      "Popularity": 7764,
      "UseHanbi": 0,
      "Close": false,
      "Black": false,
      "NoteName": null,
      "ID": 1510,
      "UserName": "Sugus_Lian",
      "NickName": "塔米_BetterMe",
      "HeadUrl": "https://pic.hanfugou.com/pc/2016/10/16/1/f35b42a6aa3d42f593279742d28f5020.png"
    }, {
      "ShowIM": false,
      "HideTop": false,
      "WordCount": 0,
      "AlbumCount": 91,
      "VideoCount": 1,
      "TopicCount": 0,
      "Hanbi": 1181,
      "SigninCount": 1,
      "Gender": "女",
      "MainBgPic": "https://pic.hanfugou.com/bg/2014/4/24/11/6c4ca2a14c784bd1a18c16d4a46234dd.jpg",
      "AuthenticateCode": "kol",
      "AuthenticateName": "摄影达人",
      "AuthenticateID": 0,
      "CityNames": "广东,深圳",
      "Describe": "妹摄常驻深圳、南宁约拍微信：lylelee831约拍微博：阿凝-Lylelee0831",
      "AtteCount": 28,
      "ViolationCount": 0,
      "FansCount": 1005,
      "UserAtte": false,
      "GoodAlbumCount": 47,
      "Popularity": 4310,
      "UseHanbi": 0,
      "Close": false,
      "Black": false,
      "NoteName": null,
      "ID": 116757,
      "UserName": "697905689",
      "NickName": "阿凝-Lylelee0831",
      "HeadUrl": "https://pic.hanfugou.com/web/2017/7/3/13/ba705b9104f447a4981045f844845ce1.jpg"
    }, {
      "ShowIM": false,
      "HideTop": false,
      "WordCount": 0,
      "AlbumCount": 112,
      "VideoCount": 4,
      "TopicCount": 0,
      "Hanbi": 1170,
      "SigninCount": 1,
      "Gender": "男",
      "MainBgPic": "https://pic.hanfugou.com/web/2018/5/15/11/59857442ceac464599b554255d6c09d5.jpeg",
      "AuthenticateCode": "kol",
      "AuthenticateName": "摄影达人",
      "AuthenticateID": 0,
      "CityNames": "福建,福州",
      "Describe": "忆摄影像工作室  摄影总监   五年汉服摄影经验，提供妆造，服装，首饰，道具一条龙服务   微信/QQ：370950785   接商图",
      "AtteCount": 10,
      "ViolationCount": 0,
      "FansCount": 1398,
      "UserAtte": false,
      "GoodAlbumCount": 45,
      "Popularity": 4813,
      "UseHanbi": 0,
      "Close": false,
      "Black": false,
      "NoteName": null,
      "ID": 82254,
      "UserName": "513659787",
      "NickName": "辰风学长—福州约拍",
      "HeadUrl": "https://pic.hanfugou.com/pc/2017/11/26/22/83955c43f227402d9c52c326b2f00c74.jpg"
    }, {
      "ShowIM": false,
      "HideTop": false,
      "WordCount": 0,
      "AlbumCount": 61,
      "VideoCount": 0,
      "TopicCount": 0,
      "Hanbi": 2341,
      "SigninCount": 1,
      "Gender": "女",
      "MainBgPic": "https://pic.hanfugou.com/bg/2015/11/25/10/5c6e98c9ce7047f9b289322dd99f6e48.jpg",
      "AuthenticateCode": "kol",
      "AuthenticateName": "妆造达人",
      "AuthenticateID": 0,
      "CityNames": "福建,福州",
      "Describe": "这里展示的都是客片 福州汉服约拍 妆造 正版汉服全国范围出租 饰品道具出租  加Q/微信3372213 微博：落蕊成妆",
      "AtteCount": 4,
      "ViolationCount": 0,
      "FansCount": 1244,
      "UserAtte": false,
      "GoodAlbumCount": 45,
      "Popularity": 4707,
      "UseHanbi": 115,
      "Close": false,
      "Black": false,
      "NoteName": null,
      "ID": 46345,
      "UserName": "3372213",
      "NickName": "落蕊成妆",
      "HeadUrl": "https://pic.hanfugou.com/web/2015/11/25/10/d77e89d46eb34e7aa937738b4d3f0641.jpg"
    }, {
      "ShowIM": false,
      "HideTop": false,
      "WordCount": 0,
      "AlbumCount": 84,
      "VideoCount": 9,
      "TopicCount": 1,
      "Hanbi": 2296,
      "SigninCount": 50,
      "Gender": "女",
      "MainBgPic": "https://pic.hanfugou.com/pc/2017/5/7/20/2167bbbef298412c90d86c8a99041b36.jpg",
      "AuthenticateCode": "kol",
      "AuthenticateName": "妆造达人",
      "AuthenticateID": 0,
      "CityNames": "北京,海淀",
      "Describe": "北京约拍，约妆。微博ID同上。",
      "AtteCount": 16,
      "ViolationCount": 0,
      "FansCount": 1817,
      "UserAtte": false,
      "GoodAlbumCount": 40,
      "Popularity": 13647,
      "UseHanbi": 2278,
      "Close": false,
      "Black": false,
      "NoteName": null,
      "ID": 48444,
      "UserName": "vvei320",
      "NickName": "oO凌波微步Oo",
      "HeadUrl": "https://pic.hanfugou.com/android/2017/5/6/2d3ceab5d51b4c228bd80b5ff1263d15.jpg"
    }, {
      "ShowIM": false,
      "HideTop": false,
      "WordCount": 0,
      "AlbumCount": 75,
      "VideoCount": 14,
      "TopicCount": 0,
      "Hanbi": 2322,
      "SigninCount": 853,
      "Gender": "女",
      "MainBgPic": "https://pic.hanfugou.com/bg/2014/4/24/11/3177295762e143838fb8f8e49b1ddb45.jpg",
      "AuthenticateCode": "kol",
      "AuthenticateName": "摄影达人",
      "AuthenticateID": 0,
      "CityNames": "浙江,衢州",
      "Describe": "女摄，遇见汉服，遇见你。约拍请私信。",
      "AtteCount": 27,
      "ViolationCount": 0,
      "FansCount": 953,
      "UserAtte": false,
      "GoodAlbumCount": 38,
      "Popularity": 3751,
      "UseHanbi": 1575,
      "Close": false,
      "Black": false,
      "NoteName": null,
      "ID": 119437,
      "UserName": "961934247",
      "NickName": "麦燕photo",
      "HeadUrl": "https://pic.hanfugou.com/android/2018/10/18/b644326f467e4b2490cc03827923a2eb.jpg"
    }, {
      "ShowIM": false,
      "HideTop": false,
      "WordCount": 0,
      "AlbumCount": 48,
      "VideoCount": 0,
      "TopicCount": 3,
      "Hanbi": 6673,
      "SigninCount": 1667,
      "Gender": "女",
      "MainBgPic": "https://pic.hanfugou.com/android/2018/8/12/434e1aa148de4352a1be868d229d5c21.jpg",
      "AuthenticateCode": "kol",
      "AuthenticateName": "摄影达人",
      "AuthenticateID": 0,
      "CityNames": "江苏,南京",
      "Describe": "不务正业的咸鱼up~",
      "AtteCount": 69,
      "ViolationCount": 0,
      "FansCount": 1193,
      "UserAtte": false,
      "GoodAlbumCount": 38,
      "Popularity": 4207,
      "UseHanbi": 497,
      "Close": false,
      "Black": false,
      "NoteName": null,
      "ID": 9603,
      "UserName": "liulan",
      "NickName": "伽南",
      "HeadUrl": "https://pic.hanfugou.com/android/2017/4/18/aaa103122d5c493ba5f11affe7890669.jpg"
    }] : _req.query.type == 'hanbi' ? [{
      "ShowIM": false,
      "HideTop": false,
      "WordCount": 0,
      "AlbumCount": 24,
      "VideoCount": 7,
      "TopicCount": 9,
      "Hanbi": 228,
      "SigninCount": 1776,
      "Gender": "男",
      "MainBgPic": "https://pic.hanfugou.com/web/2018/3/1/16/c6c95db7e4c147f79c5a07933aef184e.png",
      "AuthenticateCode": "kol",
      "AuthenticateName": "人气美图君",
      "AuthenticateID": 0,
      "CityNames": "浙江,杭州",
      "Describe": "清墨不染凡尘，亦无妨踏足仙门，枫晚诉平生",
      "AtteCount": 10,
      "ViolationCount": 0,
      "FansCount": 1096,
      "UserAtte": false,
      "GoodAlbumCount": 7,
      "Popularity": 17203,
      "UseHanbi": 7883,
      "Close": false,
      "Black": false,
      "NoteName": null,
      "ID": 8177,
      "UserName": "617977923",
      "NickName": "枫瞳",
      "HeadUrl": "https://pic.hanfugou.com/android/2019/4/22/1ba261cc014241c1a5862d4662c74552.jpg"
    }, {
      "ShowIM": false,
      "HideTop": false,
      "WordCount": 1,
      "AlbumCount": 48,
      "VideoCount": 6,
      "TopicCount": 9,
      "Hanbi": 779,
      "SigninCount": 1786,
      "Gender": "女",
      "MainBgPic": "https://pic.hanfugou.com/android/2017/8/8/ac0980cbee194d69925ba0293a058c2e.jpg",
      "AuthenticateCode": "kol",
      "AuthenticateName": null,
      "AuthenticateID": 0,
      "CityNames": "广东,江门",
      "Describe": "他愈疗伤，自愈疗心……",
      "AtteCount": 124,
      "ViolationCount": 0,
      "FansCount": 1426,
      "UserAtte": false,
      "GoodAlbumCount": 23,
      "Popularity": 50952,
      "UseHanbi": 7574,
      "Close": false,
      "Black": false,
      "NoteName": null,
      "ID": 6000,
      "UserName": "lytring",
      "NickName": "若言书",
      "HeadUrl": "https://pic.hanfugou.com//android/2019/11/4/4e58042dd68448e880e2cc8d64af3230.jpg"
    }, {
      "ShowIM": false,
      "HideTop": false,
      "WordCount": 0,
      "AlbumCount": 0,
      "VideoCount": 29,
      "TopicCount": 1,
      "Hanbi": 1410,
      "SigninCount": 1492,
      "Gender": "男",
      "MainBgPic": "https://pic.hanfugou.com/android/2017/11/27/18e2123cb8184d37b872ea15801481cf.jpg",
      "AuthenticateCode": null,
      "AuthenticateName": null,
      "AuthenticateID": 0,
      "CityNames": "湖北,黄石",
      "Describe": "着我汉家衣裳，兴我礼仪之邦！",
      "AtteCount": 130,
      "ViolationCount": 0,
      "FansCount": 157,
      "UserAtte": false,
      "GoodAlbumCount": 0,
      "Popularity": 15115,
      "UseHanbi": 7572,
      "Close": false,
      "Black": false,
      "NoteName": null,
      "ID": 19633,
      "UserName": "1639603766",
      "NickName": "纪元之子",
      "HeadUrl": "https://pic.hanfugou.com/web/2015/6/4/17/770bd33508a74fc0990f20d46f203001.jpg"
    }, {
      "ShowIM": false,
      "HideTop": false,
      "WordCount": 3,
      "AlbumCount": 1,
      "VideoCount": 0,
      "TopicCount": 0,
      "Hanbi": 59,
      "SigninCount": 1535,
      "Gender": "女",
      "MainBgPic": "https://pic.hanfugou.com/ios/2018/4/12/15/20/152351760615085.jpg",
      "AuthenticateCode": null,
      "AuthenticateName": null,
      "AuthenticateID": 0,
      "CityNames": "江西,南昌",
      "Describe": null,
      "AtteCount": 9,
      "ViolationCount": 0,
      "FansCount": 211,
      "UserAtte": false,
      "GoodAlbumCount": 0,
      "Popularity": 872,
      "UseHanbi": 7398,
      "Close": false,
      "Black": false,
      "NoteName": null,
      "ID": 2136,
      "UserName": "xiaoshitingting",
      "NickName": "玉乔",
      "HeadUrl": "https://pic.hanfugou.com/head/2014/7/3/16/5a325f7930db419689515641b224cf92.jpg"
    }, {
      "ShowIM": false,
      "HideTop": false,
      "WordCount": 0,
      "AlbumCount": 1,
      "VideoCount": 0,
      "TopicCount": 1,
      "Hanbi": 1576,
      "SigninCount": 1701,
      "Gender": "女",
      "MainBgPic": "https://pic.hanfugou.com/bg/2014/4/24/11/e62f68d5f72d498b801887675bb05287.jpg",
      "AuthenticateCode": null,
      "AuthenticateName": null,
      "AuthenticateID": 0,
      "CityNames": "江苏,南通",
      "Describe": "待到春风二三月           石炉敲火试新茶",
      "AtteCount": 283,
      "ViolationCount": 0,
      "FansCount": 110,
      "UserAtte": false,
      "GoodAlbumCount": 0,
      "Popularity": 2346,
      "UseHanbi": 7250,
      "Close": false,
      "Black": false,
      "NoteName": null,
      "ID": 11789,
      "UserName": "2860923232",
      "NickName": "雲間月落",
      "HeadUrl": "https://pic.hanfugou.com/android/2018/2/7/3f858c00bfde4b56a2d7254729d3c462.jpg"
    }, {
      "ShowIM": false,
      "HideTop": false,
      "WordCount": 0,
      "AlbumCount": 1,
      "VideoCount": 0,
      "TopicCount": 0,
      "Hanbi": 1766,
      "SigninCount": 1538,
      "Gender": "男",
      "MainBgPic": "https://pic.hanfugou.com/pc/2016/5/4/19/0ff4a21d664d435c9bad1e104c60fa0b.jpg",
      "AuthenticateCode": null,
      "AuthenticateName": null,
      "AuthenticateID": 0,
      "CityNames": "江西,抚州",
      "Describe": null,
      "AtteCount": 594,
      "ViolationCount": 0,
      "FansCount": 310,
      "UserAtte": false,
      "GoodAlbumCount": 0,
      "Popularity": 7437,
      "UseHanbi": 6955,
      "Close": false,
      "Black": false,
      "NoteName": null,
      "ID": 42029,
      "UserName": "547520",
      "NickName": "无尘亦无扰",
      "HeadUrl": "https://pic.hanfugou.com/secret/2016/4/2/16/48b184c0d9874898a0dfee9b03325ce4.jpg"
    }, {
      "ShowIM": false,
      "HideTop": false,
      "WordCount": 0,
      "AlbumCount": 0,
      "VideoCount": 0,
      "TopicCount": 0,
      "Hanbi": 1734,
      "SigninCount": 1620,
      "Gender": "男",
      "MainBgPic": "https://pic.hanfugou.com/bg/2014/4/24/11/6e32934a62d44a5eab6f6b98f30c415a.jpg",
      "AuthenticateCode": null,
      "AuthenticateName": null,
      "AuthenticateID": 0,
      "CityNames": "上海,闵行",
      "Describe": null,
      "AtteCount": 138,
      "ViolationCount": 0,
      "FansCount": 78,
      "UserAtte": false,
      "GoodAlbumCount": 0,
      "Popularity": 1462,
      "UseHanbi": 6801,
      "Close": false,
      "Black": false,
      "NoteName": null,
      "ID": 29387,
      "UserName": "woshihaoyu",
      "NickName": "好鱼不在此",
      "HeadUrl": "https://pic.hanfugou.com/android/2019/7/21/fb713143091341bb87323ff0c7b4d887.jpg"
    }, {
      "ShowIM": false,
      "HideTop": false,
      "WordCount": 0,
      "AlbumCount": 2,
      "VideoCount": 1,
      "TopicCount": 0,
      "Hanbi": 883,
      "SigninCount": 51,
      "Gender": "男",
      "MainBgPic": "https://pic.hanfugou.com/bg/2014/4/24/11/d2a572012ca14f14a4d40d2f4d90d544.jpg",
      "AuthenticateCode": null,
      "AuthenticateName": null,
      "AuthenticateID": 0,
      "CityNames": "河南,安阳",
      "Describe": null,
      "AtteCount": 104,
      "ViolationCount": 0,
      "FansCount": 100,
      "UserAtte": false,
      "GoodAlbumCount": 0,
      "Popularity": 1291,
      "UseHanbi": 6630,
      "Close": false,
      "Black": false,
      "NoteName": null,
      "ID": 24111,
      "UserName": "Hwiiii",
      "NickName": "花未了",
      "HeadUrl": "https://pic.hanfugou.com/secret/2016/1/29/15/4421f13116c44140a0f48d841b2a9e15.jpg"
    }, {
      "ShowIM": false,
      "HideTop": false,
      "WordCount": 0,
      "AlbumCount": 0,
      "VideoCount": 0,
      "TopicCount": 0,
      "Hanbi": 407,
      "SigninCount": 1918,
      "Gender": "男",
      "MainBgPic": "https://pic.hanfugou.com/bg/2014/7/8/10/0efa4dda839541bc96cb1a6a5e77d1d8.jpg",
      "AuthenticateCode": null,
      "AuthenticateName": null,
      "AuthenticateID": 0,
      "CityNames": "新疆,乌鲁木齐",
      "Describe": null,
      "AtteCount": 138,
      "ViolationCount": 0,
      "FansCount": 69,
      "UserAtte": false,
      "GoodAlbumCount": 0,
      "Popularity": 522,
      "UseHanbi": 6418,
      "Close": false,
      "Black": false,
      "NoteName": null,
      "ID": 3066,
      "UserName": "571038757",
      "NickName": "贪欢～",
      "HeadUrl": "https://pic.hanfugou.com//android/2019/10/14/2a4ebe30ef634ffc8979e14f23004a14.jpg"
    }, {
      "ShowIM": false,
      "HideTop": false,
      "WordCount": 41,
      "AlbumCount": 19,
      "VideoCount": 6,
      "TopicCount": 0,
      "Hanbi": 1130,
      "SigninCount": 111,
      "Gender": "男",
      "MainBgPic": "https://pic.hanfugou.com/android/2018/0/18/768bdde8c1af402fb1019ebf6da1be8d.jpg",
      "AuthenticateCode": "shop",
      "AuthenticateName": "载月渡",
      "AuthenticateID": 205,
      "CityNames": "浙江,台州",
      "Describe": "傻傻很天真",
      "AtteCount": 78,
      "ViolationCount": 0,
      "FansCount": 905,
      "UserAtte": false,
      "GoodAlbumCount": 3,
      "Popularity": 5454,
      "UseHanbi": 6364,
      "Close": false,
      "Black": false,
      "NoteName": null,
      "ID": 2032,
      "UserName": "liuyue",
      "NickName": "琉小月爱吃肉",
      "HeadUrl": "https://pic.hanfugou.com/android/2017/8/6/7e7cdc739eaf40f2a0122b4a0e88d35d.jpg"
    }] : _req.query.type == 'popularity' ? [{
      "ShowIM": false,
      "HideTop": false,
      "WordCount": 0,
      "AlbumCount": 0,
      "VideoCount": 80,
      "TopicCount": 2,
      "Hanbi": 1643,
      "SigninCount": 328,
      "Gender": "女",
      "MainBgPic": "https://pic.hanfugou.com/android/2019/3/27/52086bde96744b9387a86be583bbe562.jpg",
      "AuthenticateCode": null,
      "AuthenticateName": null,
      "AuthenticateID": 0,
      "CityNames": "吉林,长春",
      "Describe": "每日安利平价汉服（不接设计图）不定时开箱，但长期吃土",
      "AtteCount": 1,
      "ViolationCount": 0,
      "FansCount": 31764,
      "UserAtte": true,
      "GoodAlbumCount": 0,
      "Popularity": 284285,
      "UseHanbi": 0,
      "Close": false,
      "Black": false,
      "NoteName": null,
      "ID": 65910,
      "UserName": "614289410",
      "NickName": "南风(安利爱好者)",
      "HeadUrl": "https://pic.hanfugou.com/web/2016/5/30/21/b7df716c383f4942bf5622993dcc3646.jpg"
    }, {
      "ShowIM": false,
      "HideTop": false,
      "WordCount": 0,
      "AlbumCount": 11,
      "VideoCount": 19,
      "TopicCount": 3,
      "Hanbi": 970,
      "SigninCount": 1,
      "Gender": "男",
      "MainBgPic": "https://pic.hanfugou.com/android/2019/7/19/4ea1d232448a44298e102c7fed759ff8.jpg",
      "AuthenticateCode": null,
      "AuthenticateName": null,
      "AuthenticateID": 0,
      "CityNames": "广西,百色",
      "Describe": "身为彝族，喜欢汉文化。对汉文化，也像对自己的民族文化一样",
      "AtteCount": 171,
      "ViolationCount": 0,
      "FansCount": 1323,
      "UserAtte": true,
      "GoodAlbumCount": 1,
      "Popularity": 237980,
      "UseHanbi": 0,
      "Close": false,
      "Black": false,
      "NoteName": null,
      "ID": 54902,
      "UserName": "20026260",
      "NickName": "若雪第一靓",
      "HeadUrl": "https://pic.hanfugou.com//android/2019/11/6/bbafc3329ad744779c7a0766e35d800e.jpg"
    }, {
      "ShowIM": false,
      "HideTop": false,
      "WordCount": 0,
      "AlbumCount": 2,
      "VideoCount": 146,
      "TopicCount": 3,
      "Hanbi": 486,
      "SigninCount": 1,
      "Gender": "女",
      "MainBgPic": "https://pic.hanfugou.com/android/2019/7/26/c14e55c2bcfe40a48d675a452731cbe3.jpg",
      "AuthenticateCode": null,
      "AuthenticateName": null,
      "AuthenticateID": 0,
      "CityNames": "河北,唐山",
      "Describe": "工作时间上午8点到11点，下午两点到晚上九点在线，考研中医学生，课多杂事繁多，撸簪时间有限，佛系定制，全凭缘分，喜欢搞付邮送活动，发申通快递，特设非酋安慰奖，连蹲十次未中奖，第十一次凭截图安排一个付邮送名额，时不时有超划算的清仓",
      "AtteCount": 188,
      "ViolationCount": 0,
      "FansCount": 4405,
      "UserAtte": false,
      "GoodAlbumCount": 0,
      "Popularity": 227084,
      "UseHanbi": 5,
      "Close": false,
      "Black": false,
      "NoteName": null,
      "ID": 600463,
      "UserName": "876466115",
      "NickName": "春和景明配饰工作室",
      "HeadUrl": "https://pic.hanfugou.com/android/2019/2/2/37140c86d3244f2ab88362319e94ae65.jpg"
    }, {
      "ShowIM": false,
      "HideTop": false,
      "WordCount": 0,
      "AlbumCount": 0,
      "VideoCount": 1,
      "TopicCount": 8,
      "Hanbi": 1251,
      "SigninCount": 298,
      "Gender": "男",
      "MainBgPic": "https://pic.hanfugou.com/android/2019/11/14/5fd8051d3b424e13a9e93c243f693807.jpg",
      "AuthenticateCode": "kol",
      "AuthenticateName": "设计达人",
      "AuthenticateID": 0,
      "CityNames": "湖北,神农架",
      "Describe": "收费接安利投稿/接简单花纹约稿，设计稿禁止转载发布！根据中国著作权法表示，即使买断版权（财产权），作者仍保留人身权，人身权包括署名权在内。",
      "AtteCount": 51,
      "ViolationCount": 0,
      "FansCount": 3053,
      "UserAtte": false,
      "GoodAlbumCount": 0,
      "Popularity": 142483,
      "UseHanbi": 160,
      "Close": false,
      "Black": false,
      "NoteName": null,
      "ID": 604086,
      "UserName": "208789051",
      "NickName": "禾田Official",
      "HeadUrl": "https://pic.hanfugou.com//android/2019/10/30/3ab5d9883f074751a7fa371e49f395aa.png"
    }, {
      "ShowIM": false,
      "HideTop": false,
      "WordCount": 0,
      "AlbumCount": 10,
      "VideoCount": 166,
      "TopicCount": 6,
      "Hanbi": 1609,
      "SigninCount": 265,
      "Gender": "女",
      "MainBgPic": "https://pic.hanfugou.com/android/2019/9/7/fca7c60cdcc74fa9b01c800cc06e555e.png",
      "AuthenticateCode": "shop",
      "AuthenticateName": "四时清欢",
      "AuthenticateID": 995,
      "CityNames": "湖北,武汉",
      "Describe": "社会主义核心价值观",
      "AtteCount": 176,
      "ViolationCount": 0,
      "FansCount": 11977,
      "UserAtte": false,
      "GoodAlbumCount": 0,
      "Popularity": 129733,
      "UseHanbi": 5,
      "Close": false,
      "Black": false,
      "NoteName": null,
      "ID": 444193,
      "UserName": "767160066",
      "NickName": "四时清欢汉服工作室",
      "HeadUrl": "https://pic.hanfugou.com//android/2019/11/21/18a56a1b813f48ad8eed10ffb4b4f7f6.jpg"
    }, {
      "ShowIM": false,
      "HideTop": false,
      "WordCount": 38,
      "AlbumCount": 21,
      "VideoCount": 57,
      "TopicCount": 69,
      "Hanbi": 3144,
      "SigninCount": 1,
      "Gender": "男",
      "MainBgPic": "https://pic.hanfugou.com/bg/2014/4/24/11/f551f261f03940929d220f64c5e50f94.jpg",
      "AuthenticateCode": null,
      "AuthenticateName": null,
      "AuthenticateID": 0,
      "CityNames": "吉林,吉林",
      "Describe": "原谅我这一生不羁放纵爱自由",
      "AtteCount": 405,
      "ViolationCount": 0,
      "FansCount": 1686,
      "UserAtte": false,
      "GoodAlbumCount": 2,
      "Popularity": 115261,
      "UseHanbi": 261,
      "Close": false,
      "Black": false,
      "NoteName": null,
      "ID": 64826,
      "UserName": "440430432",
      "NickName": "侯府吉林斥候汉服代销",
      "HeadUrl": "https://pic.hanfugou.com/secret/2016/6/24/7/5eeea80b91b946ed80b6f4fd4aba68c3.jpg"
    }, {
      "ShowIM": false,
      "HideTop": false,
      "WordCount": 0,
      "AlbumCount": 1,
      "VideoCount": 29,
      "TopicCount": 0,
      "Hanbi": 1802,
      "SigninCount": 301,
      "Gender": "女",
      "MainBgPic": "https://pic.hanfugou.com/android/2019/11/23/ca7b461961bd476db8ea8f9425ef1f91.jpg",
      "AuthenticateCode": null,
      "AuthenticateName": null,
      "AuthenticateID": 0,
      "CityNames": "陕西,榆林",
      "Describe": "在这个世界上，一定有另一个自己，在做着我不敢做的事，在过着我想过的生活。",
      "AtteCount": 149,
      "ViolationCount": 0,
      "FansCount": 1157,
      "UserAtte": false,
      "GoodAlbumCount": 0,
      "Popularity": 93528,
      "UseHanbi": 0,
      "Close": false,
      "Black": false,
      "NoteName": null,
      "ID": 49903,
      "UserName": "1224ry",
      "NickName": "狡猾的tu子",
      "HeadUrl": "https://pic.hanfugou.com//android/2019/11/23/fd3debfe3fc848d38d4ba3178d8f08e1.jpg"
    }, {
      "ShowIM": false,
      "HideTop": false,
      "WordCount": 0,
      "AlbumCount": 2,
      "VideoCount": 34,
      "TopicCount": 12,
      "Hanbi": 918,
      "SigninCount": 211,
      "Gender": "女",
      "MainBgPic": "https://pic.hanfugou.com/android/2019/7/1/2bc6755659d84f4cab459e86938f8e89.jpg",
      "AuthenticateCode": null,
      "AuthenticateName": null,
      "AuthenticateID": 0,
      "CityNames": "广东,汕头",
      "Describe": "咕",
      "AtteCount": 108,
      "ViolationCount": 0,
      "FansCount": 623,
      "UserAtte": false,
      "GoodAlbumCount": 0,
      "Popularity": 90720,
      "UseHanbi": 70,
      "Close": false,
      "Black": false,
      "NoteName": null,
      "ID": 1159428,
      "UserName": "535811849",
      "NickName": "裴咏梦",
      "HeadUrl": "https://pic.hanfugou.com//android/2019/9/2/1e713fa8bb5343de86860d670305eda2.jpg"
    }, {
      "ShowIM": false,
      "HideTop": false,
      "WordCount": 4,
      "AlbumCount": 19,
      "VideoCount": 34,
      "TopicCount": 8,
      "Hanbi": 1657,
      "SigninCount": 1,
      "Gender": "男",
      "MainBgPic": "https://pic.hanfugou.com/android/2019/6/8/031e28c0b33e4087beb86bb1fa73156e.jpg",
      "AuthenticateCode": "kol",
      "AuthenticateName": "人气美图君",
      "AuthenticateID": 0,
      "CityNames": "广东,广州",
      "Describe": "清远汉服文化研究会 常务副会长",
      "AtteCount": 32,
      "ViolationCount": 0,
      "FansCount": 3479,
      "UserAtte": false,
      "GoodAlbumCount": 3,
      "Popularity": 88323,
      "UseHanbi": 117,
      "Close": false,
      "Black": false,
      "NoteName": null,
      "ID": 78929,
      "UserName": "482942375",
      "NickName": "寒蝉先生",
      "HeadUrl": "https://pic.hanfugou.com/android/2017/8/30/47cf5ab841a84941ac4b2903a28d06aa.jpg"
    }, {
      "ShowIM": false,
      "HideTop": false,
      "WordCount": 0,
      "AlbumCount": 2,
      "VideoCount": 2,
      "TopicCount": 28,
      "Hanbi": 897,
      "SigninCount": 1,
      "Gender": "女",
      "MainBgPic": "https://pic.hanfugou.com/android/2018/9/10/542c1e12e0b04f0fa1381fd7486683df.jpg",
      "AuthenticateCode": null,
      "AuthenticateName": null,
      "AuthenticateID": 0,
      "CityNames": "河南,郑州",
      "Describe": "今天也要做一个开心的梦梦丫",
      "AtteCount": 53,
      "ViolationCount": 0,
      "FansCount": 1567,
      "UserAtte": false,
      "GoodAlbumCount": 0,
      "Popularity": 85372,
      "UseHanbi": 0,
      "Close": false,
      "Black": false,
      "NoteName": null,
      "ID": 44309,
      "UserName": "1287621152",
      "NickName": "梦梦~",
      "HeadUrl": "https://pic.hanfugou.com/android/2018/9/10/6c073668f82b475bae1edc133bddfe54.jpg"
    }] : _req.query.type == 'signin' ? [{
      "ShowIM": false,
      "HideTop": false,
      "WordCount": 0,
      "AlbumCount": 1,
      "VideoCount": 0,
      "TopicCount": 0,
      "Hanbi": 3641,
      "SigninCount": 2064,
      "Gender": "女",
      "MainBgPic": "https://pic.hanfugou.com/bg/2014/10/22/0/b831aca5b67e4945a39dd025ed0b3f01.jpg",
      "AuthenticateCode": null,
      "AuthenticateName": null,
      "AuthenticateID": 0,
      "CityNames": "江西,赣州",
      "Describe": "我不是卖宣纸的！",
      "AtteCount": 56,
      "ViolationCount": 0,
      "FansCount": 127,
      "UserAtte": false,
      "GoodAlbumCount": 0,
      "Popularity": 1269,
      "UseHanbi": 3566,
      "Close": false,
      "Black": false,
      "NoteName": null,
      "ID": 1671,
      "UserName": "flowers",
      "NickName": "墨兮 纭涯宣纸",
      "HeadUrl": "https://pic.hanfugou.com/head/2015/8/28/22/dfa06ff31af9486380f34e82c8eaa719.jpg"
    }, {
      "ShowIM": false,
      "HideTop": false,
      "WordCount": 10,
      "AlbumCount": 1,
      "VideoCount": 0,
      "TopicCount": 21,
      "Hanbi": 6158,
      "SigninCount": 2063,
      "Gender": "女",
      "MainBgPic": "https://pic.hanfugou.com/android/2017/0/11/990de61f2a5b4246b804e07249e8d125.jpg",
      "AuthenticateCode": null,
      "AuthenticateName": null,
      "AuthenticateID": 0,
      "CityNames": "广西,柳州",
      "Describe": "穿我传统服饰，过我现代生活！",
      "AtteCount": 40,
      "ViolationCount": 0,
      "FansCount": 1050,
      "UserAtte": false,
      "GoodAlbumCount": 0,
      "Popularity": 48728,
      "UseHanbi": 4739,
      "Close": false,
      "Black": false,
      "NoteName": null,
      "ID": 1353,
      "UserName": "51511308",
      "NickName": "宝°姑娘",
      "HeadUrl": "https://pic.hanfugou.com/android/2019/0/15/f93cf13e0ff2457e826703f2c1803993.jpg"
    }, {
      "ShowIM": false,
      "HideTop": false,
      "WordCount": 0,
      "AlbumCount": 0,
      "VideoCount": 0,
      "TopicCount": 0,
      "Hanbi": 5689,
      "SigninCount": 2060,
      "Gender": "男",
      "MainBgPic": "https://pic.hanfugou.com/android/2017/0/13/ae54186ce9974d5ca374f20d200bb9d9.jpg",
      "AuthenticateCode": null,
      "AuthenticateName": null,
      "AuthenticateID": 0,
      "CityNames": "浙江,温州",
      "Describe": null,
      "AtteCount": 44,
      "ViolationCount": 0,
      "FansCount": 41,
      "UserAtte": false,
      "GoodAlbumCount": 0,
      "Popularity": 233,
      "UseHanbi": 1192,
      "Close": false,
      "Black": false,
      "NoteName": null,
      "ID": 2000,
      "UserName": "xincheng55125",
      "NickName": "辛成",
      "HeadUrl": "https://pic.hanfugou.com/head/2014/5/2/185019887.jpg"
    }, {
      "ShowIM": false,
      "HideTop": false,
      "WordCount": 0,
      "AlbumCount": 1,
      "VideoCount": 0,
      "TopicCount": 0,
      "Hanbi": 5127,
      "SigninCount": 2047,
      "Gender": "女",
      "MainBgPic": "https://pic.hanfugou.com/bg/2014/4/24/11/6c4ca2a14c784bd1a18c16d4a46234dd.jpg",
      "AuthenticateCode": null,
      "AuthenticateName": null,
      "AuthenticateID": 0,
      "CityNames": "河南,郑州",
      "Describe": null,
      "AtteCount": 13,
      "ViolationCount": 0,
      "FansCount": 47,
      "UserAtte": false,
      "GoodAlbumCount": 0,
      "Popularity": 369,
      "UseHanbi": 1449,
      "Close": false,
      "Black": false,
      "NoteName": null,
      "ID": 2748,
      "UserName": "family",
      "NickName": "爱吃糖怕胖",
      "HeadUrl": "https://pic.hanfugou.com/head/2014/5/16/162449981.jpg"
    }, {
      "ShowIM": false,
      "HideTop": false,
      "WordCount": 0,
      "AlbumCount": 1,
      "VideoCount": 2,
      "TopicCount": 0,
      "Hanbi": 6334,
      "SigninCount": 2026,
      "Gender": "女",
      "MainBgPic": "https://pic.hanfugou.com/ios/2019/5/7/16/48/155721888827462.jpg",
      "AuthenticateCode": null,
      "AuthenticateName": null,
      "AuthenticateID": 0,
      "CityNames": "广西,桂林",
      "Describe": null,
      "AtteCount": 31,
      "ViolationCount": 0,
      "FansCount": 91,
      "UserAtte": false,
      "GoodAlbumCount": 0,
      "Popularity": 1155,
      "UseHanbi": 1789,
      "Close": false,
      "Black": false,
      "NoteName": null,
      "ID": 3512,
      "UserName": "keke123",
      "NickName": "筱袖姑娘",
      "HeadUrl": "https://pic.hanfugou.com/android/2019/0/14/a7b56b699bb14935b35944d5946dc13b.jpg"
    }, {
      "ShowIM": false,
      "HideTop": false,
      "WordCount": 0,
      "AlbumCount": 4,
      "VideoCount": 2,
      "TopicCount": 0,
      "Hanbi": 4984,
      "SigninCount": 2023,
      "Gender": "女",
      "MainBgPic": "https://pic.hanfugou.com/android/2016/9/21/c45b96a5646f45f7899f7c2214120d7f.jpg",
      "AuthenticateCode": null,
      "AuthenticateName": null,
      "AuthenticateID": 0,
      "CityNames": "湖北,宜昌",
      "Describe": "本公子字子邪。典型的良家妇男，花花公子，刀子嘴豆腐心。好“女色”成瘾，红颜众多。可谓胸无点墨，胸有大痣啊······",
      "AtteCount": 114,
      "ViolationCount": 0,
      "FansCount": 103,
      "UserAtte": false,
      "GoodAlbumCount": 0,
      "Popularity": 358,
      "UseHanbi": 1797,
      "Close": false,
      "Black": false,
      "NoteName": null,
      "ID": 4600,
      "UserName": "krislia",
      "NickName": "子邪",
      "HeadUrl": "https://pic.hanfugou.com/ios/2019/9/2/10/13/156739041327660.jpg"
    }, {
      "ShowIM": false,
      "HideTop": false,
      "WordCount": 2,
      "AlbumCount": 0,
      "VideoCount": 0,
      "TopicCount": 0,
      "Hanbi": 5098,
      "SigninCount": 1981,
      "Gender": "男",
      "MainBgPic": "https://pic.hanfugou.com/bg/2015/7/12/8/f98b9ca1b80640549482b66ba3556f62.jpg",
      "AuthenticateCode": null,
      "AuthenticateName": null,
      "AuthenticateID": 0,
      "CityNames": "山东,德州",
      "Describe": "萌萌哒，么么哒～",
      "AtteCount": 3034,
      "ViolationCount": 0,
      "FansCount": 455,
      "UserAtte": false,
      "GoodAlbumCount": 0,
      "Popularity": 125,
      "UseHanbi": 1111,
      "Close": false,
      "Black": false,
      "NoteName": null,
      "ID": 5328,
      "UserName": "2017qaq",
      "NickName": "三体折叠",
      "HeadUrl": "https://pic.hanfugou.com/head/2014/7/21/215057574.jpg"
    }, {
      "ShowIM": false,
      "HideTop": false,
      "WordCount": 55,
      "AlbumCount": 0,
      "VideoCount": 11,
      "TopicCount": 12,
      "Hanbi": 3261,
      "SigninCount": 1980,
      "Gender": "男",
      "MainBgPic": "https://pic.hanfugou.com/web/2019/4/3/0/eb7d2542735b4bd7aa130aefbe71d163.jpeg",
      "AuthenticateCode": null,
      "AuthenticateName": null,
      "AuthenticateID": 0,
      "CityNames": "湖北,黄石",
      "Describe": "做一个安静的萌汉子。",
      "AtteCount": 82,
      "ViolationCount": 0,
      "FansCount": 698,
      "UserAtte": false,
      "GoodAlbumCount": 0,
      "Popularity": 13729,
      "UseHanbi": 4164,
      "Close": false,
      "Black": false,
      "NoteName": null,
      "ID": 5382,
      "UserName": "hc6051111",
      "NickName": "观铃是个药罐子",
      "HeadUrl": "https://pic.hanfugou.com//android/2019/9/9/3d63373526f447d0bbf3e8e718bccf12.jpg"
    }, {
      "ShowIM": false,
      "HideTop": false,
      "WordCount": 2,
      "AlbumCount": 0,
      "VideoCount": 0,
      "TopicCount": 0,
      "Hanbi": 3986,
      "SigninCount": 1978,
      "Gender": "男",
      "MainBgPic": "https://pic.hanfugou.com/web/2018/7/25/20/8146465f498d430bb7368c5eeb806796.jpeg",
      "AuthenticateCode": null,
      "AuthenticateName": null,
      "AuthenticateID": 0,
      "CityNames": "安徽,阜阳",
      "Describe": "一切随缘，能得自在",
      "AtteCount": 27,
      "ViolationCount": 0,
      "FansCount": 56,
      "UserAtte": false,
      "GoodAlbumCount": 0,
      "Popularity": 224,
      "UseHanbi": 2520,
      "Close": false,
      "Black": false,
      "NoteName": null,
      "ID": 5516,
      "UserName": "q94496481",
      "NickName": "夜暮浅笙歌",
      "HeadUrl": "https://pic.hanfugou.com/pc/2017/8/17/14/6084ef7573ac46e9917e72817e42f869.jpg"
    }, {
      "ShowIM": false,
      "HideTop": false,
      "WordCount": 0,
      "AlbumCount": 0,
      "VideoCount": 2,
      "TopicCount": 0,
      "Hanbi": 4403,
      "SigninCount": 1976,
      "Gender": "女",
      "MainBgPic": "https://pic.hanfugou.com/pc/2017/7/23/21/0e87a7b3191c46238bc3a91f48496fd8.jpg",
      "AuthenticateCode": null,
      "AuthenticateName": null,
      "AuthenticateID": 0,
      "CityNames": "广东,汕头",
      "Describe": "当然，我希望我幸福啊。",
      "AtteCount": 85,
      "ViolationCount": 0,
      "FansCount": 47,
      "UserAtte": false,
      "GoodAlbumCount": 0,
      "Popularity": 363,
      "UseHanbi": 782,
      "Close": false,
      "Black": false,
      "NoteName": null,
      "ID": 5533,
      "UserName": "rock4577",
      "NickName": "李暖融",
      "HeadUrl": "https://pic.hanfugou.com/android/2017/0/18/214acf704e654bda8900915d79fcfe5d.jpg"
    }] : []
  },
  "ServerTime": 1576844126,
  "Remark": {}
}