{
  "Status": "10000",
  "ErrorMessage": "成功",
  "Data": [{
    "Gender": "女",
    "MainBgPic": null,
    "AuthenticateCode": null,
    "AuthenticateName": null,
    "AuthenticateID": 0,
    "CityNames": "广西,南宁",
    "Describe": "爱爱",
    "AtteCount": 0,
    "ViolationCount": 0,
    "FansCount": 0,
    "UserAtte": true,
    "GoodAlbumCount": 0,
    "Popularity": 0,
    "UseHanbi": 0,
    "Close": false,
    "Black": false,
    "NoteName": null,
    "ID": 1386279,
    "UserName": null,
    "NickName": "连连银月",
    "HeadUrl": "https://pic.hanfugou.com/web/2019/8/28/18/b9df73876ef74dc9a6d359ac9a2de0a5.jpg"
  }, {
    "Gender": "女",
    "MainBgPic": null,
    "AuthenticateCode": null,
    "AuthenticateName": null,
    "AuthenticateID": 0,
    "CityNames": null,
    "Describe": null,
    "AtteCount": 0,
    "ViolationCount": 0,
    "FansCount": 0,
    "UserAtte": false,
    "GoodAlbumCount": 0,
    "Popularity": 0,
    "UseHanbi": 0,
    "Close": false,
    "Black": false,
    "NoteName": null,
    "ID": 1400346,
    "UserName": null,
    "NickName": "欧若楠u",
    "HeadUrl": "https://pic.hanfugou.com/android/2019/7/6/ee74598862424743a997d070365cdbe1.jpg"
  }, {
    "Gender": "女",
    "MainBgPic": null,
    "AuthenticateCode": null,
    "AuthenticateName": null,
    "AuthenticateID": 0,
    "CityNames": "河南,三门峡",
    "Describe": null,
    "AtteCount": 0,
    "ViolationCount": 0,
    "FansCount": 0,
    "UserAtte": false,
    "GoodAlbumCount": 0,
    "Popularity": 0,
    "UseHanbi": 0,
    "Close": false,
    "Black": false,
    "NoteName": null,
    "ID": 1398563,
    "UserName": null,
    "NickName": "澹台雪菲K",
    "HeadUrl": "https://pic.hanfugou.com/pc/2015/12/3/21/b7a0c03d449e4110863b9f804bdf8c38.jpg"
  }, {
    "Gender": "女",
    "MainBgPic": null,
    "AuthenticateCode": null,
    "AuthenticateName": null,
    "AuthenticateID": 0,
    "CityNames": "广西,南宁",
    "Describe": null,
    "AtteCount": 0,
    "ViolationCount": 0,
    "FansCount": 0,
    "UserAtte": false,
    "GoodAlbumCount": 0,
    "Popularity": 0,
    "UseHanbi": 0,
    "Close": false,
    "Black": false,
    "NoteName": null,
    "ID": 1386209,
    "UserName": null,
    "NickName": "连连娘子",
    "HeadUrl": "https://pic.hanfugou.com/pc/2015/12/3/21/b7a0c03d449e4110863b9f804bdf8c38.jpg"
  }, {
    "Gender": "女",
    "MainBgPic": null,
    "AuthenticateCode": null,
    "AuthenticateName": null,
    "AuthenticateID": 0,
    "CityNames": "江西,南昌",
    "Describe": null,
    "AtteCount": 0,
    "ViolationCount": 0,
    "FansCount": 0,
    "UserAtte": false,
    "GoodAlbumCount": 0,
    "Popularity": 0,
    "UseHanbi": 0,
    "Close": false,
    "Black": false,
    "NoteName": null,
    "ID": 1227334,
    "UserName": null,
    "NickName": "爱电影Amoive.com",
    "HeadUrl": "https://pic.hanfugou.com/pc/2015/12/3/21/b7a0c03d449e4110863b9f804bdf8c38.jpg"
  }, {
    "Gender": "女",
    "MainBgPic": null,
    "AuthenticateCode": null,
    "AuthenticateName": null,
    "AuthenticateID": 0,
    "CityNames": null,
    "Describe": null,
    "AtteCount": 0,
    "ViolationCount": 0,
    "FansCount": 0,
    "UserAtte": false,
    "GoodAlbumCount": 0,
    "Popularity": 0,
    "UseHanbi": 0,
    "Close": false,
    "Black": false,
    "NoteName": null,
    "ID": 1376824,
    "UserName": null,
    "NickName": "房姿蒨G",
    "HeadUrl": "https://pic.hanfugou.com/android/2019/6/27/bb27b16e301f40c4afb3c449352c2d48.jpg"
  }, {
    "Gender": "女",
    "MainBgPic": null,
    "AuthenticateCode": null,
    "AuthenticateName": null,
    "AuthenticateID": 0,
    "CityNames": null,
    "Describe": null,
    "AtteCount": 0,
    "ViolationCount": 0,
    "FansCount": 0,
    "UserAtte": false,
    "GoodAlbumCount": 0,
    "Popularity": 0,
    "UseHanbi": 0,
    "Close": false,
    "Black": false,
    "NoteName": null,
    "ID": 1373618,
    "UserName": null,
    "NickName": "能白晴s",
    "HeadUrl": "https://pic.hanfugou.com/android/2019/6/26/5b86f6db0c3c480fb45928b22cfee588.jpg"
  }, {
    "Gender": "女",
    "MainBgPic": null,
    "AuthenticateCode": null,
    "AuthenticateName": null,
    "AuthenticateID": 0,
    "CityNames": "江苏,南京",
    "Describe": null,
    "AtteCount": 0,
    "ViolationCount": 0,
    "FansCount": 0,
    "UserAtte": false,
    "GoodAlbumCount": 0,
    "Popularity": 0,
    "UseHanbi": 0,
    "Close": false,
    "Black": false,
    "NoteName": null,
    "ID": 1374258,
    "UserName": null,
    "NickName": "宗艺璇g",
    "HeadUrl": "https://pic.hanfugou.com/android/2019/6/26/8903d2d48a5444b2b90b7f1b79ab4b33.jpg"
  }, {
    "Gender": "女",
    "MainBgPic": null,
    "AuthenticateCode": null,
    "AuthenticateName": null,
    "AuthenticateID": 0,
    "CityNames": null,
    "Describe": null,
    "AtteCount": 0,
    "ViolationCount": 0,
    "FansCount": 0,
    "UserAtte": false,
    "GoodAlbumCount": 0,
    "Popularity": 0,
    "UseHanbi": 0,
    "Close": false,
    "Black": false,
    "NoteName": null,
    "ID": 1372796,
    "UserName": null,
    "NickName": "滑梓玥B",
    "HeadUrl": "https://pic.hanfugou.com/android/2019/6/26/2bdcb80774a34c70a2cc6d66332a3bf8.jpg"
  }],
  "ServerTime": 1576844715,
  "Remark": {}
}