{
  "Status": "10000",
  "ErrorMessage": "成功",
  "Data": function({
    _req
  }) {
    return _req.query.id == '985319' ? {
      "ShowIM": true,
      "HideTop": false,
      "WordCount": 0,
      "AlbumCount": 0,
      "VideoCount": 0,
      "TopicCount": 0,
      "Hanbi": 33,
      "SigninCount": 1,
      "Gender": "女",
      "MainBgPic": "https://pic.hanfugou.com/android/2019/6/31/340508d4d63747e6961cc810185ab999.jpg",
      "AuthenticateCode": null,
      "AuthenticateName": null,
      "AuthenticateID": 0,
      "CityNames": "广西,南宁",
      "Describe": "爱爱。。",
      "AtteCount": 11,
      "ViolationCount": 0,
      "FansCount": 9,
      "UserAtte": true,
      "GoodAlbumCount": 0,
      "Popularity": 0,
      "UseHanbi": 20,
      "Close": false,
      "Black": false,
      "NoteName": null,
      "ID": 985319,
      "UserName": "919046778",
      "NickName": "菩提银月",
      "HeadUrl": "https://pic.hanfugou.com/android/2019/6/31/ee6194c2082e4e8fa49df2e2aef5ab9c.jpg"
    } : {
      "ShowIM": true,
      "HideTop": true,
      "WordCount": 0,
      "AlbumCount": 0,
      "VideoCount": 21,
      "TopicCount": 0,
      "Hanbi": 1365,
      "SigninCount": 308,
      "Gender": "女",
      "MainBgPic": "https://pic.hanfugou.com/android/2019/7/23/bd1a0a4428364aa7b044c51561a35bc3.jpg",
      "AuthenticateCode": null,
      "AuthenticateName": null,
      "AuthenticateID": 0,
      "CityNames": "北京,东城",
      "Describe": "汉服发型教程Q:2381542941",
      "AtteCount": 4,
      "ViolationCount": 0,
      "FansCount": 4329,
      "UserAtte": false,
      "GoodAlbumCount": 0,
      "Popularity": 10853,
      "UseHanbi": 20,
      "Close": false,
      "Black": false,
      "NoteName": null,
      "ID": 424381,
      "UserName": "153700466",
      "NickName": "犴大人",
      "HeadUrl": "https://pic.hanfugou.com/android/2019/1/28/3a370cd300c742dfbb8b92d96627aadd.jpg"
    }
  },
  "ServerTime": 1576843150,
  "Remark": {}
}