{
  "Status": "10000",
  "ErrorMessage": "成功",
  "Data|1": [
    "http://220.194.238.104/13/l/i/d/h/lidhcbwuffubsjncbdsgbqwzwahglm/hc.yinyuetai.com/8A53016E0DD99C4B1987D837ACD63B57.mp4",
    "http://220.194.238.108/13/e/n/z/z/enzzbuumzlewdiasjsuigeyzsqfxmk/hd.yinyuetai.com/C98E016ABA479298C8C18C82DAA42278.mp4",
    "http://220.194.238.108/2/n/m/h/v/nmhvadrhqevldhwqxbtjbkjjksqpdz/hd.yinyuetai.com/50FF0158666031B0FFEA83BE8E2D3083.mp4",
    "http://220.194.238.108/3/d/j/g/h/djghtnuorolvyzluxbpztgafxfwbrj/sh.yinyuetai.com/3E1D01511E4D58867179BB2DC2466472.mp4"
  ],
  "ServerTime": 1577282556,
  "Remark": {}
}