{"Status":"10000","ErrorMessage":"成功","Data":[{"Title":"《我和我的祖国》同袍版","Describe":"澳大利亚同袍在悉尼为祖国祝福唱响 《我和我的祖国》","FaceSrc":"https://pic.hanfugou.com/android/2019/8/26/a464c0d7478b40e2b71a96fff8a9dec5.jpg","Source":null,"VideoUrl":"http://av.hanfugou.com/video/android/2019/8/26/5a35a207d0f4424a958ed88b1ccc8f6d.mp4","WhenLong":268,"Width":960,"Height":540,"TrendShops":null,"TaskId":"c930058868a044a1b43e678542b3018e","Datetime":"2019-09-26T22:54:06","ID":38885,"User":{"Gender":"女","MainBgPic":null,"AuthenticateCode":null,"AuthenticateName":null,"AuthenticateID":0,"CityNames":"江苏,南京","Describe":"微博名: 野生同袍-青衣     日常推广安利汉服，汉文化","AtteCount":0,"ViolationCount":0,"FansCount":0,"UserAtte":false,"GoodAlbumCount":0,"Popularity":0,"UseHanbi":0,"Close":false,"Black":false,"NoteName":null,"ID":19494,"UserName":"1021507133","NickName":"青衣（汉文化安利）","HeadUrl":"https://pic.hanfugou.com/android/2019/5/9/24d77b14325649e297630f5cc1ef5398.jpg"},"TopCount":139,"CommCount":9,"SaveCount":20,"UserTop":false,"UserSave":false,"Hot":true,"Huiba":{"ID":7172,"Name":"汉服MV","PublicShow":false},"Huibas":null},{"Title":"金鸡独立","Describe":"没有点技能，我都不敢穿汉服了","FaceSrc":"https://pic.hanfugou.com/android/2019/9/29/3657934e2b724331aa81107aa8efbabb.jpg","Source":null,"VideoUrl":"http://av.hanfugou.com/video/android/2019/9/29/12be7a0a3ee942209ecb55dbda1f6350.mp4","WhenLong":15,"Width":1088,"Height":1920,"TrendShops":null,"TaskId":"success","Datetime":"2019-10-29T11:28:17","ID":41554,"User":{"Gender":"女","MainBgPic":null,"AuthenticateCode":"shop","AuthenticateName":null,"AuthenticateID":0,"CityNames":"上海,黄浦","Describe":"弃了 弃了，离开汉服荟了，不用关注不用点赞了，需要的直接去淘宝或微博下蹲我们吧","AtteCount":0,"ViolationCount":0,"FansCount":0,"UserAtte":false,"GoodAlbumCount":0,"Popularity":0,"UseHanbi":0,"Close":false,"Black":false,"NoteName":null,"ID":1383576,"UserName":"430067194","NickName":"芷云涧原创汉服","HeadUrl":"https://pic.hanfugou.com//android/2019/9/25/dca72c8cd6314bea862aeb1e8a65ec06.jpg"},"TopCount":70,"CommCount":9,"SaveCount":6,"UserTop":false,"UserSave":false,"Hot":true,"Huiba":{"ID":6746,"Name":"汉服文化周","PublicShow":false},"Huibas":null},{"Title":"古风视频 汉服写真","Describe":"是白衣少年郎呀~\n\n摄影:画森","FaceSrc":"https://pic.hanfugou.com/android/2019/10/9/cc71dcdc84814e38bf0e274c55f60b86.jpg","Source":null,"VideoUrl":"http://av.hanfugou.com/video/android/2019/10/9/e5d6a0854ff845078b3f1849ba9e8b31.mp4","WhenLong":11,"Width":720,"Height":1280,"TrendShops":null,"TaskId":"success","Datetime":"2019-11-09T09:49:07","ID":42450,"User":{"Gender":"女","MainBgPic":null,"AuthenticateCode":null,"AuthenticateName":null,"AuthenticateID":0,"CityNames":"四川,成都","Describe":"成都独立女摄一枚，商拍/寄拍v-yingzhitongxue0321注明来意","AtteCount":0,"ViolationCount":0,"FansCount":0,"UserAtte":false,"GoodAlbumCount":0,"Popularity":0,"UseHanbi":0,"Close":false,"Black":false,"NoteName":null,"ID":1030809,"UserName":"178467964","NickName":"画森接商拍","HeadUrl":"https://pic.hanfugou.com/android/2019/4/3/3ff7025caab84b8d9e6f337dbac6ed99.jpg"},"TopCount":61,"CommCount":3,"SaveCount":5,"UserTop":false,"UserSave":false,"Hot":true,"Huiba":{"ID":7172,"Name":"汉服MV","PublicShow":false},"Huibas":null},{"Title":"虎纠传服别墅轰趴","Describe":"虎纠传服别墅轰趴","FaceSrc":"https://pic.hanfugou.com/android/2019/10/17/c9018c69ca284b4ab7d41f6f53339c80.jpg","Source":null,"VideoUrl":"http://av.hanfugou.com/video/android/2019/10/17/9d9dee84929b4185b1365ad112f531ef.mp4","WhenLong":17,"Width":1080,"Height":1920,"TrendShops":null,"TaskId":"success","Datetime":"2019-11-17T20:56:25","ID":43163,"User":{"Gender":"男","MainBgPic":null,"AuthenticateCode":null,"AuthenticateName":null,"AuthenticateID":0,"CityNames":"福建,泉州","Describe":"无我原非你，从他不解伊。武汉生物工程学院第三届汉服社社长，第七届民乐协会部长，泉港传统文化交流协会副秘书长，好摄影，霹雳道友","AtteCount":0,"ViolationCount":0,"FansCount":0,"UserAtte":false,"GoodAlbumCount":0,"Popularity":0,"UseHanbi":0,"Close":false,"Black":false,"NoteName":null,"ID":83135,"UserName":"980126902","NickName":"辰 星","HeadUrl":"https://pic.hanfugou.com/ios/2016/11/4/1/147819250250702jpg"},"TopCount":23,"CommCount":1,"SaveCount":0,"UserTop":false,"UserSave":false,"Hot":true,"Huiba":null,"Huibas":null},{"Title":"由于之前剪辑得不够精致 重发一次hhh  汉服出行日","Describe":"11.22汉服出行日 我在深圳@李星一 @安凉夏 @阿阿阿阿羡呐","FaceSrc":"https://pic.hanfugou.com/ios/2019/11/22/16/20/157441081850767.jpg","Source":null,"VideoUrl":"http://av.hanfugou.com/video/ios/2019/11/22/16/19/157441079376315.mp4","WhenLong":38,"Width":1080,"Height":810,"TrendShops":null,"TaskId":"success","Datetime":"2019-11-22T16:20:32","ID":43584,"User":{"Gender":"女","MainBgPic":null,"AuthenticateCode":null,"AuthenticateName":null,"AuthenticateID":0,"CityNames":"广东,深圳","Describe":"終有弱水替滄海 再無相思寄巫山","AtteCount":0,"ViolationCount":0,"FansCount":0,"UserAtte":false,"GoodAlbumCount":0,"Popularity":0,"UseHanbi":0,"Close":false,"Black":false,"NoteName":null,"ID":322543,"UserName":"128660271","NickName":"Chubby","HeadUrl":"https://pic.hanfugou.com/android/2018/10/1/624327a60de8469c8036426a16af612f.jpg"},"TopCount":8,"CommCount":2,"SaveCount":0,"UserTop":false,"UserSave":false,"Hot":false,"Huiba":{"ID":7155,"Name":"汉服出行日","PublicShow":false},"Huibas":null},{"Title":"贵阳汉服节","Describe":"11月22－24日 汉服节 不忘初心方得始终","FaceSrc":"https://pic.hanfugou.com/android/2019/10/23/0ffdef57b5034f348227250ef3d15ad6.jpg","Source":null,"VideoUrl":"http://av.hanfugou.com/video/android/2019/10/23/d10a3883410740aa9b6188d1263b07c5.mp4","WhenLong":141,"Width":1280,"Height":720,"TrendShops":null,"TaskId":"success","Datetime":"2019-11-23T19:15:26","ID":43717,"User":{"Gender":"女","MainBgPic":null,"AuthenticateCode":null,"AuthenticateName":null,"AuthenticateID":0,"CityNames":"贵州,贵阳","Describe":"德云lnm","AtteCount":0,"ViolationCount":0,"FansCount":0,"UserAtte":false,"GoodAlbumCount":0,"Popularity":0,"UseHanbi":0,"Close":false,"Black":false,"NoteName":null,"ID":252912,"UserName":"193434031","NickName":"秭灼蜀黍","HeadUrl":"https://pic.hanfugou.com//android/2019/11/5/6ae2cac01280493385cd2bf54dcedaaa.jpg"},"TopCount":7,"CommCount":0,"SaveCount":0,"UserTop":false,"UserSave":false,"Hot":false,"Huiba":{"ID":7155,"Name":"汉服出行日","PublicShow":false},"Huibas":null},{"Title":"南昌汉服出行日","Describe":"〃∀〃","FaceSrc":"https://pic.hanfugou.com/android/2019/10/25/e875e2b942e645cf8874c2a86d452a76.jpg","Source":null,"VideoUrl":"http://av.hanfugou.com/video/android/2019/10/25/4e7a8b52eba54f198d88f9a8b8021b89.mp4","WhenLong":6,"Width":736,"Height":544,"TrendShops":null,"TaskId":"success","Datetime":"2019-11-25T17:56:48","ID":43957,"User":{"Gender":"女","MainBgPic":null,"AuthenticateCode":null,"AuthenticateName":null,"AuthenticateID":0,"CityNames":"广东,珠海","Describe":"是个入坑301天的萌新     到明年五月份俺一直在珠海！同城的袍子找俺面基！！","AtteCount":0,"ViolationCount":0,"FansCount":0,"UserAtte":false,"GoodAlbumCount":0,"Popularity":0,"UseHanbi":0,"Close":false,"Black":false,"NoteName":null,"ID":407902,"UserName":"765500250","NickName":"宽面o","HeadUrl":"https://pic.hanfugou.com//android/2019/10/28/6b68d6fb138a44e8a93ab6de8e587567.jpg"},"TopCount":6,"CommCount":0,"SaveCount":0,"UserTop":false,"UserSave":false,"Hot":false,"Huiba":{"ID":7155,"Name":"汉服出行日","PublicShow":false},"Huibas":null},{"Title":"1122汉服节，我们在福建福鼎","Describe":"17号的视频ouo","FaceSrc":"https://pic.hanfugou.com/android/2019/10/22/2a41e059608e43a48750e36ddf8216fd.jpg","Source":null,"VideoUrl":"http://av.hanfugou.com/video/android/2019/10/22/3c81707eb22a4eb792fdb6ce20c5318b.mp4","WhenLong":11,"Width":960,"Height":544,"TrendShops":null,"TaskId":"success","Datetime":"2019-11-22T21:50:38","ID":43625,"User":{"Gender":"女","MainBgPic":null,"AuthenticateCode":null,"AuthenticateName":null,"AuthenticateID":0,"CityNames":"福建,宁德","Describe":"已退荟。10级同袍🍋形制党。                芰荷记汉服的黑粉头子                       Diss混搭非汉服学说                            Diss混搭里的汉服不正规学说                 暴躁老妹在线喷人！","AtteCount":0,"ViolationCount":0,"FansCount":0,"UserAtte":false,"GoodAlbumCount":0,"Popularity":0,"UseHanbi":0,"Close":false,"Black":false,"NoteName":null,"ID":746276,"UserName":"861360821","NickName":"黛岑杠死混搭非汉服","HeadUrl":"https://pic.hanfugou.com//android/2019/10/27/16e2fc7eb53246f4a66de347d8ff4bf7.jpg"},"TopCount":4,"CommCount":0,"SaveCount":0,"UserTop":false,"UserSave":false,"Hot":false,"Huiba":{"ID":7155,"Name":"汉服出行日","PublicShow":false},"Huibas":null},{"Title":"小女子不才就喜欢扮帅","Describe":"一下没忍住\n待收货又多了一套男装","FaceSrc":"https://pic.hanfugou.com/android/2019/11/1/ad8d0aa49f3a42ee9f2c7ff382557a9a.jpg","Source":null,"VideoUrl":"http://av.hanfugou.com/video/android/2019/11/1/4bae3b9f04b644e2ac25a3d4ac342638.mp4","WhenLong":16,"Width":720,"Height":1280,"TrendShops":null,"TaskId":"success","Datetime":"2019-12-01T11:21:09","ID":44441,"User":{"Gender":"女","MainBgPic":null,"AuthenticateCode":null,"AuthenticateName":null,"AuthenticateID":0,"CityNames":"湖南,郴州","Describe":"b站：发酱今天要更新经常更新各种妆造和开箱视频","AtteCount":0,"ViolationCount":0,"FansCount":0,"UserAtte":false,"GoodAlbumCount":0,"Popularity":0,"UseHanbi":0,"Close":false,"Black":false,"NoteName":null,"ID":135932,"UserName":"738030198","NickName":"浮华华","HeadUrl":"https://pic.hanfugou.com//android/2019/10/6/6f622ec10e6b47bf855c331b620a13b9.png"},"TopCount":2,"CommCount":0,"SaveCount":0,"UserTop":false,"UserSave":false,"Hot":false,"Huiba":{"ID":7155,"Name":"汉服出行日","PublicShow":false},"Huibas":null},{"Title":"揭阳汉文化社（筹）","Describe":"岂曰无衣，与子同袍。2019，汉服出行在揭阳。","FaceSrc":"https://pic.hanfugou.com/android/2019/10/25/c9c7c53711b5429987d7f57ddb07d72f.jpg","Source":null,"VideoUrl":"http://av.hanfugou.com/video/android/2019/10/25/09ffe65dcaeb496fa9b636476f0f6aca.mp4","WhenLong":14,"Width":960,"Height":544,"TrendShops":null,"TaskId":"success","Datetime":"2019-11-25T15:39:49","ID":43935,"User":{"Gender":"男","MainBgPic":null,"AuthenticateCode":null,"AuthenticateName":null,"AuthenticateID":0,"CityNames":"广东,揭阳","Describe":"","AtteCount":0,"ViolationCount":0,"FansCount":0,"UserAtte":false,"GoodAlbumCount":0,"Popularity":0,"UseHanbi":0,"Close":false,"Black":false,"NoteName":null,"ID":206193,"UserName":"387539427","NickName":"钻闪仙","HeadUrl":"https://pic.hanfugou.com//android/2019/10/25/8a4119d4bd4f4ff9a7495975a0b799c8.jpg"},"TopCount":2,"CommCount":0,"SaveCount":0,"UserTop":false,"UserSave":false,"Hot":false,"Huiba":{"ID":7155,"Name":"汉服出行日","PublicShow":false},"Huibas":null}],"ServerTime":1577028118,"Remark":{}}