{
  "Status": "10000",
  "ErrorMessage": "成功",
  "Data": function({
    _req
  }) {
    return _req.query.id == '38885' ? {
      "Title": "《我和我的祖国》同袍版",
      "Describe": "澳大利亚同袍在悉尼为祖国祝福唱响 《我和我的祖国》",
      "FaceSrc": "https://pic.hanfugou.com/android/2019/8/26/a464c0d7478b40e2b71a96fff8a9dec5.jpg",
      "Source": null,
      "VideoUrl": "http://av.hanfugou.com/video/android/2019/8/26/5a35a207d0f4424a958ed88b1ccc8f6d.mp4",
      "WhenLong": 268,
      "Width": 960,
      "Height": 540,
      "TrendShops": [],
      "TaskId": "c930058868a044a1b43e678542b3018e",
      "Datetime": "2019-09-26T22:54:06",
      "ID": 38885,
      "User": {
        "Gender": "女",
        "MainBgPic": null,
        "AuthenticateCode": null,
        "AuthenticateName": null,
        "AuthenticateID": 0,
        "CityNames": "江苏,南京",
        "Describe": "微博名: 野生同袍-青衣     日常推广安利汉服，汉文化",
        "AtteCount": 0,
        "ViolationCount": 0,
        "FansCount": 0,
        "UserAtte": false,
        "GoodAlbumCount": 0,
        "Popularity": 0,
        "UseHanbi": 0,
        "Close": false,
        "Black": false,
        "NoteName": null,
        "ID": 19494,
        "UserName": "1021507133",
        "NickName": "青衣（汉文化安利）",
        "HeadUrl": "https://pic.hanfugou.com/android/2019/5/9/24d77b14325649e297630f5cc1ef5398.jpg"
      },
      "TopCount": 139,
      "CommCount": 9,
      "SaveCount": 20,
      "UserTop": false,
      "UserSave": false,
      "Hot": true,
      "Huiba": {
        "ID": 7172,
        "Name": "汉服MV",
        "PublicShow": false
      },
      "Huibas": null
    } : {
      "Title": "妆容造型教程(简单)",
      "Describe": "前面还很日常呢，嘿嘿",
      "FaceSrc": "https://pic.hanfugou.com/android/2019/6/14/6522d60a73a047feb03302e91d00fc59.jpg",
      "Source": null,
      "VideoUrl": "http://av.hanfugou.com/video/android/2019/6/14/6cd80b85542042bf8b9c865ae4eb09a6.mp4",
      "WhenLong": 147,
      "Width": 1708,
      "Height": 960,
      "TrendShops": [],
      "TaskId": "success",
      "Datetime": "2019-07-14T23:40:29",
      "ID": 30932,
      "User": {
        "Gender": "女",
        "MainBgPic": null,
        "AuthenticateCode": null,
        "AuthenticateName": null,
        "AuthenticateID": 0,
        "CityNames": "北京,东城",
        "Describe": "汉服发型教程Q:2381542941",
        "AtteCount": 0,
        "ViolationCount": 0,
        "FansCount": 0,
        "UserAtte": false,
        "GoodAlbumCount": 0,
        "Popularity": 0,
        "UseHanbi": 0,
        "Close": false,
        "Black": false,
        "NoteName": null,
        "ID": 424381,
        "UserName": "153700466",
        "NickName": "犴大人",
        "HeadUrl": "https://pic.hanfugou.com/android/2019/1/28/3a370cd300c742dfbb8b92d96627aadd.jpg"
      },
      "TopCount": 183,
      "CommCount": 8,
      "SaveCount": 66,
      "UserTop": false,
      "UserSave": false,
      "Hot": true,
      "Huiba": {
        "ID": 6921,
        "Name": "发型妆容",
        "PublicShow": false
      },
      "Huibas": null
    }
  },
  "ServerTime": 1577028150,
  "Remark": {}
}