{
  "Status": "10000",
  "ErrorMessage": "成功",
  "Data": function({
    _req
  }) {
    return _req.query.tag == 'signin' ? [{
      "ID": 32,
      "Name": "神器补签卡（每月限购10次）",
      "Price": 5,
      "Remain": 111269,
      "Sold": 223394,
      "Virtual": true,
      "ImgSrc": "https://pic.hanfugou.com/pc/2017/2/20/14/f49756885dc84f5682424c0fcf717a6e.jpg",
      "Putaway": true,
      "Tag": "signin",
      "Note": null,
      "OtherID": 0,
      "Orders": {
        "ID": 490534,
        "User": {
          "Gender": null,
          "MainBgPic": null,
          "AuthenticateCode": null,
          "AuthenticateName": null,
          "AuthenticateID": 0,
          "CityNames": null,
          "Describe": null,
          "AtteCount": 0,
          "ViolationCount": 0,
          "FansCount": 0,
          "UserAtte": false,
          "GoodAlbumCount": 0,
          "Popularity": 0,
          "UseHanbi": 0,
          "Close": false,
          "Black": false,
          "NoteName": null,
          "ID": 840508,
          "UserName": null,
          "NickName": "待卿阁",
          "HeadUrl": "https://pic.hanfugou.com/android/2019/3/3/04920518e6d24c87b0ab343f142d4403.jpg"
        },
        "Shop": {
          "ID": 32,
          "Name": "神器补签卡（每月限购10次）",
          "Price": 5,
          "Remain": 0,
          "Sold": 0,
          "Virtual": true,
          "ImgSrc": "https://pic.hanfugou.com/pc/2017/2/20/14/f49756885dc84f5682424c0fcf717a6e.jpg",
          "Putaway": false,
          "Tag": "signin",
          "Note": null,
          "OtherID": 0,
          "Orders": null,
          "UpDatetime": "0001-01-01T00:00:00",
          "Datetime": "2019-12-25T14:10:29"
        },
        "Price": 5,
        "Number": "157725422900327636",
        "Remark": null,
        "ShopCount": 0,
        "AddressIDs": null,
        "AddressNames": null,
        "Street": null,
        "Recipients": null,
        "Phone": null,
        "State": 2,
        "Datetime": "2019-12-25T14:10:29"
      },
      "UpDatetime": "2019-06-18T12:12:05",
      "Datetime": "2015-04-17T21:11:11"
    }] : [{
      "ID": 115,
      "Name": "20元商城代金券（有效期15天）",
      "Price": 700,
      "Remain": 369,
      "Sold": 779,
      "Virtual": true,
      "ImgSrc": "https://pic.hanfugou.com/pc/2017/12/30/20/2829556750dc4d4f8552521494b4ebca.png",
      "Putaway": true,
      "Tag": "voucher20180101_10",
      "Note": null,
      "OtherID": 10,
      "Orders": {
        "ID": 490357,
        "User": {
          "Gender": null,
          "MainBgPic": null,
          "AuthenticateCode": null,
          "AuthenticateName": null,
          "AuthenticateID": 0,
          "CityNames": null,
          "Describe": null,
          "AtteCount": 0,
          "ViolationCount": 0,
          "FansCount": 0,
          "UserAtte": false,
          "GoodAlbumCount": 0,
          "Popularity": 0,
          "UseHanbi": 0,
          "Close": false,
          "Black": false,
          "NoteName": null,
          "ID": 467311,
          "UserName": null,
          "NickName": "萧以辞",
          "HeadUrl": "https://pic.hanfugou.com//android/2019/9/5/4f66b540525a4f67bc9c05b193041a6a.jpg"
        },
        "Shop": {
          "ID": 115,
          "Name": "20元商城代金券（有效期15天）",
          "Price": 700,
          "Remain": 0,
          "Sold": 0,
          "Virtual": true,
          "ImgSrc": "https://pic.hanfugou.com/pc/2017/12/30/20/2829556750dc4d4f8552521494b4ebca.png",
          "Putaway": false,
          "Tag": "voucher20180101_10",
          "Note": null,
          "OtherID": 10,
          "Orders": null,
          "UpDatetime": "0001-01-01T00:00:00",
          "Datetime": "2019-12-25T08:11:21"
        },
        "Price": 700,
        "Number": "157723268101158524",
        "Remark": null,
        "ShopCount": 0,
        "AddressIDs": null,
        "AddressNames": null,
        "Street": null,
        "Recipients": null,
        "Phone": null,
        "State": 2,
        "Datetime": "2019-12-25T08:11:21"
      },
      "UpDatetime": "2019-04-15T11:52:21",
      "Datetime": "2017-12-30T20:21:07"
    }, {
      "ID": 114,
      "Name": "40元商城代金券（有效期15天）",
      "Price": 1400,
      "Remain": 766,
      "Sold": 332,
      "Virtual": true,
      "ImgSrc": "https://pic.hanfugou.com/pc/2017/12/30/20/a283a4c54c084268835cf06c4ed4f06c.png",
      "Putaway": true,
      "Tag": "voucher20180101_11",
      "Note": null,
      "OtherID": 11,
      "Orders": {
        "ID": 488693,
        "User": {
          "Gender": null,
          "MainBgPic": null,
          "AuthenticateCode": null,
          "AuthenticateName": null,
          "AuthenticateID": 0,
          "CityNames": null,
          "Describe": null,
          "AtteCount": 0,
          "ViolationCount": 0,
          "FansCount": 0,
          "UserAtte": false,
          "GoodAlbumCount": 0,
          "Popularity": 0,
          "UseHanbi": 0,
          "Close": false,
          "Black": false,
          "NoteName": null,
          "ID": 89405,
          "UserName": null,
          "NickName": "德音℡",
          "HeadUrl": "https://pic.hanfugou.com/android/2018/3/8/c9b28c00c91e40dd9bd47330485ce232.jpg"
        },
        "Shop": {
          "ID": 114,
          "Name": "40元商城代金券（有效期15天）",
          "Price": 1400,
          "Remain": 0,
          "Sold": 0,
          "Virtual": true,
          "ImgSrc": "https://pic.hanfugou.com/pc/2017/12/30/20/a283a4c54c084268835cf06c4ed4f06c.png",
          "Putaway": false,
          "Tag": "voucher20180101_11",
          "Note": null,
          "OtherID": 11,
          "Orders": null,
          "UpDatetime": "0001-01-01T00:00:00",
          "Datetime": "2019-12-23T00:08:57"
        },
        "Price": 1400,
        "Number": "157703093701145611",
        "Remark": null,
        "ShopCount": 0,
        "AddressIDs": null,
        "AddressNames": null,
        "Street": null,
        "Recipients": null,
        "Phone": null,
        "State": 2,
        "Datetime": "2019-12-23T00:08:57"
      },
      "UpDatetime": "2019-04-15T12:25:11",
      "Datetime": "2017-12-30T20:18:51"
    }, {
      "ID": 32,
      "Name": "神器补签卡（每月限购10次）",
      "Price": 5,
      "Remain": 111269,
      "Sold": 223394,
      "Virtual": true,
      "ImgSrc": "https://pic.hanfugou.com/pc/2017/2/20/14/f49756885dc84f5682424c0fcf717a6e.jpg",
      "Putaway": true,
      "Tag": "signin",
      "Note": null,
      "OtherID": 0,
      "Orders": {
        "ID": 490534,
        "User": {
          "Gender": null,
          "MainBgPic": null,
          "AuthenticateCode": null,
          "AuthenticateName": null,
          "AuthenticateID": 0,
          "CityNames": null,
          "Describe": null,
          "AtteCount": 0,
          "ViolationCount": 0,
          "FansCount": 0,
          "UserAtte": false,
          "GoodAlbumCount": 0,
          "Popularity": 0,
          "UseHanbi": 0,
          "Close": false,
          "Black": false,
          "NoteName": null,
          "ID": 840508,
          "UserName": null,
          "NickName": "待卿阁",
          "HeadUrl": "https://pic.hanfugou.com/android/2019/3/3/04920518e6d24c87b0ab343f142d4403.jpg"
        },
        "Shop": {
          "ID": 32,
          "Name": "神器补签卡（每月限购10次）",
          "Price": 5,
          "Remain": 0,
          "Sold": 0,
          "Virtual": true,
          "ImgSrc": "https://pic.hanfugou.com/pc/2017/2/20/14/f49756885dc84f5682424c0fcf717a6e.jpg",
          "Putaway": false,
          "Tag": "signin",
          "Note": null,
          "OtherID": 0,
          "Orders": null,
          "UpDatetime": "0001-01-01T00:00:00",
          "Datetime": "2019-12-25T14:10:29"
        },
        "Price": 5,
        "Number": "157725422900327636",
        "Remark": null,
        "ShopCount": 0,
        "AddressIDs": null,
        "AddressNames": null,
        "Street": null,
        "Recipients": null,
        "Phone": null,
        "State": 2,
        "Datetime": "2019-12-25T14:10:29"
      },
      "UpDatetime": "2019-06-18T12:12:05",
      "Datetime": "2015-04-17T21:11:11"
    }]
  },
  "ServerTime": 1576844309,
  "Remark": {
    "count": 0
  }
}