{
  "Status": "10000",
  "ErrorMessage": "成功",
  "Data": [{
    "ID": 393513,
    "User": {
      "Gender": null,
      "MainBgPic": null,
      "AuthenticateCode": null,
      "AuthenticateName": null,
      "AuthenticateID": 0,
      "CityNames": null,
      "Describe": null,
      "AtteCount": 0,
      "ViolationCount": 0,
      "FansCount": 0,
      "UserAtte": false,
      "GoodAlbumCount": 0,
      "Popularity": 0,
      "UseHanbi": 0,
      "Close": false,
      "Black": false,
      "NoteName": null,
      "ID": 985319,
      "UserName": null,
      "NickName": "菩提银月",
      "HeadUrl": "https://pic.hanfugou.com/android/2019/6/31/ee6194c2082e4e8fa49df2e2aef5ab9c.jpg"
    },
    "Shop": {
      "ID": 32,
      "Name": "神器补签卡（每月限购10次）",
      "Price": 5,
      "Remain": 0,
      "Sold": 0,
      "Virtual": true,
      "ImgSrc": "https://pic.hanfugou.com/pc/2017/2/20/14/f49756885dc84f5682424c0fcf717a6e.jpg",
      "Putaway": false,
      "Tag": "signin",
      "Note": null,
      "OtherID": 0,
      "Orders": null,
      "UpDatetime": "0001-01-01T00:00:00",
      "Datetime": "2019-09-06T14:40:23"
    },
    "Price": 5,
    "Number": "156775202300326945",
    "Remark": null,
    "ShopCount": 0,
    "AddressIDs": null,
    "AddressNames": null,
    "Street": null,
    "Recipients": null,
    "Phone": null,
    "State": 2,
    "Datetime": "2019-09-06T14:40:23"
  }, {
    "ID": 351879,
    "User": {
      "Gender": null,
      "MainBgPic": null,
      "AuthenticateCode": null,
      "AuthenticateName": null,
      "AuthenticateID": 0,
      "CityNames": null,
      "Describe": null,
      "AtteCount": 0,
      "ViolationCount": 0,
      "FansCount": 0,
      "UserAtte": false,
      "GoodAlbumCount": 0,
      "Popularity": 0,
      "UseHanbi": 0,
      "Close": false,
      "Black": false,
      "NoteName": null,
      "ID": 985319,
      "UserName": null,
      "NickName": "菩提银月",
      "HeadUrl": "https://pic.hanfugou.com/android/2019/6/31/ee6194c2082e4e8fa49df2e2aef5ab9c.jpg"
    },
    "Shop": {
      "ID": 32,
      "Name": "神器补签卡（每月限购10次）",
      "Price": 5,
      "Remain": 0,
      "Sold": 0,
      "Virtual": true,
      "ImgSrc": "https://pic.hanfugou.com/pc/2017/2/20/14/f49756885dc84f5682424c0fcf717a6e.jpg",
      "Putaway": false,
      "Tag": "signin",
      "Note": null,
      "OtherID": 0,
      "Orders": null,
      "UpDatetime": "0001-01-01T00:00:00",
      "Datetime": "2019-07-31T14:02:43"
    },
    "Price": 5,
    "Number": "156455296100324172",
    "Remark": "能买10次",
    "ShopCount": 0,
    "AddressIDs": null,
    "AddressNames": null,
    "Street": null,
    "Recipients": null,
    "Phone": null,
    "State": 2,
    "Datetime": "2019-07-31T14:02:43"
  }, {
    "ID": 351878,
    "User": {
      "Gender": null,
      "MainBgPic": null,
      "AuthenticateCode": null,
      "AuthenticateName": null,
      "AuthenticateID": 0,
      "CityNames": null,
      "Describe": null,
      "AtteCount": 0,
      "ViolationCount": 0,
      "FansCount": 0,
      "UserAtte": false,
      "GoodAlbumCount": 0,
      "Popularity": 0,
      "UseHanbi": 0,
      "Close": false,
      "Black": false,
      "NoteName": null,
      "ID": 985319,
      "UserName": null,
      "NickName": "菩提银月",
      "HeadUrl": "https://pic.hanfugou.com/android/2019/6/31/ee6194c2082e4e8fa49df2e2aef5ab9c.jpg"
    },
    "Shop": {
      "ID": 32,
      "Name": "神器补签卡（每月限购10次）",
      "Price": 5,
      "Remain": 0,
      "Sold": 0,
      "Virtual": true,
      "ImgSrc": "https://pic.hanfugou.com/pc/2017/2/20/14/f49756885dc84f5682424c0fcf717a6e.jpg",
      "Putaway": false,
      "Tag": "signin",
      "Note": null,
      "OtherID": 0,
      "Orders": null,
      "UpDatetime": "0001-01-01T00:00:00",
      "Datetime": "2019-07-31T14:02:11"
    },
    "Price": 5,
    "Number": "156455293000325393",
    "Remark": null,
    "ShopCount": 0,
    "AddressIDs": null,
    "AddressNames": null,
    "Street": null,
    "Recipients": null,
    "Phone": null,
    "State": 2,
    "Datetime": "2019-07-31T14:02:11"
  }, {
    "ID": 351875,
    "User": {
      "Gender": null,
      "MainBgPic": null,
      "AuthenticateCode": null,
      "AuthenticateName": null,
      "AuthenticateID": 0,
      "CityNames": null,
      "Describe": null,
      "AtteCount": 0,
      "ViolationCount": 0,
      "FansCount": 0,
      "UserAtte": false,
      "GoodAlbumCount": 0,
      "Popularity": 0,
      "UseHanbi": 0,
      "Close": false,
      "Black": false,
      "NoteName": null,
      "ID": 985319,
      "UserName": null,
      "NickName": "菩提银月",
      "HeadUrl": "https://pic.hanfugou.com/android/2019/6/31/ee6194c2082e4e8fa49df2e2aef5ab9c.jpg"
    },
    "Shop": {
      "ID": 32,
      "Name": "神器补签卡（每月限购10次）",
      "Price": 5,
      "Remain": 0,
      "Sold": 0,
      "Virtual": true,
      "ImgSrc": "https://pic.hanfugou.com/pc/2017/2/20/14/f49756885dc84f5682424c0fcf717a6e.jpg",
      "Putaway": false,
      "Tag": "signin",
      "Note": null,
      "OtherID": 0,
      "Orders": null,
      "UpDatetime": "0001-01-01T00:00:00",
      "Datetime": "2019-07-31T13:58:55"
    },
    "Price": 5,
    "Number": "156455273500324446",
    "Remark": null,
    "ShopCount": 0,
    "AddressIDs": null,
    "AddressNames": null,
    "Street": null,
    "Recipients": null,
    "Phone": null,
    "State": 2,
    "Datetime": "2019-07-31T13:58:55"
  }],
  "ServerTime": 1576844638,
  "Remark": {}
}