{
    "Status": "10000",
    "ErrorMessage": "成功",
    "Data": [
        {
            "ID": 11856512,
            "UserID": 985319,
            "Connect": 1,
            "TodayRanking": 11733,
            "SigninDate": "2019-12-20T00:00:00",
            "NextOver": true,
            "Hanbi": 1,
            "Datetime": "2019-12-20T20:32:21"
        },
        {
            "ID": 10852490,
            "UserID": 985319,
            "Connect": 1,
            "TodayRanking": 13750,
            "SigninDate": "2019-10-13T00:00:00",
            "NextOver": true,
            "Hanbi": 1,
            "Datetime": "2019-10-13T20:48:57"
        },
        {
            "ID": 10561412,
            "UserID": 985319,
            "Connect": 3,
            "TodayRanking": 8742,
            "SigninDate": "2019-09-26T00:00:00",
            "NextOver": true,
            "Hanbi": 1,
            "Datetime": "2019-09-26T12:15:23"
        },
        {
            "ID": 10544353,
            "UserID": 985319,
            "Connect": 2,
            "TodayRanking": 6096,
            "SigninDate": "2019-09-25T00:00:00",
            "NextOver": true,
            "Hanbi": 1,
            "Datetime": "2019-09-25T08:09:49"
        },
        {
            "ID": 10537318,
            "UserID": 985319,
            "Connect": 1,
            "TodayRanking": 13076,
            "SigninDate": "2019-09-24T00:00:00",
            "NextOver": true,
            "Hanbi": 1,
            "Datetime": "2019-09-24T23:04:47"
        },
        {
            "ID": 10263751,
            "UserID": 985319,
            "Connect": 7,
            "TodayRanking": 10965,
            "SigninDate": "2019-09-07T00:00:00",
            "NextOver": true,
            "Hanbi": 7,
            "Datetime": "2019-09-07T13:26:08"
        },
        {
            "ID": 10247409,
            "UserID": 985319,
            "Connect": 2,
            "TodayRanking": 14801,
            "SigninDate": "2019-09-02T00:00:00",
            "NextOver": false,
            "Hanbi": 0,
            "Datetime": "2019-09-06T14:40:23"
        },
        {
            "ID": 10247106,
            "UserID": 985319,
            "Connect": 6,
            "TodayRanking": 9917,
            "SigninDate": "2019-09-06T00:00:00",
            "NextOver": true,
            "Hanbi": 1,
            "Datetime": "2019-09-06T13:51:52"
        },
        {
            "ID": 10232854,
            "UserID": 985319,
            "Connect": 5,
            "TodayRanking": 10095,
            "SigninDate": "2019-09-05T00:00:00",
            "NextOver": true,
            "Hanbi": 1,
            "Datetime": "2019-09-05T14:49:57"
        },
        {
            "ID": 10220395,
            "UserID": 985319,
            "Connect": 4,
            "TodayRanking": 12042,
            "SigninDate": "2019-09-04T00:00:00",
            "NextOver": true,
            "Hanbi": 1,
            "Datetime": "2019-09-04T20:43:14"
        },
        {
            "ID": 10201758,
            "UserID": 985319,
            "Connect": 3,
            "TodayRanking": 8520,
            "SigninDate": "2019-09-03T00:00:00",
            "NextOver": true,
            "Hanbi": 1,
            "Datetime": "2019-09-03T11:34:54"
        },
        {
            "ID": 10171317,
            "UserID": 985319,
            "Connect": 1,
            "TodayRanking": 10890,
            "SigninDate": "2019-09-01T00:00:00",
            "NextOver": true,
            "Hanbi": 1,
            "Datetime": "2019-09-01T12:07:41"
        },
        {
            "ID": 10099563,
            "UserID": 985319,
            "Connect": 1,
            "TodayRanking": 12647,
            "SigninDate": "2019-08-28T00:00:00",
            "NextOver": true,
            "Hanbi": 1,
            "Datetime": "2019-08-28T17:14:15"
        },
        {
            "ID": 10019513,
            "UserID": 985319,
            "Connect": 1,
            "TodayRanking": 16466,
            "SigninDate": "2019-08-24T00:00:00",
            "NextOver": true,
            "Hanbi": 1,
            "Datetime": "2019-08-24T21:27:01"
        },
        {
            "ID": 9914680,
            "UserID": 985319,
            "Connect": 1,
            "TodayRanking": 17693,
            "SigninDate": "2019-08-19T00:00:00",
            "NextOver": true,
            "Hanbi": 1,
            "Datetime": "2019-08-19T23:05:20"
        },
        {
            "ID": 9871633,
            "UserID": 985319,
            "Connect": 1,
            "TodayRanking": 13735,
            "SigninDate": "2019-08-17T00:00:00",
            "NextOver": true,
            "Hanbi": 1,
            "Datetime": "2019-08-17T14:05:51"
        },
        {
            "ID": 9781086,
            "UserID": 985319,
            "Connect": 1,
            "TodayRanking": 12238,
            "SigninDate": "2019-08-13T00:00:00",
            "NextOver": true,
            "Hanbi": 1,
            "Datetime": "2019-08-13T11:55:12"
        },
        {
            "ID": 9612614,
            "UserID": 985319,
            "Connect": 1,
            "TodayRanking": 15232,
            "SigninDate": "2019-08-05T00:00:00",
            "NextOver": true,
            "Hanbi": 1,
            "Datetime": "2019-08-05T15:19:31"
        },
        {
            "ID": 9550661,
            "UserID": 985319,
            "Connect": 1,
            "TodayRanking": 17028,
            "SigninDate": "2019-08-02T00:00:00",
            "NextOver": true,
            "Hanbi": 1,
            "Datetime": "2019-08-02T18:15:31"
        },
        {
            "ID": 9502387,
            "UserID": 985319,
            "Connect": 1,
            "TodayRanking": 21344,
            "SigninDate": "2019-07-27T00:00:00",
            "NextOver": false,
            "Hanbi": 0,
            "Datetime": "2019-07-31T14:02:44"
        },
        {
            "ID": 9502382,
            "UserID": 985319,
            "Connect": 2,
            "TodayRanking": 21170,
            "SigninDate": "2019-07-28T00:00:00",
            "NextOver": false,
            "Hanbi": 0,
            "Datetime": "2019-07-31T14:02:11"
        },
        {
            "ID": 9502332,
            "UserID": 985319,
            "Connect": 3,
            "TodayRanking": 21079,
            "SigninDate": "2019-07-29T00:00:00",
            "NextOver": false,
            "Hanbi": 0,
            "Datetime": "2019-07-31T13:58:55"
        },
        {
            "ID": 9501728,
            "UserID": 985319,
            "Connect": 5,
            "TodayRanking": 14056,
            "SigninDate": "2019-07-31T00:00:00",
            "NextOver": true,
            "Hanbi": 1,
            "Datetime": "2019-07-31T13:13:27"
        },
        {
            "ID": 9479718,
            "UserID": 985319,
            "Connect": 4,
            "TodayRanking": 13485,
            "SigninDate": "2019-07-30T00:00:00",
            "NextOver": true,
            "Hanbi": 1,
            "Datetime": "2019-07-30T12:37:17"
        },
        {
            "ID": 9308420,
            "UserID": 985319,
            "Connect": 1,
            "TodayRanking": 14647,
            "SigninDate": "2019-07-22T00:00:00",
            "NextOver": true,
            "Hanbi": 1,
            "Datetime": "2019-07-22T13:24:10"
        },
        {
            "ID": 7557905,
            "UserID": 985319,
            "Connect": 1,
            "TodayRanking": 14537,
            "SigninDate": "2019-05-05T00:00:00",
            "NextOver": true,
            "Hanbi": 1,
            "Datetime": "2019-05-05T11:44:35"
        },
        {
            "ID": 7414704,
            "UserID": 985319,
            "Connect": 2,
            "TodayRanking": 20663,
            "SigninDate": "2019-04-30T00:00:00",
            "NextOver": true,
            "Hanbi": 1,
            "Datetime": "2019-04-30T18:04:05"
        },
        {
            "ID": 7387054,
            "UserID": 985319,
            "Connect": 1,
            "TodayRanking": 17518,
            "SigninDate": "2019-04-29T00:00:00",
            "NextOver": true,
            "Hanbi": 1,
            "Datetime": "2019-04-29T16:38:35"
        },
        {
            "ID": 7260428,
            "UserID": 985319,
            "Connect": 1,
            "TodayRanking": 18187,
            "SigninDate": "2019-04-24T00:00:00",
            "NextOver": true,
            "Hanbi": 1,
            "Datetime": "2019-04-24T17:46:07"
        }
    ],
    "ServerTime": 1576857296,
    "Remark": {}
}