{
  "Status": "10000",
  "ErrorMessage": "成功",
  "Data|1-12": [{
    "ID|11889023-11926201": 11926201,
    "UserID": 985319,
    "Connect|1-7": 1,
    "TodayRanking|92-14168": 9245,
    "SigninDate": function({
      _req,
      Mock
    }) {
      return _req.query.date ? Mock.mock("@datetime(2019-" + _req.query.date.split('/')[1] + "-dd 00:00:00)") : Mock.mock("@datetime(2019-12-dd HH:mm:ss)")
    },
    "NextOver|1-2": false,
    "Hanbi|1-2": 1,
    "Datetime": function({
      _req,
      Mock
    }) {
      return _req.query.date ? Mock.mock("@datetime(2019-" + _req.query.date.split('/')[1] + "-dd 00:00:00)") : Mock.mock("@datetime(2019-12-dd HH:mm:ss)")
    },
  }],
  "ServerTime": 1577257373,
  "Remark": {
    "userdate": "2019-04-24T17:41:08"
  }
}