{
    "Status": "10000",
    "ErrorMessage": "成功",
    "Data": {
        "ID": 0,
        "UserID": 985319,
        "User": {
            "TrendCount": 0,
            "ImageCount": 0,
            "Email": null,
            "PhoneCountry": 86,
            "Phone": "18531891750",
            "IP": "219.159.137.119",
            "FromClient": "android",
            "RegisterAction": "phone",
            "Datetime": "2019-04-24T17:41:08",
            "LastDatetime": "2019-12-20T21:58:06",
            "CityIDs": "111,121",
            "Binds": null,
            "AuthenticateDatetime": "2019-04-24T17:41:08",
            "ShowIM": false,
            "HideTop": false,
            "WordCount": 0,
            "AlbumCount": 0,
            "VideoCount": 0,
            "TopicCount": 0,
            "Hanbi": 31,
            "SigninCount": 1,
            "Gender": "女",
            "MainBgPic": "http://pic.hanfugou.com/android/2019/6/31/340508d4d63747e6961cc810185ab999.jpg",
            "AuthenticateCode": null,
            "AuthenticateName": null,
            "AuthenticateID": 0,
            "CityNames": "广西,南宁",
            "Describe": "爱爱。。",
            "AtteCount": 11,
            "ViolationCount": 0,
            "FansCount": 9,
            "UserAtte": false,
            "GoodAlbumCount": 0,
            "Popularity": 0,
            "UseHanbi": 20,
            "Close": false,
            "Black": false,
            "NoteName": null,
            "ID": 470913,
            "UserName": "679708615",
            "NickName": "小慧别尘境",
            "HeadUrl": "http://pic.hanfugou.com/android/2019/6/31/ee6194c2082e4e8fa49df2e2aef5ab9c.jpg"
        },
        "UserTool": {
            "send": true,
            "baseatte": false,
            "album_agree": true,
            "manage": false,
            "word_agree": false,
            "showim": true,
            "trend_hot": false,
            "main_tab": {
                "word": true,
                "album": true,
                "square": true,
                "video": true
            },
            "hidetop": false
        },
        "AccessToken": "cdfce5400151472384e0132d937ea39f",
        "Authention": null,
        "OverDatetime": "2019-12-27T22:47:47.5467779+08:00",
        "Datetime": "2019-12-20T22:47:47.5467779+08:00"
    },
    "ServerTime": 1576853267,
    "Remark": {}
}