{
  "Status": "10000",
  "ErrorMessage": "成功",
  "Data": [{
    "ID": 17860486,
    "ToUserID": 985319,
    "User": {
      "Gender": "女",
      "MainBgPic": null,
      "AuthenticateCode": null,
      "AuthenticateName": null,
      "AuthenticateID": 0,
      "CityNames": null,
      "Describe": null,
      "AtteCount": 0,
      "ViolationCount": 0,
      "FansCount": 0,
      "UserAtte": false,
      "GoodAlbumCount": 0,
      "Popularity": 0,
      "UseHanbi": 0,
      "Close": false,
      "Black": false,
      "NoteName": null,
      "ID": 1386279,
      "UserName": "244250237",
      "NickName": "连连银月",
      "HeadUrl": "https://pic.hanfugou.com/web/2019/8/28/18/b9df73876ef74dc9a6d359ac9a2de0a5.jpg"
    },
    "Content": "?",
    "ObjectID": 2682243,
    "ObjectType": "trend",
    "ObjectText": "哪吒龙太子、忘机无羡[扑倒]",
    "ObjectImgSrc": "https://pic.hanfugou.com/android/2019/8/7/0f31d4494f9049699ddbcbb9dd9911ac.jpg",
    "Type": "comment",
    "CommentID": 9352594,
    "Images": null,
    "CommentData": {
      "ParentID": 9352586,
      "ParentUserID": 985319,
      "ParentNickName": "菩提银月",
      "ParentContent": "水电费",
      "ParentReplyUserID": 1386279,
      "ParentReplyNickName": "连连银月",
      "ParentReplyImage": null
    },
    "Tag": null,
    "Datetime": "2019-09-07T21:38:39"
  }, {
    "ID": 17860466,
    "ToUserID": 985319,
    "User": {
      "Gender": "女",
      "MainBgPic": null,
      "AuthenticateCode": null,
      "AuthenticateName": null,
      "AuthenticateID": 0,
      "CityNames": null,
      "Describe": null,
      "AtteCount": 0,
      "ViolationCount": 0,
      "FansCount": 0,
      "UserAtte": false,
      "GoodAlbumCount": 0,
      "Popularity": 0,
      "UseHanbi": 0,
      "Close": false,
      "Black": false,
      "NoteName": null,
      "ID": 1386279,
      "UserName": "244250237",
      "NickName": "连连银月",
      "HeadUrl": "https://pic.hanfugou.com/web/2019/8/28/18/b9df73876ef74dc9a6d359ac9a2de0a5.jpg"
    },
    "Content": "?",
    "ObjectID": 2682243,
    "ObjectType": "trend",
    "ObjectText": "哪吒龙太子、忘机无羡[扑倒]",
    "ObjectImgSrc": "https://pic.hanfugou.com/android/2019/8/7/0f31d4494f9049699ddbcbb9dd9911ac.jpg",
    "Type": "comment",
    "CommentID": 9352574,
    "Images": null,
    "CommentData": {
      "ParentID": 9352453,
      "ParentUserID": 985319,
      "ParentNickName": "菩提银月",
      "ParentContent": "ok",
      "ParentReplyUserID": 1386279,
      "ParentReplyNickName": "连连银月",
      "ParentReplyImage": null
    },
    "Tag": null,
    "Datetime": "2019-09-07T21:37:38"
  }, {
    "ID": 17860353,
    "ToUserID": 985319,
    "User": {
      "Gender": "女",
      "MainBgPic": null,
      "AuthenticateCode": null,
      "AuthenticateName": null,
      "AuthenticateID": 0,
      "CityNames": null,
      "Describe": null,
      "AtteCount": 0,
      "ViolationCount": 0,
      "FansCount": 0,
      "UserAtte": false,
      "GoodAlbumCount": 0,
      "Popularity": 0,
      "UseHanbi": 0,
      "Close": false,
      "Black": false,
      "NoteName": null,
      "ID": 1386279,
      "UserName": "244250237",
      "NickName": "连连银月",
      "HeadUrl": "https://pic.hanfugou.com/web/2019/8/28/18/b9df73876ef74dc9a6d359ac9a2de0a5.jpg"
    },
    "Content": "ok?",
    "ObjectID": 2682243,
    "ObjectType": "trend",
    "ObjectText": "哪吒龙太子、忘机无羡[扑倒]",
    "ObjectImgSrc": "https://pic.hanfugou.com/android/2019/8/7/0f31d4494f9049699ddbcbb9dd9911ac.jpg",
    "Type": "comment",
    "CommentID": 9352460,
    "Images": null,
    "CommentData": {
      "ParentID": 9352453,
      "ParentUserID": 985319,
      "ParentNickName": "菩提银月",
      "ParentContent": "ok",
      "ParentReplyUserID": 1386279,
      "ParentReplyNickName": "连连银月",
      "ParentReplyImage": null
    },
    "Tag": null,
    "Datetime": "2019-09-07T21:28:42"
  }, {
    "ID": 17860328,
    "ToUserID": 985319,
    "User": {
      "Gender": "女",
      "MainBgPic": null,
      "AuthenticateCode": null,
      "AuthenticateName": null,
      "AuthenticateID": 0,
      "CityNames": null,
      "Describe": null,
      "AtteCount": 0,
      "ViolationCount": 0,
      "FansCount": 0,
      "UserAtte": false,
      "GoodAlbumCount": 0,
      "Popularity": 0,
      "UseHanbi": 0,
      "Close": false,
      "Black": false,
      "NoteName": null,
      "ID": 1386279,
      "UserName": "244250237",
      "NickName": "连连银月",
      "HeadUrl": "https://pic.hanfugou.com/web/2019/8/28/18/b9df73876ef74dc9a6d359ac9a2de0a5.jpg"
    },
    "Content": "ok",
    "ObjectID": 2682243,
    "ObjectType": "trend",
    "ObjectText": "哪吒龙太子、忘机无羡[扑倒]",
    "ObjectImgSrc": "https://pic.hanfugou.com/android/2019/8/7/0f31d4494f9049699ddbcbb9dd9911ac.jpg",
    "Type": "comment",
    "CommentID": 9352436,
    "Images": null,
    "CommentData": {
      "ParentID": 9350944,
      "ParentUserID": 985319,
      "ParentNickName": "菩提银月",
      "ParentContent": "43534",
      "ParentReplyUserID": 0,
      "ParentReplyNickName": "",
      "ParentReplyImage": null
    },
    "Tag": null,
    "Datetime": "2019-09-07T21:27:03"
  }, {
    "ID": 17275794,
    "ToUserID": 985319,
    "User": {
      "Gender": "女",
      "MainBgPic": null,
      "AuthenticateCode": null,
      "AuthenticateName": null,
      "AuthenticateID": 0,
      "CityNames": null,
      "Describe": null,
      "AtteCount": 0,
      "ViolationCount": 0,
      "FansCount": 0,
      "UserAtte": false,
      "GoodAlbumCount": 0,
      "Popularity": 0,
      "UseHanbi": 0,
      "Close": false,
      "Black": false,
      "NoteName": null,
      "ID": 173599,
      "UserName": "940400760",
      "NickName": "南钰🌿",
      "HeadUrl": "https://pic.hanfugou.com/android/2019/7/16/616a3aa7b9e642eb96efb7d07e09e029.jpg"
    },
    "Content": "[呲牙]",
    "ObjectID": 32787,
    "ObjectType": "video",
    "ObjectText": "等了一个多月，好漫长哇~~不容易。好在衣服非常完美，感恩卖家(≧∇≦)就是六米下裙不太好压褶子，前面有...",
    "ObjectImgSrc": "https://pic.hanfugou.com/android/2019/6/30/0a108addd27e4f32974c528f9e7dae87.jpg",
    "Type": "comment",
    "CommentID": 8783004,
    "Images": null,
    "CommentData": {
      "ParentID": 8782878,
      "ParentUserID": 985319,
      "ParentNickName": "菩提银月",
      "ParentContent": "卡哇伊",
      "ParentReplyUserID": 0,
      "ParentReplyNickName": "",
      "ParentReplyImage": null
    },
    "Tag": null,
    "Datetime": "2019-07-30T13:16:48"
  }],
  "ServerTime": 1576847146,
  "Remark": {
    "count": 0
  }
}