{
  "Status": "10000",
  "ErrorMessage": "成功",
  "Data": [{
    "ID": 2208194,
    "Content": "公告：晒美食赢周边，穿着汉服过冬至，究竟会是饺子党，还是汤圆党的胜利呢？快戳连接详情来PK吧~\n活动直通车：https://www.hanfuhui.com/huiba/6906",
    "ReadCount": 18461,
    "Datetime": "2019-12-19T13:21:29"
  }, {
    "ID": 2208193,
    "Content": "传统为体，洋物为用，当圣诞节碰上汉服，又会擦出什么样的火花呢？让我们拭目以待吧！\n【活动直通车：https://www.hanfuhui.com/huiba/9495】",
    "ReadCount": 48995,
    "Datetime": "2019-12-15T11:09:18"
  }, {
    "ID": 2208192,
    "Content": "小可爱们快来帮忙填一下@小荟bug君发的问卷调查，让小荟家庭变得越来越好起来。\nbug君会认真听取反馈，和大家一起共同建设同袍们的理想国~。\n点赞前五名的回复会有汉币奖励。链接请戳：\nhttps://www.hanfuhui.com/Details?objecttype=topic&objectid=155438",
    "ReadCount": 74193,
    "Datetime": "2019-12-13T15:07:25"
  }, {
    "ID": 2208191,
    "Content": "双十二汉服荟特惠节马上就要开始啦，12月11~12日连续两天狂欢。 \n跨店满减+店铺券+平台券+单品折扣。\n 一定一定一定要记得领券再下单哦！！！\nhttps://m.hanfuhui.com/activity/double12",
    "ReadCount": 101382,
    "Datetime": "2019-12-10T18:18:11"
  }, {
    "ID": 2208189,
    "Content": "关注功能调整公告：\n为便于粉丝的统一管理，目前已将商城店铺关注与店主帐号的关注合并到一起，即：关注了商城店铺将自动关注店主账号，同样关注了店主账号将自动关注所属店铺。",
    "ReadCount": 139341,
    "Datetime": "2019-12-04T17:36:15"
  }, {
    "ID": 2208188,
    "Content": "11.22汉服出行日打卡上封面活动开始辣~\n秀出你的汉服出行照片，标明：汉服出行，我在XX，入坑X年。将有机会获得小荟翻牌上封面。\n快来打卡吧，活动详情戳：https://www.hanfuhui.com/Details/2892114",
    "ReadCount": 206599,
    "Datetime": "2019-11-15T20:42:54"
  }, {
    "ID": 2208187,
    "Content": "双十一连续四波闪购来啦！！！\n10:00——14:00——18:00——22:00\n池夏、云香霓裳、花朝记、流烟昔泠\n超值折扣价等你来秒：https://m.hanfuhui.com/Activity/Double11Seckill",
    "ReadCount": 242348,
    "Datetime": "2019-11-11T06:20:42"
  }, {
    "ID": 2208186,
    "Content": "汉服专属双十一强势来袭\n数千款汉服任你挑选\n店铺券与平台券叠加使用，优惠到炸！！！\n主会场直通车：https://m.hanfuhui.com/activity/double11",
    "ReadCount": 269443,
    "Datetime": "2019-11-09T16:38:14"
  }, {
    "ID": 2208185,
    "Content": "汉服文化周已经结束了，西塘行vlog大赛在等你返视频哦！说不定能被888元汉服补贴金砸中喔！\n快戳链接：https://m.hanfuhui.com/hui/details/2830003",
    "ReadCount": 326330,
    "Datetime": "2019-10-28T18:24:42"
  }, {
    "ID": 2208184,
    "Content": "一年一度的中秋佳节又到啦，在这个普天同庆的团圆日子里，相信袍子们必然会大饱口福啦~各位小吃货们是不是已经开始蠢蠢欲动了呢？心动不如行动！赶紧把你印象里家乡的中秋美食晒出来吧！参与“中秋吃货返图”活动，更有机会获得小荟限量文创周边噢！\n活动直通车：https://www.hanfuhui.com/huiba/193",
    "ReadCount": 445756,
    "Datetime": "2019-09-08T15:55:26"
  }, {
    "ID": 2208182,
    "Content": "重要公告：\n汉服荟官网启用新域名：hanfuhui.com\n原域名hanfuhui.cn因备案信息变更中，暂时无法使用。\n带来不便，敬请谅解。",
    "ReadCount": 522836,
    "Datetime": "2019-08-21T13:25:24"
  }, {
    "ID": 2208181,
    "Content": "七夕又叫乞巧节、女儿节，又一年七夕来袭。小荟准备了一堆神秘的独家定制周边，将在七夕活动返图或七夕汉服照里选10位人气最高的赠送。\n截止：19年8月15日\n荟吧直通车：https://www.hanfuhui.cn/huiba/54",
    "ReadCount": 616862,
    "Datetime": "2019-07-31T15:30:36"
  }, {
    "ID": 2208180,
    "Content": "礼衣华夏汉服超模大赛正在如火如荼地进行，收到美美的返图的小可爱们，还不来秀一波~~\n截止2019年10月30日，小荟将抽取十组优秀返图，赠送活动官方纪念品！！\n发布日常选择【汉服超模大赛】荟吧，即可参与。\n荟吧直通车：https://www.hanfuhui.cn/huiba/7588",
    "ReadCount": 674193,
    "Datetime": "2019-07-25T22:15:42"
  }, {
    "ID": 2208178,
    "Content": "汉币兑换又来啦~~废话不多说，7月21日20点整链接：https://m.hanfugou.com/hui/hanbi",
    "ReadCount": 736696,
    "Datetime": "2019-07-19T20:06:53"
  }, {
    "ID": 2208177,
    "Content": "因近期社区频繁出现聊天骚扰用户，现已对聊天功能做出限制。默认情况下，仅允许关注的人与入驻商家、组织及管理员对自己发起聊天。如果需要开放给所有人发起聊天，可以在设置里自行进行聊天设置。",
    "ReadCount": 855063,
    "Datetime": "2019-06-25T11:46:21"
  }, {
    "ID": 2208176,
    "Content": "@所有人#让妆娘被看见，让妆造变简单#这里是妆娘们的盛宴～手残党的福音。全年12套汉服新品小荟给你承包了，还有杭州纳兰妆造课程，奖品丰厚，快来参赛吧：https://m.hanfugou.com/hui/details/2239989",
    "ReadCount": 933297,
    "Datetime": "2019-06-15T18:02:32"
  }, {
    "ID": 2208175,
    "Content": "由于版本升级造成的部分用户断签问题，现已给所有用户无偿增加了20汉币，同时补签卡调整为每月可补签5次。",
    "ReadCount": 1001254,
    "Datetime": "2019-05-11T22:22:47"
  }, {
    "ID": 2208173,
    "Content": "维护公告：\n将于5月6日凌晨2:00~6:00全站停机维护，维护期间汉服荟所有App、网站、小程序将无法使用，维护完成后恢复使用。\n同时5月4日~5日的商城闪购暂停一周，下周将恢复。",
    "ReadCount": 1023502,
    "Datetime": "2019-05-04T00:50:45"
  }, {
    "ID": 2208172,
    "Content": "汉服新LOOK，解锁新搭配。小可爱们，来吧！是时候展示一下你真正的搭配技术了！汉服斗图大会第四期来咯~最佳搭配奖、人气搭配奖等你拿！https://app.hanfugou.com/doutu/4/",
    "ReadCount": 1022943,
    "Datetime": "2019-04-24T19:13:06"
  }, {
    "ID": 2208171,
    "Content": "滴~花朝卡。一年一度的大型比美大会（划掉）花朝节终于来临啦~赶紧换上最美的装扮和小伙伴们一起出门吧~期待小仙女们美美哒的返图哦：http://www.hanfuhui.cn/huiba/1053",
    "ReadCount": 1022827,
    "Datetime": "2019-03-14T21:12:14"
  }, {
    "ID": 2208169,
    "Content": "拿什么来弥补，每晚准时带着黑眼圈努力抢签的你~~\n于是新一期的汉币兑换，我们又来啦！\n3月15日（本周五）晚上八点整\n跟着我，与你分享旧时的秀丽江山吧~\n时光传送阵：https://app.hanfugou.com/hanbi",
    "ReadCount": 1005808,
    "Datetime": "2019-03-13T15:02:08"
  }, {
    "ID": 2208168,
    "Content": "第三期斗图大会【汉服新年】活动已结束，获奖结果请戳：http://app.hanfugou.com/doutu/3/victory.aspx",
    "ReadCount": 978037,
    "Datetime": "2019-02-23T21:23:29"
  }, {
    "ID": 2208167,
    "Content": "小荟带你逛漫展啦！！！\n2019年2月16-17日，广州南丰国际会展中心，YACA58春季动漫展联合汉服荟首开长乐坊国风区，小荟等你来打卡哦！！！\n活动详情戳：https://mp.weixin.qq.com/s?timestamp=1550238312&src=3&ver=1&signature=ffIU6LKsR9Pv0CWd31rsFZBMtanOdUsLl9vYGzupPihzFRiiXNE5mQP8z0MOZPgI6NFd3M9Ca9TnOFaAFPJCNF-hwArRUCNAjiqtBzrBYzl3QJ8S2i5EiVueS8wh*2jxtJSmQY-omjXwiedN9YGKirK1NlpDNyupCUmMciUhV9g=",
    "ReadCount": 954999,
    "Datetime": "2019-02-15T21:49:13"
  }, {
    "ID": 2208166,
    "Content": "近日发现社区有代购现象，有不法分子趁机钻空，同袍难以甄别，平台难以监管，为保障同袍资金安全，希望大家通过正规渠道购买。此后一律禁止代购，违规者直接禁言处理。",
    "ReadCount": 929581,
    "Datetime": "2019-02-12T21:05:12"
  }, {
    "ID": 2208165,
    "Content": "汉服斗图大会第三期来啦~~\n新年临近，对同袍来说穿汉服过新年是每年必备的仪式感，辣么快来秀一波新年汉服照吧\n活动详情：http://app.hanfugou.com/doutu/3",
    "ReadCount": 894510,
    "Datetime": "2019-01-21T19:16:03"
  }, {
    "ID": 2208164,
    "Content": "为了维护小荟的社区氛围，目前广场将对违规内容及广告进行严格限制。袍子们可以积极参与对违规内容的举报，鼓励更多的优质内容。\n违规内容：淘口令、二维码、外链、联系方式、撕逼、未经平台审核的二手信息、重复刷屏、抽奖求赞、恶意灌水、广告等影响社区氛围的。\n具体可以参考《小荟社区公约》，在设置——社区公约里可以查看。",
    "ReadCount": 827472,
    "Datetime": "2018-12-14T18:58:40"
  }, {
    "ID": 2208163,
    "Content": "双十二来啦，听说泥萌的衣柜又双叒空了。快过年了，掐指一算，你还差一件新汉服。\n12月11日 ~ 12月12日，你的新衣在这里：\nhttps://m.hanfugou.com/1212",
    "ReadCount": 786709,
    "Datetime": "2018-12-10T17:12:47"
  }, {
    "ID": 2208162,
    "Content": "11.22汉服出行日即将到来，你在哪个城市参与汉服出行呢？\n汉服斗图大会第二期《汉服出行日》已经开启，快穿上汉服与小荟一起走起鸭(｡･∀･)ﾉﾞヾ(･ω･。)\n详情请戳：https://app.hanfugou.com/doutu/2",
    "ReadCount": 756933,
    "Datetime": "2018-11-15T00:32:23"
  }, {
    "ID": 2208161,
    "Content": "虽然我的衣柜很穷，但是我的购物车很富有啊~\n要不来一起晒下双十一的购物车？\nhttps://app.hanfugou.com/huiba/7154",
    "ReadCount": 696630,
    "Datetime": "2018-11-10T21:19:57"
  }, {
    "ID": 2208160,
    "Content": "双十一狂欢已正式开启，全网最低价格、最全汉服商家参与。\n怎么破？当然是直奔主会场啊：https://m.hanfugou.com/1111",
    "ReadCount": 570931,
    "Datetime": "2018-11-10T02:46:05"
  }, {
    "ID": 2208159,
    "Content": "双十一购物节即将来临，小荟商城将从11.10 ~ 11.12连续狂欢三天。\n11.11当天还将有惊喜价闪购专场。\n来，拔刀吧！！！\nhttps://m.hanfugou.com/1111\n\nPS：更多商家萌物正在赶来的路上哦~",
    "ReadCount": 493279,
    "Datetime": "2018-11-08T22:02:14"
  }, {
    "ID": 2208158,
    "Content": "十月份汉服兑换\n31日中午12点整\nhttps://app.hanfugou.com/hanbi",
    "ReadCount": 400412,
    "Datetime": "2018-10-30T18:53:03"
  }, {
    "ID": 2208157,
    "Content": "本月汉币兑换即将来袭，时间：9月27日12点整，是白天不是晚上哦。能用链接解决的事情就不废话了：https://app.hanfugou.com/hanbi",
    "ReadCount": 346309,
    "Datetime": "2018-09-25T22:24:13"
  }, {
    "ID": 2208156,
    "Content": "前方高能，请不要激动，做好心理准备。\n汉币商城将在8月10号20点整开闸发放一批萌物兑换，有兴趣有汉币的人请提前蹲点守候。\n另外，后续将每月上线一批可汉币兑换的萌物，趁还没被换穷，赶紧去攒汉币呀！！！\n兑换地址在我的——汉币兑换里。或者直接戳链接：https://app.hanfugou.com/hanbi",
    "ReadCount": 305665,
    "Datetime": "2018-08-08T16:21:11"
  }, {
    "ID": 2208155,
    "Content": "遇见汉服前，也许我们贯彻的是能动手的绝不动口，遇见汉服后，让我们学会了以礼待人、以理服人。\n汉服斗图大会开始啦，你也来分享一下你的汉服前后对比照吧：https://app.hanfugou.com/doutu/1",
    "ReadCount": 202164,
    "Datetime": "2018-07-13T14:05:56"
  }, {
    "ID": 2208154,
    "Content": "iOS已更新到2.0.9，解决了频繁弹窗提示更新，以及一些闪退。iOS用户可前往AppStore下载更新。",
    "ReadCount": 133788,
    "Datetime": "2018-05-25T00:24:53"
  }, {
    "ID": 2208152,
    "Content": "近期有一些用户因交换二手汉服导致汉服被骗，这是小荟社区管理的不严谨造成的。目前在内容管理方面增加一些新规。\n新规将对二手类信息的发布、广告内容进行了限制，详情请戳新版汉服荟社区公约：https://app.hanfugou.com/copyright/helper",
    "ReadCount": 76509,
    "Datetime": "2018-04-05T21:25:15"
  }, {
    "ID": 2208151,
    "Content": "汉式生活展之《穿汉服过新年》获奖结果已揭幕，点击查看详情：https://app.hanfugou.com/game/life/9",
    "ReadCount": 56097,
    "Datetime": "2018-03-15T00:00:17"
  }, {
    "ID": 2208150,
    "Content": "汉式生活展之《穿汉服过新年》初赛已结束，选出了得票数最高的50个作品，接下来进入决赛阶段，由人气达500的用户参与投票，轻戳：https://app.hanfugou.com/game/life/9",
    "ReadCount": 56412,
    "Datetime": "2018-03-10T00:00:01"
  }, {
    "ID": 2208148,
    "Content": "摄影活动《穿汉服过新年》已开始初赛投票：https://app.hanfugou.com/game/life/9",
    "ReadCount": 57138,
    "Datetime": "2018-03-03T00:00:00"
  }, {
    "ID": 2208147,
    "Content": "关于用户反馈广场被商品问询类问答刷屏的问题，目前已提供以下解决方案： \n1、问答的回答内容将不在广场展示； \n2、新增发布问答者删除问答的功能； \n3、咨询山正、选择恐惧症、求推荐等问答请发往【商品问询】荟吧。",
    "ReadCount": 57629,
    "Datetime": "2018-02-23T11:34:23"
  }, {
    "ID": 2208145,
    "Content": "告示三则： \n告示一：汉服荟PC端发布摄影无法提交的bug已修复；\n告示二：明晚大年三十(2月15日)汉币兑换将在20:00~22:00之间上架5批萌物，每半小时抢换一次，记得开闹钟哦！！。兑换直通车：https://app.hanfugou.com/hanbi\n告示三：汉式生活展之《穿汉服过新年》活动已经火热投稿中，不论是新拍还是往年的作品都可以参赛哦。活动链接：https://app.hanfugou.com/game/life/9",
    "ReadCount": 58047,
    "Datetime": "2018-02-14T14:13:34"
  }, {
    "ID": 2208143,
    "Content": "因多次接到用户投诉，汉服荟商城已对配饰类店铺进行了整顿清理，下架了所有非原创商品，并对代理类店铺进行了关店处理，后续将严格限制配饰类店铺的准入门槛。感谢大家的反馈监督，我们将自始至终坚持原创的底线，保证商城的品质。",
    "ReadCount": 56850,
    "Datetime": "2018-02-05T17:07:21"
  }, {
    "ID": 2208142,
    "Content": "第八期汉式生活展之《穿汉服过新年》就要开始啦！！！\n2月1日开放参赛投稿，详情请戳：https://app.hanfugou.com/game/life/9",
    "ReadCount": 56170,
    "Datetime": "2018-01-29T23:26:46"
  }, {
    "ID": 2208141,
    "Content": "商城闪购调整通知：\n闪购由每日闪购调整为每周六、日闪购。\n链接地址不变：https://m.hanfugou.com/seckill",
    "ReadCount": 54577,
    "Datetime": "2018-01-06T16:51:39"
  }, {
    "ID": 2208140,
    "Content": "为了助攻元旦期间剁手，汉币兑换明日（12月31日）20:00准时放一大批代金券，比例最高可抵20%价格。\nemmmmmm……数量有限，悠着点抢。",
    "ReadCount": 53180,
    "Datetime": "2017-12-30T20:26:46"
  }, {
    "ID": 2208139,
    "Content": "紧急公告：\n由于系统程序bug，导致今天闪购商品下单时依然显示原价。现已紧急修复，恢复到了闪购价。\n给你们剁手带来的困扰，小荟表示非常的抱歉。\n为了补偿今日耽误闪购时间的用户，限在今日（12月23日）23:59之前下单闪购商品的每单赠送商城代金券20元（满100元使用）",
    "ReadCount": 52382,
    "Datetime": "2017-12-23T21:56:08"
  }, {
    "ID": 2208138,
    "Content": "天时人事日相催，冬至阳生春又来。一大波冬至同袍雅集来袭，有你所在地的活动么。\n请戳：https://m.hanfuhui.cn/org/theme/1",
    "ReadCount": 52011,
    "Datetime": "2017-12-20T15:14:09"
  }, {
    "ID": 2208137,
    "Content": "啦啦啦双十二马上就要结束，为了弥补大家的节后抑郁症，将于明日（12月14号）在汉币兑换区上架一批小荟推荐的图书，以及小荟定制的独家汉服书签。 \n想成为一个气质的同袍，就要从看书开始，对吧。\n直达链接：https://app.hanfugou.com/hanbi\n\n同时，商城的闪购也将在明日正式恢复，折扣低到超出你的想象。\n闪购链接：https://m.hanfugou.com/seckill",
    "ReadCount": 51451,
    "Datetime": "2017-12-13T21:38:45"
  }, {
    "ID": 2208135,
    "Content": "双十二已经开始了，我们应该怎么做呢？\n答：买买买买买买买买买买买买买买买买买买买买买买买买买买买买买买。\nhttps://www.hanfugou.com/activity/1212",
    "ReadCount": 49493,
    "Datetime": "2017-12-10T15:00:11"
  }],
  "ServerTime": 1576845073,
  "Remark": {}
}