{
  "Status": "10000",
  "ErrorMessage": "成功",
  "Data": function({
    _req
  }) {
    return _req.query.parentid == '1' ? [{
      "ID": 2,
      "Name": "东城",
      "ParentID": 1,
      "Datetime": "2016-03-20T03:12:32"
    }, {
      "ID": 3,
      "Name": "西城",
      "ParentID": 1,
      "Datetime": "2016-03-20T03:12:32"
    }, {
      "ID": 6,
      "Name": "朝阳",
      "ParentID": 1,
      "Datetime": "2016-03-20T03:12:32"
    }, {
      "ID": 7,
      "Name": "海淀",
      "ParentID": 1,
      "Datetime": "2016-03-20T03:12:32"
    }, {
      "ID": 8,
      "Name": "丰台",
      "ParentID": 1,
      "Datetime": "2016-03-20T03:12:32"
    }, {
      "ID": 9,
      "Name": "石景山",
      "ParentID": 1,
      "Datetime": "2016-03-20T03:12:32"
    }, {
      "ID": 10,
      "Name": "通州",
      "ParentID": 1,
      "Datetime": "2016-03-20T03:12:32"
    }, {
      "ID": 11,
      "Name": "平谷",
      "ParentID": 1,
      "Datetime": "2016-03-20T03:12:32"
    }, {
      "ID": 12,
      "Name": "顺义",
      "ParentID": 1,
      "Datetime": "2016-03-20T03:12:32"
    }, {
      "ID": 13,
      "Name": "怀柔",
      "ParentID": 1,
      "Datetime": "2016-03-20T03:12:32"
    }, {
      "ID": 14,
      "Name": "昌平",
      "ParentID": 1,
      "Datetime": "2016-03-20T03:12:32"
    }, {
      "ID": 15,
      "Name": "门头沟",
      "ParentID": 1,
      "Datetime": "2016-03-20T03:12:32"
    }, {
      "ID": 16,
      "Name": "房山",
      "ParentID": 1,
      "Datetime": "2016-03-20T03:12:32"
    }, {
      "ID": 17,
      "Name": "大兴",
      "ParentID": 1,
      "Datetime": "2016-03-20T03:12:32"
    }, {
      "ID": 18,
      "Name": "密云",
      "ParentID": 1,
      "Datetime": "2016-03-20T03:12:32"
    }, {
      "ID": 19,
      "Name": "延庆",
      "ParentID": 1,
      "Datetime": "2016-03-20T03:12:32"
    }] : _req.query.parentid == '20' ? [{
      "ID": 21,
      "Name": "黄浦",
      "ParentID": 20,
      "Datetime": "2016-03-20T03:12:32"
    }, {
      "ID": 23,
      "Name": "徐汇",
      "ParentID": 20,
      "Datetime": "2016-03-20T03:12:32"
    }, {
      "ID": 24,
      "Name": "长宁",
      "ParentID": 20,
      "Datetime": "2016-03-20T03:12:32"
    }, {
      "ID": 25,
      "Name": "静安",
      "ParentID": 20,
      "Datetime": "2016-03-20T03:12:32"
    }, {
      "ID": 26,
      "Name": "普陀",
      "ParentID": 20,
      "Datetime": "2016-03-20T03:12:32"
    }, {
      "ID": 28,
      "Name": "杨浦",
      "ParentID": 20,
      "Datetime": "2016-03-20T03:12:32"
    }, {
      "ID": 29,
      "Name": "闵行",
      "ParentID": 20,
      "Datetime": "2016-03-20T03:12:32"
    }, {
      "ID": 30,
      "Name": "宝山",
      "ParentID": 20,
      "Datetime": "2016-03-20T03:12:32"
    }, {
      "ID": 31,
      "Name": "嘉定",
      "ParentID": 20,
      "Datetime": "2016-03-20T03:12:32"
    }, {
      "ID": 32,
      "Name": "浦东",
      "ParentID": 20,
      "Datetime": "2016-03-20T03:12:32"
    }, {
      "ID": 33,
      "Name": "金山",
      "ParentID": 20,
      "Datetime": "2016-03-20T03:12:32"
    }, {
      "ID": 34,
      "Name": "松江",
      "ParentID": 20,
      "Datetime": "2016-03-20T03:12:32"
    }, {
      "ID": 35,
      "Name": "青浦",
      "ParentID": 20,
      "Datetime": "2016-03-20T03:12:32"
    }, {
      "ID": 38,
      "Name": "崇明",
      "ParentID": 20,
      "Datetime": "2016-03-20T03:12:32"
    }, {
      "ID": 407,
      "Name": "虹口",
      "ParentID": 20,
      "Datetime": "2016-03-20T03:12:32"
    }, {
      "ID": 408,
      "Name": "奉贤",
      "ParentID": 20,
      "Datetime": "2016-03-20T03:12:32"
    }] : _req.query.parentid == '111' ? [{
      "ID": 112,
      "Name": "百色",
      "ParentID": 111,
      "Datetime": "2016-03-20T03:12:32"
    }, {
      "ID": 113,
      "Name": "北海",
      "ParentID": 111,
      "Datetime": "2016-03-20T03:12:32"
    }, {
      "ID": 114,
      "Name": "崇左",
      "ParentID": 111,
      "Datetime": "2016-03-20T03:12:32"
    }, {
      "ID": 115,
      "Name": "防城港",
      "ParentID": 111,
      "Datetime": "2016-03-20T03:12:32"
    }, {
      "ID": 116,
      "Name": "桂林",
      "ParentID": 111,
      "Datetime": "2016-03-20T03:12:32"
    }, {
      "ID": 117,
      "Name": "贵港",
      "ParentID": 111,
      "Datetime": "2016-03-20T03:12:32"
    }, {
      "ID": 118,
      "Name": "河池",
      "ParentID": 111,
      "Datetime": "2016-03-20T03:12:32"
    }, {
      "ID": 119,
      "Name": "贺州",
      "ParentID": 111,
      "Datetime": "2016-03-20T03:12:32"
    }, {
      "ID": 120,
      "Name": "柳州",
      "ParentID": 111,
      "Datetime": "2016-03-20T03:12:32"
    }, {
      "ID": 121,
      "Name": "南宁",
      "ParentID": 111,
      "Datetime": "2016-03-20T03:12:32"
    }, {
      "ID": 122,
      "Name": "梧州",
      "ParentID": 111,
      "Datetime": "2016-03-20T03:12:32"
    }, {
      "ID": 123,
      "Name": "玉林",
      "ParentID": 111,
      "Datetime": "2016-03-20T03:12:32"
    }, {
      "ID": 427,
      "Name": "钦州",
      "ParentID": 111,
      "Datetime": "2016-03-20T03:12:32"
    }, {
      "ID": 428,
      "Name": "来宾",
      "ParentID": 111,
      "Datetime": "2016-03-20T03:12:32"
    }] : [{
      "ID": 1,
      "Name": "北京",
      "ParentID": 0,
      "Datetime": "2016-03-20T03:12:32"
    }, {
      "ID": 20,
      "Name": "上海",
      "ParentID": 0,
      "Datetime": "2016-03-20T03:12:32"
    }, {
      "ID": 39,
      "Name": "重庆",
      "ParentID": 0,
      "Datetime": "2016-03-20T03:12:32"
    }, {
      "ID": 49,
      "Name": "天津",
      "ParentID": 0,
      "Datetime": "2016-03-20T03:12:32"
    }, {
      "ID": 64,
      "Name": "安徽",
      "ParentID": 0,
      "Datetime": "2016-03-20T03:12:32"
    }, {
      "ID": 81,
      "Name": "福建",
      "ParentID": 0,
      "Datetime": "2016-03-20T03:12:32"
    }, {
      "ID": 90,
      "Name": "甘肃",
      "ParentID": 0,
      "Datetime": "2016-03-20T03:12:32"
    }, {
      "ID": 91,
      "Name": "广东",
      "ParentID": 0,
      "Datetime": "2016-03-20T03:12:32"
    }, {
      "ID": 111,
      "Name": "广西",
      "ParentID": 0,
      "Datetime": "2016-03-20T03:12:32"
    }, {
      "ID": 124,
      "Name": "贵州",
      "ParentID": 0,
      "Datetime": "2016-03-20T03:12:32"
    }, {
      "ID": 133,
      "Name": "海南",
      "ParentID": 0,
      "Datetime": "2016-03-20T03:12:32"
    }, {
      "ID": 143,
      "Name": "河北",
      "ParentID": 0,
      "Datetime": "2016-03-20T03:12:32"
    }, {
      "ID": 155,
      "Name": "河南",
      "ParentID": 0,
      "Datetime": "2016-03-20T03:12:32"
    }, {
      "ID": 174,
      "Name": "黑龙江",
      "ParentID": 0,
      "Datetime": "2016-03-20T03:12:32"
    }, {
      "ID": 185,
      "Name": "湖北",
      "ParentID": 0,
      "Datetime": "2016-03-20T03:12:32"
    }, {
      "ID": 199,
      "Name": "湖南",
      "ParentID": 0,
      "Datetime": "2016-03-20T03:12:32"
    }, {
      "ID": 214,
      "Name": "吉林",
      "ParentID": 0,
      "Datetime": "2016-03-20T03:12:32"
    }, {
      "ID": 223,
      "Name": "江苏",
      "ParentID": 0,
      "Datetime": "2016-03-20T03:12:32"
    }, {
      "ID": 237,
      "Name": "江西",
      "ParentID": 0,
      "Datetime": "2016-03-20T03:12:32"
    }, {
      "ID": 248,
      "Name": "辽宁",
      "ParentID": 0,
      "Datetime": "2016-03-20T03:12:32"
    }, {
      "ID": 263,
      "Name": "内蒙古",
      "ParentID": 0,
      "Datetime": "2016-03-20T03:12:32"
    }, {
      "ID": 272,
      "Name": "宁夏",
      "ParentID": 0,
      "Datetime": "2016-03-20T03:12:32"
    }, {
      "ID": 278,
      "Name": "青海",
      "ParentID": 0,
      "Datetime": "2016-03-20T03:12:32"
    }, {
      "ID": 285,
      "Name": "山东",
      "ParentID": 0,
      "Datetime": "2016-03-20T03:12:32"
    }, {
      "ID": 301,
      "Name": "山西",
      "ParentID": 0,
      "Datetime": "2016-03-20T03:12:32"
    }, {
      "ID": 311,
      "Name": "陕西",
      "ParentID": 0,
      "Datetime": "2016-03-20T03:12:32"
    }, {
      "ID": 321,
      "Name": "四川",
      "ParentID": 0,
      "Datetime": "2016-03-20T03:12:32"
    }, {
      "ID": 340,
      "Name": "西藏",
      "ParentID": 0,
      "Datetime": "2016-03-20T03:12:32"
    }, {
      "ID": 342,
      "Name": "新疆",
      "ParentID": 0,
      "Datetime": "2016-03-20T03:12:32"
    }, {
      "ID": 355,
      "Name": "云南",
      "ParentID": 0,
      "Datetime": "2016-03-20T03:12:32"
    }, {
      "ID": 370,
      "Name": "浙江",
      "ParentID": 0,
      "Datetime": "2016-03-20T03:12:32"
    }, {
      "ID": 409,
      "Name": "海外",
      "ParentID": 0,
      "Datetime": "2016-03-20T03:12:32"
    }, {
      "ID": 480,
      "Name": "香港",
      "ParentID": 0,
      "Datetime": "2016-03-20T03:12:32"
    }, {
      "ID": 499,
      "Name": "澳门",
      "ParentID": 0,
      "Datetime": "2016-03-20T03:12:32"
    }, {
      "ID": 509,
      "Name": "台湾",
      "ParentID": 0,
      "Datetime": "2016-03-20T03:12:32"
    }]
  },
  "ServerTime": 1576853234,
  "Remark": {}
}