{
  "Status": "10000",
  "ErrorMessage": "成功",
  "Data": function({
    _req
  }) {
    return _req.query.wordid == '4536' ? "<p><span>一、参与方式：</span></p><p><span>进入汉服荟APP，点击中间‘加号’提交图文作品后并选择 “汉服奇妙夜”&nbsp; 荟吧进行提交，并配文做简单文字描述或介绍。</span></p><p><span>a) 内容必须围绕主题要求，保证画质清晰，</span></p><p><span>b)返图作品必须露脸，不能出现左衽、影楼、Cos装等非正规汉服；</span></p><p><span>c)参与者务必对作品拥有版权，如冒用他人作品，侵犯版权等，后果由参与者自负，并取消资格删除作品。</span></p><p><span>d)这一期的活动重点在【搭配】和文化碰撞的“脑洞”上面，发挥你们的奇思妙想吧！另外也可以尝试下圣诞节麋鹿的欧美妆面搭配汉服哟~让我们在“洋节”穿上自己的汉民族传统服饰，展示我们的文化自信吧！</span></p><p><span>e)内容可以是和你穿着”汉洋折衷“的汉服的返图，并文字分享搭配配件或搭配心得。</span></p><p><span>f)内容也可以是，穿着最近商家们推出的”圣诞款“的汉服买家秀，或者是自己搭配的带有圣诞色彩元素的汉服返图，例如满足”红色、绿色、白色、黄色、棕色“的，汉洋折衷的汉服混搭。（颜色参考：圣诞帽、圣诞树、白雪、铃铛、麋鹿，等~）</span></p><p><span>二、评选方式：</span></p><p><span>a)优秀奖：由官方根据点赞和内容质量等作综合评估，揪5名作品；</span></p><p><span>b)人气奖：符合要求点赞最高的，揪5名作品；</span></p><p><span>三、奖品设置：</span></p><p><span>a) 优秀奖作品：5名。</span></p><p><span>&nbsp; &nbsp; 1.第一名：海棠私语圣诞款明制袄裙套装和100汉币。</span></p><p><span>&nbsp; &nbsp; 2.第二、三、四、五名：小荟萌物周边和100汉币。</span></p><p><span>b) 人气奖作品：5名。</span></p><p><span>&nbsp; &nbsp; 1.第一名：海棠私语圣诞款小苹果汉元素套装和100汉币。</span></p><p><span>&nbsp; &nbsp; 2.第二、三、四、五名：小荟萌物周边和100汉币。</span></p><p><span>四、活动时间：</span></p><p><span>a)提交时间：2019年12月15日 ~ 2020年1月10日</span></p><p><span>b)公布时间：2020年1月11日</span></p><p><span>五、活动直通车：<a href=\"https://www.hanfuhui.com/huiba/9495\">https://www.hanfuhui.com/huiba/9495</a></span></p>" :
      "<h1><b>1.服装的选择</b></h1><p style=\"font-size: 13px; font-family: &quot;Helvetica Neue&quot;; color: rgb(0, 0, 0);\"><img alt=\"WechatIMG389.jpeg\" class=\"\" src=\"https://pic.hanfugou.com/pc/2019/10/15/11/9ce37e1534c34418941d19972dae030f.jpeg\" data-image-size=\"486,273\"><br></p>\n<p style=\"font-size: 13px; font-family: &quot;Helvetica Neue&quot;; color: rgb(0, 0, 0);\">我穿的是<u><b>交领</b></u>（兰若庭-朱墨）</p>\n<p style=\"font-size: 13px; font-family: &quot;Helvetica Neue&quot;; color: rgb(0, 0, 0);\">明制立领（脖子被挡太多，可能会被要求把领子翻下来）</p><p style=\"font-size: 13px; font-family: &quot;Helvetica Neue&quot;; color: rgb(0, 0, 0);\"><br></p>\n<p style=\"font-size: 13px; font-family: &quot;Helvetica Neue&quot;; color: rgb(0, 0, 0);\">以前穿圆领去派出所拍的照片，最后衣服全部被裁剪掉了，看上去奇奇怪怪的</p>\n<p style=\"font-size: 13px; font-family: &quot;Helvetica Neue&quot;; color: rgb(0, 0, 0);\">坦领&amp;对襟（可能会被裁图，看上去会像没穿）</p><h1></h1><div><br></div><h1></h1><h1>2.发型的选择</h1>\n\n<p style=\"font-size: 13px; font-family: &quot;Helvetica Neue&quot;; color: rgb(0, 0, 0);\">2.</p>同款秃头女孩最好弄点刘海遮挡日益升高的发际线\n<h2><br></h2><h2>发型的三不原则：</h2>\n<h3>不能带头饰！</h3><h3><span style=\"color: rgb(51, 51, 51); font-family: 微软雅黑, Helvetica, &quot;PingFang SC&quot;, Tahoma, Arial, sans-serif; background-color: transparent;\">头发不能太高！</span></h3><h3></h3><h3>不能遮挡眉毛，耳朵，不能盖住肩膀！</h3>\n<h3>（部分地区是四不：不能披发须全部扎起来）</h3>\n<h3><u><br></u></h3><h3><u>建议简单编发即可。</u></h3><b style=\"font-size: inherit; color: inherit; line-height: inherit;\"><div><b style=\"font-size: inherit; color: inherit; line-height: inherit;\"><br></b></div>3. 妆容的选择</b>\n\n<p style=\"font-size: 13px; font-family: &quot;Helvetica Neue&quot;; color: rgb(0, 0, 0);\"><img alt=\"WechatIMG391.jpeg\" class=\"\" src=\"https://pic.hanfugou.com/pc/2019/10/15/11/7d383aa2af4145999ae895297dee87d1.jpeg\" data-image-size=\"580,435\"><br></p><h1><br></h1><p><br></p>\n<h3><b><u>可以画直男看不出来的淡妆</u></b></h3><p><br></p><h3><b>划黑板敲重点：</b></h3><h3></h3><h3><b>不能带美瞳！拍照时会被要求摘掉！近视度数较深的姐妹一定要带上透明的隐形眼镜！不然眼睛无神就只能后悔去了。</b></h3><h3><b><img alt=\"WechatIMG392.jpeg\" class=\"\" src=\"https://pic.hanfugou.com/pc/2019/10/15/11/f2c490babe984d3eaa9259881d5ce1e7.jpeg\" data-image-size=\"433,600\"><br></b></h3><h3>（并不是睫毛越长上镜越好看的）</h3><h4>有必要为了拍美美哒照片提前去种假睫毛吗？</h4><h4></h4><h4>不要种太长的假睫毛！睫毛太长光线进不去，反而会造成眼睛没有睁开，双目无神的感觉。</h4><h4></h4><h4>建议打好底妆，画个自然的眉毛。</h4><p><br></p>\n<p style=\"font-size: 13px; font-family: &quot;Helvetica Neue&quot;; color: rgb(0, 0, 0);\"><img alt=\"WechatIMG393.jpeg\" class=\"\" src=\"https://pic.hanfugou.com/pc/2019/10/15/11/780a91f0e3c8455187019c3aed1d321a.jpeg\" data-image-size=\"550,366\"><br></p>\n<p style=\"font-size: 13px; font-family: &quot;Helvetica Neue&quot;; color: rgb(0, 0, 0);\">拒绝蜡笔小新眉</p><p style=\"font-size: 13px; font-family: &quot;Helvetica Neue&quot;; color: rgb(0, 0, 0);\"><br></p>\n<h3>画好内眼线，把睫毛夹翘，不遮挡光线进入眼睛即可</h3><h3></h3><h3>豆沙色或者淡粉色口红让自己看上去有气色一点就行</h3>\n<p style=\"font-size: 13px; font-family: &quot;Helvetica Neue&quot;; color: rgb(0, 0, 0);\"><br></p><p style=\"font-size: 13px; font-family: &quot;Helvetica Neue&quot;; color: rgb(0, 0, 0);\"><img alt=\"WechatIMG394.jpeg\" class=\"\" src=\"https://pic.hanfugou.com/pc/2019/10/15/11/2dd45c57801d4ee9aea00a9e80f3255c.jpeg\" data-image-size=\"598,384\"></p><h2>千万不要烈焰红唇</h2>要么被卸掉，要么照片颜色被压暗，总之最后效果并不会多性感。\n\n<p style=\"font-size: 13px; font-family: &quot;Helvetica Neue&quot;; color: rgb(0, 0, 0);\"><br></p><h1><b>4. 拍摄时的表情选择</b></h1>\n<h3>规定不能露齿笑</h3><h3></h3><h3>完全不笑会显得太严肃，看上去有点凶</h3><u>建议微笑</u>\n<p style=\"font-size: 13px; font-family: &quot;Helvetica Neue&quot;; color: rgb(0, 0, 0);\"><img alt=\"WechatIMG387.jpeg\" class=\"\" src=\"https://pic.hanfugou.com/pc/2019/10/15/11/1ddb2123643a45fe885c7ea34dadfab1.jpeg\" data-image-size=\"3264,2448\"></p><p style=\"font-size: 13px; font-family: &quot;Helvetica Neue&quot;; color: rgb(0, 0, 0);\"><br></p>\n<h3><u><b>笑起来嘴巴是歪的怎么办？</b></u></h3>\n很简单，照一下镜子发现自己哪边嘴角低，笑起来的时候就哪边稍微用力点往上抬一点即可，多练习几次就会有改善～<div>希望点赞的善良小仙女们都收获自己满意的汉服身份证照片。</div>"
  },
  "ServerTime": 1576848048,
  "Remark": {}
}