{
  "Status": "10000",
  "ErrorMessage": "成功",
  "Data": [{
    "FaceSrc": "https://pic.hanfugou.com/web/2019/12/13/17/c23998d13f814a7fa8e8daddea79fe22.png",
    "Original": false,
    "Title": "汉洋折衷·圣诞节汉服奇妙夜",
    "Describe": "当圣诞节碰上汉服，又会擦出什么样的火花呢？让我们一起拭目以待吧！",
    "Content": null,
    "TrendShops": null,
    "Datetime": "2019-12-13T17:26:25",
    "ID": 4536,
    "User": {
      "Gender": "女",
      "MainBgPic": null,
      "AuthenticateCode": "indiv",
      "AuthenticateName": null,
      "AuthenticateID": 0,
      "CityNames": "广东,深圳",
      "Describe": "汉服荟服务号。",
      "AtteCount": 0,
      "ViolationCount": 0,
      "FansCount": 0,
      "UserAtte": false,
      "GoodAlbumCount": 0,
      "Popularity": 0,
      "UseHanbi": 0,
      "Close": false,
      "Black": false,
      "NoteName": null,
      "ID": 137,
      "UserName": "hanfuhui",
      "NickName": "小荟",
      "HeadUrl": "https://pic.hanfugou.com/head/2016/1/27/20/d0c60ce8f0354d358f0ee6c7b399cda4.jpg"
    },
    "TopCount": 213,
    "CommCount": 39,
    "SaveCount": 10,
    "UserTop": false,
    "UserSave": false,
    "Hot": true,
    "Huiba": null,
    "Huibas": null
  }, {
    "FaceSrc": "https://pic.hanfugou.com/web/2019/12/13/16/cf605a9cee454335b57c3ca9bd07b259.png",
    "Original": false,
    "Title": "年会进行时-汉服冬至·美食返图大赛",
    "Describe": "穿着汉服过冬至，晒出你的家乡美食，你准备好了吗？",
    "Content": null,
    "TrendShops": null,
    "Datetime": "2019-12-13T17:07:09",
    "ID": 4535,
    "User": {
      "Gender": "女",
      "MainBgPic": null,
      "AuthenticateCode": "indiv",
      "AuthenticateName": null,
      "AuthenticateID": 0,
      "CityNames": "广东,深圳",
      "Describe": "汉服荟服务号。",
      "AtteCount": 0,
      "ViolationCount": 0,
      "FansCount": 0,
      "UserAtte": false,
      "GoodAlbumCount": 0,
      "Popularity": 0,
      "UseHanbi": 0,
      "Close": false,
      "Black": false,
      "NoteName": null,
      "ID": 137,
      "UserName": "hanfuhui",
      "NickName": "小荟",
      "HeadUrl": "https://pic.hanfugou.com/head/2016/1/27/20/d0c60ce8f0354d358f0ee6c7b399cda4.jpg"
    },
    "TopCount": 144,
    "CommCount": 7,
    "SaveCount": 7,
    "UserTop": false,
    "UserSave": false,
    "Hot": true,
    "Huiba": null,
    "Huibas": null
  }, {
    "FaceSrc": "https://pic.hanfugou.com/web/2019/12/13/16/a423975ecbde4c5c9812fad3d1861295.jpeg",
    "Original": false,
    "Title": "关于重回汉唐第六届汉服设计大赛中参赛作品抄袭事件的处理",
    "Describe": "第六届#汉服设计大赛#  由于在评选阶段中，有参赛作品被指涉嫌抄袭，本着公平公正的原则，在联系了参赛者并取得其同意的情况下，作品【金秋】将不再参与此次投票，后续我们也会联系双方，继续核实，欢迎大家监督~",
    "Content": null,
    "TrendShops": null,
    "Datetime": "2019-12-13T16:59:04",
    "ID": 4534,
    "User": {
      "Gender": "女",
      "MainBgPic": null,
      "AuthenticateCode": "shop",
      "AuthenticateName": null,
      "AuthenticateID": 0,
      "CityNames": "四川,成都",
      "Describe": "我愿重回汉唐 再奏角徵宫商 着我汉家衣裳 兴我礼仪之邦",
      "AtteCount": 0,
      "ViolationCount": 0,
      "FansCount": 0,
      "UserAtte": false,
      "GoodAlbumCount": 0,
      "Popularity": 0,
      "UseHanbi": 0,
      "Close": false,
      "Black": false,
      "NoteName": null,
      "ID": 14595,
      "UserName": "chonghuihantang",
      "NickName": "重回汉唐汉服店",
      "HeadUrl": "https://pic.hanfugou.com/pc/2017/7/13/17/13628a82f99049cd84018d4c07d32968.jpg"
    },
    "TopCount": 47,
    "CommCount": 3,
    "SaveCount": 1,
    "UserTop": false,
    "UserSave": false,
    "Hot": true,
    "Huiba": null,
    "Huibas": null
  }, {
    "FaceSrc": "https://pic.hanfugou.com/web/2019/12/10/15/935c4c85a50b481c81ced47a59959a8b.jpeg",
    "Original": false,
    "Title": "汉服形制之隋唐甲胄",
    "Describe": "隋唐时期的甲冑材料，有金属、皮革及绢布等多种。用于实战的，主要是铁甲和皮甲。铁甲之中，又分为光明、光要、细鳞、山文、乌鎚和锁子甲等六种。甲片与甲片之...",
    "Content": null,
    "TrendShops": null,
    "Datetime": "2019-12-10T15:58:41",
    "ID": 4532,
    "User": {
      "Gender": "女",
      "MainBgPic": null,
      "AuthenticateCode": null,
      "AuthenticateName": null,
      "AuthenticateID": 0,
      "CityNames": "湖南,长沙",
      "Describe": "汉服入门好难啊",
      "AtteCount": 0,
      "ViolationCount": 0,
      "FansCount": 0,
      "UserAtte": false,
      "GoodAlbumCount": 0,
      "Popularity": 0,
      "UseHanbi": 0,
      "Close": false,
      "Black": false,
      "NoteName": null,
      "ID": 1119291,
      "UserName": "991877560",
      "NickName": "嘿嘿我的娘子",
      "HeadUrl": "https://pic.hanfugou.com/android/2019/4/18/bba336bfe36d4b2f82361de8d038a31d.png"
    },
    "TopCount": 13,
    "CommCount": 0,
    "SaveCount": 3,
    "UserTop": false,
    "UserSave": false,
    "Hot": true,
    "Huiba": null,
    "Huibas": null
  }, {
    "FaceSrc": "https://pic.hanfugou.com/web/2019/12/9/14/c807335669654f2ab5d6ff822140ee84.jpeg",
    "Original": false,
    "Title": "「海水江崖」的科普与讨论: 熟悉又陌生的传统纹样",
    "Describe": "(一)正名海水江崖，或称海水江牙、海水姜芽，又可前后颠倒呼为XX海水。这三个同音名，个人认为应以“海水江牙”最为准确。明清记载中，都以“牙”字居多，个别...",
    "Content": null,
    "TrendShops": null,
    "Datetime": "2019-12-09T14:28:33",
    "ID": 4530,
    "User": {
      "Gender": "女",
      "MainBgPic": null,
      "AuthenticateCode": null,
      "AuthenticateName": null,
      "AuthenticateID": 0,
      "CityNames": "湖南,长沙",
      "Describe": "文化科技馆",
      "AtteCount": 0,
      "ViolationCount": 0,
      "FansCount": 0,
      "UserAtte": false,
      "GoodAlbumCount": 0,
      "Popularity": 0,
      "UseHanbi": 0,
      "Close": false,
      "Black": false,
      "NoteName": null,
      "ID": 805499,
      "UserName": "880939224",
      "NickName": "文化格里",
      "HeadUrl": "https://pic.hanfugou.com//android/2019/11/5/204eaf6481504027bc89e3e79c6e0648.jpg"
    },
    "TopCount": 4,
    "CommCount": 0,
    "SaveCount": 6,
    "UserTop": false,
    "UserSave": false,
    "Hot": true,
    "Huiba": null,
    "Huibas": null
  }, {
    "FaceSrc": "https://pic.hanfugou.com/web/2019/12/9/10/d4d50c78e91a43d9b4a0f2d6943add68.png",
    "Original": false,
    "Title": "唐代花式女裙，最中意的尤属石榴裙",
    "Describe": "汉代以后，女子下身多为裙装，随着社会演进，到了唐代多以六幅布帛拼制而成。除了六幅意外，还有用七至八幅拼成的。这种宽大的全自再用料上颇为浪费，行动不便...",
    "Content": null,
    "TrendShops": null,
    "Datetime": "2019-12-09T10:48:39",
    "ID": 4529,
    "User": {
      "Gender": "女",
      "MainBgPic": null,
      "AuthenticateCode": null,
      "AuthenticateName": null,
      "AuthenticateID": 0,
      "CityNames": "湖南,长沙",
      "Describe": "汉服入门好难啊",
      "AtteCount": 0,
      "ViolationCount": 0,
      "FansCount": 0,
      "UserAtte": false,
      "GoodAlbumCount": 0,
      "Popularity": 0,
      "UseHanbi": 0,
      "Close": false,
      "Black": false,
      "NoteName": null,
      "ID": 1119291,
      "UserName": "991877560",
      "NickName": "嘿嘿我的娘子",
      "HeadUrl": "https://pic.hanfugou.com/android/2019/4/18/bba336bfe36d4b2f82361de8d038a31d.png"
    },
    "TopCount": 10,
    "CommCount": 1,
    "SaveCount": 2,
    "UserTop": false,
    "UserSave": false,
    "Hot": true,
    "Huiba": null,
    "Huibas": null
  }, {
    "FaceSrc": "https://pic.hanfugou.com/web/2019/11/26/9/15e0feafd9094983b20631fc6987ef3d.jpeg",
    "Original": false,
    "Title": "秋冬季，不同身材如何选择适合自己的汉服呢？",
    "Describe": "不同于以前的朝代，现在我们可以根据自己的喜好去选择汉服，但也不是每一个形制都适合所有身材，所以挑选的时候可以留意下。",
    "Content": null,
    "TrendShops": null,
    "Datetime": "2019-11-26T09:50:35",
    "ID": 4521,
    "User": {
      "Gender": "女",
      "MainBgPic": null,
      "AuthenticateCode": "shop",
      "AuthenticateName": null,
      "AuthenticateID": 0,
      "CityNames": "浙江,杭州",
      "Describe": "纯原创汉服设计——羽落纱，企鹅2群785491539，围脖:羽落纱原创设计，某宝上店铺名:羽落纱，都能加入侃大山。",
      "AtteCount": 0,
      "ViolationCount": 0,
      "FansCount": 0,
      "UserAtte": false,
      "GoodAlbumCount": 0,
      "Popularity": 0,
      "UseHanbi": 0,
      "Close": false,
      "Black": false,
      "NoteName": null,
      "ID": 414265,
      "UserName": "311147790",
      "NickName": "羽落纱原创设计",
      "HeadUrl": "https://pic.hanfugou.com/android/2019/3/11/88b11cbdaf3d4e0c93cd361abc1404cb.jpg"
    },
    "TopCount": 143,
    "CommCount": 26,
    "SaveCount": 94,
    "UserTop": false,
    "UserSave": false,
    "Hot": true,
    "Huiba": null,
    "Huibas": null
  }, {
    "FaceSrc": "https://pic.hanfugou.com/web/2019/10/15/11/c80cba38d1b84d6e93897da6c4d1ff3a.jpeg",
    "Original": false,
    "Title": "穿汉服拍身份证前必须看的4点注意事项",
    "Describe": "不上镜怎么办？画什么样的妆容？弄什么样的发型？选择什么形制的汉服？怎么才能达成汉服身份证的心愿？",
    "Content": null,
    "TrendShops": null,
    "Datetime": "2019-10-15T11:33:24",
    "ID": 4477,
    "User": {
      "Gender": "女",
      "MainBgPic": null,
      "AuthenticateCode": null,
      "AuthenticateName": null,
      "AuthenticateID": 0,
      "CityNames": null,
      "Describe": "坐标上海，喜欢摄影喜欢汉服vx:stacy263添加注明来意",
      "AtteCount": 0,
      "ViolationCount": 0,
      "FansCount": 0,
      "UserAtte": false,
      "GoodAlbumCount": 0,
      "Popularity": 0,
      "UseHanbi": 0,
      "Close": false,
      "Black": false,
      "NoteName": null,
      "ID": 918650,
      "UserName": "637955586",
      "NickName": "无所不能的悠酱",
      "HeadUrl": "https://pic.hanfugou.com/ios/2019/10/14/12/47/157102847181702.jpg"
    },
    "TopCount": 400,
    "CommCount": 57,
    "SaveCount": 281,
    "UserTop": false,
    "UserSave": false,
    "Hot": true,
    "Huiba": null,
    "Huibas": null
  }, {
    "FaceSrc": "https://pic.hanfugou.com/web/2019/9/30/21/8431c31daa1b47c798972e52f19ddf99.jpeg",
    "Original": false,
    "Title": "【齐胸裙试验】单层外裙+防掉系带+衬裙打底",
    "Describe": "图多文长慎入",
    "Content": null,
    "TrendShops": null,
    "Datetime": "2019-09-30T22:38:54",
    "ID": 4467,
    "User": {
      "Gender": "女",
      "MainBgPic": null,
      "AuthenticateCode": null,
      "AuthenticateName": null,
      "AuthenticateID": 0,
      "CityNames": "陕西,西安",
      "Describe": "拖延症",
      "AtteCount": 0,
      "ViolationCount": 0,
      "FansCount": 0,
      "UserAtte": false,
      "GoodAlbumCount": 0,
      "Popularity": 0,
      "UseHanbi": 0,
      "Close": false,
      "Black": false,
      "NoteName": null,
      "ID": 35830,
      "UserName": "colormusic",
      "NickName": "彩之韵律",
      "HeadUrl": "https://pic.hanfugou.com/head/2015/8/27/21/80d076c9cfe342f8ad38e5033ef94848.jpg"
    },
    "TopCount": 47,
    "CommCount": 3,
    "SaveCount": 35,
    "UserTop": false,
    "UserSave": false,
    "Hot": true,
    "Huiba": null,
    "Huibas": null
  }, {
    "FaceSrc": "https://pic.hanfugou.com/web/2019/8/25/10/fad8cfbb95984ece912ea06f841bdcae.jpeg",
    "Original": false,
    "Title": "淘宝维权个人经验总结（只对个人开店个人投诉）",
    "Describe": "萌新商家，开店上新不足一周，然而和阿里维权却有了近个月的经验，还好是成功经验。特此分享一下，希望能帮到正在和淘宝申诉的各位。当然，不是专业人士，有错误，望见谅，也欢迎大家来指正。",
    "Content": null,
    "TrendShops": null,
    "Datetime": "2019-08-25T12:31:13",
    "ID": 4440,
    "User": {
      "Gender": "女",
      "MainBgPic": null,
      "AuthenticateCode": null,
      "AuthenticateName": null,
      "AuthenticateID": 0,
      "CityNames": "广东,深圳",
      "Describe": "群：830152656",
      "AtteCount": 0,
      "ViolationCount": 0,
      "FansCount": 0,
      "UserAtte": false,
      "GoodAlbumCount": 0,
      "Popularity": 0,
      "UseHanbi": 0,
      "Close": false,
      "Black": false,
      "NoteName": null,
      "ID": 1434272,
      "UserName": "262486251",
      "NickName": "采云织衣原创汉服",
      "HeadUrl": "https://pic.hanfugou.com/web/2019/8/22/22/76ab9599b01b413a805a3be7aae805bd.jpeg"
    },
    "TopCount": 19,
    "CommCount": 4,
    "SaveCount": 12,
    "UserTop": false,
    "UserSave": false,
    "Hot": true,
    "Huiba": null,
    "Huibas": null
  }],
  "ServerTime": 1576843090,
  "Remark": {}
}