{
  "Status": "10000",
  "ErrorMessage": "成功",
  "Data": function({
    _req
  }) {
    return _req.query.id == '4536' ? {
      "FaceSrc": "https://pic.hanfugou.com/web/2019/12/13/17/c23998d13f814a7fa8e8daddea79fe22.png",
      "Original": false,
      "Title": "汉洋折衷·圣诞节汉服奇妙夜",
      "Describe": "当圣诞节碰上汉服，又会擦出什么样的火花呢？让我们一起拭目以待吧！",
      "Content": null,
      "TrendShops": [{
        "ID": 131816,
        "ObjectID": 4536,
        "ObjectType": "word",
        "TrendID": 2960760,
        "ShopID": 2051,
        "ImgSrc": "https://pic.hanfugou.com/web/2019/8/29/0/11dcf9a832864426905c20325405b1f6.jpeg",
        "Name": "海棠私语",
        "Link": "https://m.hanfugou.com/shop/2051?from=trend",
        "Datetime": "2019-12-13T17:26:25"
      }],
      "Datetime": "2019-12-13T17:26:25",
      "ID": 4536,
      "User": {
        "Gender": "女",
        "MainBgPic": null,
        "AuthenticateCode": "indiv",
        "AuthenticateName": null,
        "AuthenticateID": 0,
        "CityNames": "广东,深圳",
        "Describe": "汉服荟服务号。",
        "AtteCount": 0,
        "ViolationCount": 0,
        "FansCount": 0,
        "UserAtte": false,
        "GoodAlbumCount": 0,
        "Popularity": 0,
        "UseHanbi": 0,
        "Close": false,
        "Black": false,
        "NoteName": null,
        "ID": 137,
        "UserName": "hanfuhui",
        "NickName": "小荟",
        "HeadUrl": "https://pic.hanfugou.com/head/2016/1/27/20/d0c60ce8f0354d358f0ee6c7b399cda4.jpg"
      },
      "TopCount": 234,
      "CommCount": 41,
      "SaveCount": 13,
      "UserTop": false,
      "UserSave": false,
      "Hot": true,
      "Huiba": null,
      "Huibas": null
    } : {
      "FaceSrc": "https://pic.hanfugou.com/web/2019/10/15/11/c80cba38d1b84d6e93897da6c4d1ff3a.jpeg",
      "Original": false,
      "Title": "穿汉服拍身份证前必须看的4点注意事项",
      "Describe": "不上镜怎么办？画什么样的妆容？弄什么样的发型？选择什么形制的汉服？怎么才能达成汉服身份证的心愿？",
      "Content": null,
      "TrendShops": [{
        "ID": 124033,
        "ObjectID": 4477,
        "ObjectType": "word",
        "TrendID": 2808187,
        "ShopID": 60,
        "ImgSrc": "https://pic.hanfugou.com/pc/2016/10/23/23/27310b2f47c849789bafd602f016cdb2.png",
        "Name": "兰若庭汉服",
        "Link": "https://m.hanfugou.com/shop/60?from=trend",
        "Datetime": "2019-10-15T11:33:25"
      }],
      "Datetime": "2019-10-15T11:33:24",
      "ID": 4477,
      "User": {
        "Gender": "女",
        "MainBgPic": null,
        "AuthenticateCode": null,
        "AuthenticateName": null,
        "AuthenticateID": 0,
        "CityNames": null,
        "Describe": "坐标上海，喜欢摄影喜欢汉服vx:stacy263添加注明来意",
        "AtteCount": 0,
        "ViolationCount": 0,
        "FansCount": 0,
        "UserAtte": false,
        "GoodAlbumCount": 0,
        "Popularity": 0,
        "UseHanbi": 0,
        "Close": false,
        "Black": false,
        "NoteName": null,
        "ID": 918650,
        "UserName": "637955586",
        "NickName": "无所不能的悠酱",
        "HeadUrl": "https://pic.hanfugou.com/ios/2019/10/14/12/47/157102847181702.jpg"
      },
      "TopCount": 440,
      "CommCount": 58,
      "SaveCount": 303,
      "UserTop": false,
      "UserSave": false,
      "Hot": true,
      "Huiba": null,
      "Huibas": null
    }
  },
  "ServerTime": 1577269705,
  "Remark": {}
}