{
  "Status": "10000",
  "ErrorMessage": "成功",
  "Data": [{
    "ID": 39,
    "Name": "重庆",
    "ParentID": 0,
    "Datetime": "2016-03-20T03:12:32"
  }, {
    "ID": 64,
    "Name": "安徽",
    "ParentID": 0,
    "Datetime": "2016-03-20T03:12:32"
  }, {
    "ID": 81,
    "Name": "福建",
    "ParentID": 0,
    "Datetime": "2016-03-20T03:12:32"
  }, {
    "ID": 91,
    "Name": "广东",
    "ParentID": 0,
    "Datetime": "2016-03-20T03:12:32"
  }, {
    "ID": 111,
    "Name": "广西",
    "ParentID": 0,
    "Datetime": "2016-03-20T03:12:32"
  }, {
    "ID": 155,
    "Name": "河南",
    "ParentID": 0,
    "Datetime": "2016-03-20T03:12:32"
  }, {
    "ID": 174,
    "Name": "黑龙江",
    "ParentID": 0,
    "Datetime": "2016-03-20T03:12:32"
  }, {
    "ID": 185,
    "Name": "湖北",
    "ParentID": 0,
    "Datetime": "2016-03-20T03:12:32"
  }, {
    "ID": 199,
    "Name": "湖南",
    "ParentID": 0,
    "Datetime": "2016-03-20T03:12:32"
  }, {
    "ID": 223,
    "Name": "江苏",
    "ParentID": 0,
    "Datetime": "2016-03-20T03:12:32"
  }, {
    "ID": 237,
    "Name": "江西",
    "ParentID": 0,
    "Datetime": "2016-03-20T03:12:32"
  }, {
    "ID": 263,
    "Name": "内蒙古",
    "ParentID": 0,
    "Datetime": "2016-03-20T03:12:32"
  }, {
    "ID": 285,
    "Name": "山东",
    "ParentID": 0,
    "Datetime": "2016-03-20T03:12:32"
  }, {
    "ID": 301,
    "Name": "山西",
    "ParentID": 0,
    "Datetime": "2016-03-20T03:12:32"
  }, {
    "ID": 311,
    "Name": "陕西",
    "ParentID": 0,
    "Datetime": "2016-03-20T03:12:32"
  }, {
    "ID": 321,
    "Name": "四川",
    "ParentID": 0,
    "Datetime": "2016-03-20T03:12:32"
  }, {
    "ID": 370,
    "Name": "浙江",
    "ParentID": 0,
    "Datetime": "2016-03-20T03:12:32"
  }],
  "ServerTime": 1576843461,
  "Remark": {}
}