{
  "Status": "10000",
  "ErrorMessage": "成功",
  "Data": function({
    _req
  }) {
    return _req.query.state == '3' ? [{
    "ID": 165,
    "Org": {
        "ID": 7,
        "ShortName": "南陽漢服",
        "LongName": "南陽漢服復興者",
        "LogoSrc": "https://pic.hanfugou.com/pc/2017/9/19/20/bb249d9de2bc4d30a47789298181f93d.jpg",
        "CityNames": "河南,南阳",
        "Describe": "",
        "UserID": 49762
    },
    "ActivityProducts": null,
    "Name": "南阳汉服出行日",
    "Describe": "",
    "FaceSrc": "https://pic.hanfugou.com/web/2019/11/13/8/e7c2ca1fc93343869e1255fb5059444b.jpeg",
    "Province": 155,
    "City": 162,
    "AddressNames": "河南,南阳",
    "AddressStreet": "人民公园",
    "HeadPerson": "莫宝",
    "HeadPhone": "15839360763",
    "Position": "112.536328,32.997978",
    "BeginDatetime": "2019-11-17T10:00:00",
    "EndDatetime": "2019-11-17T12:00:00",
    "Stock": 0,
    "SalesVolume": 0,
    "Price": 0.00,
    "Skus": null,
    "State": 3,
    "IsAddTime": false,
    "OpenDatetime": "2019-11-13T08:24:28",
    "CloseDatetime": "2019-11-17T10:00:00"
},
{
    "ID": 164,
    "Org": {
        "ID": 204,
        "ShortName": "商汉会",
        "LongName": "陕西商洛汉服文化会",
        "LogoSrc": "https://pic.hanfugou.com/web/2019/10/23/20/86bc47fed75b42df86a946639f08ea3d.jpeg",
        "CityNames": "陕西,商洛",
        "Describe": "",
        "UserID": 1584133
    },
    "ActivityProducts": null,
    "Name": "汉服出行十六周年",
    "Describe": "",
    "FaceSrc": "https://pic.hanfugou.com/web/2019/11/11/13/6c2dacc6d6614d63ba154e48fd9aa2a9.jpeg",
    "Province": 311,
    "City": 318,
    "AddressNames": "陕西,西安",
    "AddressStreet": "西安世博园，大明宫遗址公园",
    "HeadPerson": "关若",
    "HeadPhone": "18513215578",
    "Position": "108.963678,34.292365",
    "BeginDatetime": "2019-11-23T10:30:00",
    "EndDatetime": "2019-11-24T17:30:00",
    "Stock": 497,
    "SalesVolume": 3,
    "Price": 0.00,
    "Skus": null,
    "State": 3,
    "IsAddTime": false,
    "OpenDatetime": "2019-11-11T13:11:43",
    "CloseDatetime": "2019-11-23T10:30:00"
},
{
    "ID": 163,
    "Org": {
        "ID": 14,
        "ShortName": "汉服深圳",
        "LongName": "汉服深圳社团",
        "LogoSrc": "https://pic.hanfugou.com/pc/2017/9/26/12/72f8c1e97de84212851ae014a9adb907.jpg",
        "CityNames": "广东,深圳",
        "Describe": "",
        "UserID": 133162
    },
    "ActivityProducts": null,
    "Name": "摒住呼吸！万众期待的汉服深圳年会活动召集贴来了",
    "Describe": "",
    "FaceSrc": "https://pic.hanfugou.com/web/2019/11/10/11/ef2a4d08e9b3472b906ca684d40a768d.jpeg",
    "Province": 91,
    "City": 104,
    "AddressNames": "广东,深圳",
    "AddressStreet": "南山国际会议中心",
    "HeadPerson": "子霖",
    "HeadPhone": "13602278901",
    "Position": "113.985288,22.586894",
    "BeginDatetime": "2019-12-15T12:00:00",
    "EndDatetime": "2019-12-15T20:30:00",
    "Stock": 0,
    "SalesVolume": 38,
    "Price": 1680.00,
    "Skus": null,
    "State": 3,
    "IsAddTime": false,
    "OpenDatetime": "2019-11-16T20:08:01",
    "CloseDatetime": "2019-12-15T12:00:00"
},
{
    "ID": 162,
    "Org": {
        "ID": 14,
        "ShortName": "汉服深圳",
        "LongName": "汉服深圳社团",
        "LogoSrc": "https://pic.hanfugou.com/pc/2017/9/26/12/72f8c1e97de84212851ae014a9adb907.jpg",
        "CityNames": "广东,深圳",
        "Describe": "",
        "UserID": 133162
    },
    "ActivityProducts": null,
    "Name": "摒住呼吸！万众期待的汉服深圳年会活动召集贴来了",
    "Describe": "",
    "FaceSrc": "https://pic.hanfugou.com/web/2019/11/10/8/776a28332c0d41e49affd76ced146d1f.jpeg",
    "Province": 91,
    "City": 104,
    "AddressNames": "广东,深圳",
    "AddressStreet": "南山国际会议中心",
    "HeadPerson": "子霖",
    "HeadPhone": "13602278901",
    "Position": "113.985288,22.586894",
    "BeginDatetime": "2019-12-15T12:00:00",
    "EndDatetime": "2019-12-15T20:30:00",
    "Stock": 0,
    "SalesVolume": 360,
    "Price": 168.00,
    "Skus": null,
    "State": 3,
    "IsAddTime": false,
    "OpenDatetime": "2019-11-16T21:46:24",
    "CloseDatetime": "2019-12-15T12:00:00"
},
{
    "ID": 161,
    "Org": {
        "ID": 169,
        "ShortName": "茂名汉韵",
        "LongName": "茂名市茂名汉韵汉服协会",
        "LogoSrc": "https://pic.hanfugou.com/web/2019/6/25/23/5b286adedf8d451db51d63b68f69da79.jpeg",
        "CityNames": "广东,茂名",
        "Describe": "",
        "UserID": 50745
    },
    "ActivityProducts": null,
    "Name": "茂名汉韵汉服出行日活动",
    "Describe": "",
    "FaceSrc": "https://pic.hanfugou.com/web/2019/11/9/23/a0912f51b99a40f088da8b6cb058e857.jpeg",
    "Province": 91,
    "City": 99,
    "AddressNames": "广东,茂名",
    "AddressStreet": "茂名东汇城2号门前面",
    "HeadPerson": "诗兄",
    "HeadPhone": "18126804691",
    "Position": "110.948823,21.664225",
    "BeginDatetime": "2019-11-23T09:30:00",
    "EndDatetime": "2019-11-23T17:30:00",
    "Stock": 0,
    "SalesVolume": 0,
    "Price": 0.00,
    "Skus": null,
    "State": 3,
    "IsAddTime": false,
    "OpenDatetime": "2019-11-09T23:33:31",
    "CloseDatetime": "2019-11-23T09:30:00"
},
{
    "ID": 158,
    "Org": {
        "ID": 8,
        "ShortName": "杞县汉服",
        "LongName": "杞县汉服传统文化研习会",
        "LogoSrc": "https://pic.hanfugou.com/pc/2017/9/19/21/5702224c866c4991a99f5fc64663d689.jpg",
        "CityNames": "河南,开封",
        "Describe": "",
        "UserID": 135
    },
    "ActivityProducts": null,
    "Name": "11.22汉服节杞县汉服传统文化研习会召集活动",
    "Describe": "",
    "FaceSrc": "https://pic.hanfugou.com/web/2019/11/5/23/d133aaf40c20420eb001f7d893f6e25e.jpeg",
    "Province": 155,
    "City": 160,
    "AddressNames": "河南,开封",
    "AddressStreet": "杞县欣泰",
    "HeadPerson": "陈醉",
    "HeadPhone": "15537121356",
    "Position": "114.774671,34.548514",
    "BeginDatetime": "2019-11-16T19:00:00",
    "EndDatetime": "2019-11-16T21:30:00",
    "Stock": 100,
    "SalesVolume": 0,
    "Price": 0.00,
    "Skus": null,
    "State": 3,
    "IsAddTime": false,
    "OpenDatetime": "2019-11-05T23:48:30",
    "CloseDatetime": "2019-11-16T19:00:00"
},
{
    "ID": 152,
    "Org": {
        "ID": 203,
        "ShortName": "华裳九州",
        "LongName": "华裳九州",
        "LogoSrc": "https://pic.hanfugou.com/web/2019/10/11/15/165e7fc54b2143e4be382e9b8ead5477.jpeg",
        "CityNames": "浙江,杭州",
        "Describe": "",
        "UserID": 1548799
    },
    "ActivityProducts": null,
    "Name": "2019华裳九州国风生活展",
    "Describe": "",
    "FaceSrc": "https://pic.hanfugou.com/web/2019/10/12/15/e826e3f6d0e249c7924e105c505b9037.jpeg",
    "Province": 370,
    "City": 371,
    "AddressNames": "浙江,杭州",
    "AddressStreet": "江干区闸弄口艮山西路102号杭州创意设计中心",
    "HeadPerson": "左韵娜",
    "HeadPhone": "18100175172",
    "Position": "120.203734,30.279643",
    "BeginDatetime": "2019-11-02T11:00:00",
    "EndDatetime": "2019-11-03T16:30:00",
    "Stock": 29999928,
    "SalesVolume": 69,
    "Price": 0.00,
    "Skus": null,
    "State": 3,
    "IsAddTime": false,
    "OpenDatetime": "2019-10-15T15:40:24",
    "CloseDatetime": "2019-11-02T11:00:00"
},
{
    "ID": 147,
    "Org": {
        "ID": 14,
        "ShortName": "汉服深圳",
        "LongName": "汉服深圳社团",
        "LogoSrc": "https://pic.hanfugou.com/pc/2017/9/26/12/72f8c1e97de84212851ae014a9adb907.jpg",
        "CityNames": "广东,深圳",
        "Describe": "",
        "UserID": 133162
    },
    "ActivityProducts": null,
    "Name": "[汉]舞动四方 | 世界之窗复赛巅峰对决 | 快来疯抢观赛名额",
    "Describe": "",
    "FaceSrc": "https://pic.hanfugou.com/web/2019/10/8/1/6dc5e52457d848fd9104960c3e056b6b.jpeg",
    "Province": 91,
    "City": 104,
    "AddressNames": "广东,深圳",
    "AddressStreet": "世界之窗",
    "HeadPerson": "子霖",
    "HeadPhone": "13602278901",
    "Position": "113.972981,22.534662",
    "BeginDatetime": "2019-10-08T01:16:30",
    "EndDatetime": "2019-10-12T23:00:00",
    "Stock": 0,
    "SalesVolume": 51,
    "Price": 30.00,
    "Skus": null,
    "State": 3,
    "IsAddTime": false,
    "OpenDatetime": "2019-10-08T01:13:28",
    "CloseDatetime": "2019-10-08T01:16:30"
},
{
    "ID": 145,
    "Org": {
        "ID": 14,
        "ShortName": "汉服深圳",
        "LongName": "汉服深圳社团",
        "LogoSrc": "https://pic.hanfugou.com/pc/2017/9/26/12/72f8c1e97de84212851ae014a9adb907.jpg",
        "CityNames": "广东,深圳",
        "Describe": "",
        "UserID": 133162
    },
    "ActivityProducts": null,
    "Name": "汉舞动四方 | 世界之窗复赛巅峰对决 | 快来疯抢观赛名额",
    "Describe": "",
    "FaceSrc": "https://pic.hanfugou.com/web/2019/10/8/0/45df16e79b28422facf292007ed97db0.jpeg",
    "Province": 91,
    "City": 104,
    "AddressNames": "广东,深圳",
    "AddressStreet": "世界之窗",
    "HeadPerson": "阿星",
    "HeadPhone": "13113015713",
    "Position": "113.972981,22.534662",
    "BeginDatetime": "2019-10-08T00:19:02",
    "EndDatetime": "2019-10-12T12:00:00",
    "Stock": 0,
    "SalesVolume": 390,
    "Price": 20.00,
    "Skus": null,
    "State": 3,
    "IsAddTime": false,
    "OpenDatetime": "2019-10-08T01:04:52",
    "CloseDatetime": "2019-10-08T00:19:02"
},
{
    "ID": 144,
    "Org": {
        "ID": 200,
        "ShortName": "韶华阁汉服社",
        "LongName": "西安韶华阁汉服社",
        "LogoSrc": "https://pic.hanfugou.com/web/2019/9/5/6/44c183ca4df74dd9a760122e98848f72.jpeg",
        "CityNames": "陕西,西安",
        "Describe": "",
        "UserID": 975808
    },
    "ActivityProducts": null,
    "Name": "红色的闪光✨",
    "Describe": "",
    "FaceSrc": "https://pic.hanfugou.com/web/2019/9/19/9/160888a60c464ff099d2a5f533a24803.jpeg",
    "Province": 311,
    "City": 318,
    "AddressNames": "陕西,西安",
    "AddressStreet": "西安市未央区大明宫遗址公园",
    "HeadPerson": "旋心",
    "HeadPhone": "18991294279",
    "Position": "108.967590,34.294662",
    "BeginDatetime": "2019-09-21T14:00:00",
    "EndDatetime": "2019-09-21T16:00:00",
    "Stock": 200,
    "SalesVolume": 0,
    "Price": 0.00,
    "Skus": null,
    "State": 3,
    "IsAddTime": false,
    "OpenDatetime": "2019-09-19T09:34:39",
    "CloseDatetime": "2019-09-21T14:00:00"
}] : _req.query.state == '2' ? [{
      "ID": 167,
      "Org": {
        "ID": 54,
        "ShortName": "梅山汉韵",
        "LongName": "新化梅山汉服",
        "LogoSrc": "https://pic.hanfugou.com/pc/2018/1/23/15/2dfb9f3464d2422e993a5a56d642d683.jpg",
        "CityNames": "湖南,娄底",
        "Describe": "",
        "UserID": 120944
      },
      "ActivityProducts": null,
      "Name": "测试多人活动",
      "Describe": "",
      "FaceSrc": "https://pic.hanfugou.com/web/2019/12/9/1/2b4270efc28b4b878fdd5b944439aa32.jpeg",
      "Province": 91,
      "City": 104,
      "AddressNames": "广东,深圳",
      "AddressStreet": "龙岗区龙城广场",
      "HeadPerson": "萌抖抖",
      "HeadPhone": "12345678901",
      "Position": "114.249208,22.718505",
      "BeginDatetime": "2019-12-09T00:00:00",
      "EndDatetime": "2019-12-26T00:00:00",
      "Stock": 1048,
      "SalesVolume": 8,
      "Price": 1.00,
      "Skus": null,
      "State": 2,
      "IsAddTime": false,
      "OpenDatetime": "2019-12-20T12:08:06",
      "CloseDatetime": "2019-12-09T00:00:00"
    }] : _req.query.state == '1' ? [{
        "ID": 168,
        "Org": {
          "ID": 128,
          "ShortName": "汉服广东",
          "LongName": "广东省传统文化促进会汉服文化委员会",
          "LogoSrc": "https://pic.hanfugou.com/web/2019/12/9/20/240393273b5943029c7b45e9a7a4a230.jpeg",
          "CityNames": "广东,广州",
          "Describe": "",
          "UserID": 623909
        },
        "ActivityProducts": null,
        "Name": "楚庭长歌，继往开来——己亥年汉服年会",
        "Describe": "",
        "FaceSrc": "https://pic.hanfugou.com/web/2019/12/9/18/7c0464bb7b6847c8bc7d86c2dc07bfeb.jpeg",
        "Province": 91,
        "City": 95,
        "AddressNames": "广东,广州",
        "AddressStreet": "御水湾家宴",
        "HeadPerson": "小彬",
        "HeadPhone": "13076157570",
        "Position": "113.388167,22.937803",
        "BeginDatetime": "2020-01-01T15:00:00",
        "EndDatetime": "2020-01-01T20:00:05",
        "Stock": 16,
        "SalesVolume": 568,
        "Price": 0.00,
        "Skus": null,
        "State": 1,
        "IsAddTime": false,
        "OpenDatetime": "2019-12-25T17:16:14",
        "CloseDatetime": "2020-01-01T15:00:00"
      },
      {
        "ID": 166,
        "Org": {
          "ID": 209,
          "ShortName": "临汾汉服",
          "LongName": "临汾汉文化创新团队",
          "LogoSrc": "https://pic.hanfugou.com/web/2019/11/12/22/dd5f0d4144014ef2bb721b07dcfbab5f.jpeg",
          "CityNames": "山西,临汾",
          "Describe": "",
          "UserID": 1622342
        },
        "ActivityProducts": null,
        "Name": "冬至国风漫展",
        "Describe": "",
        "FaceSrc": "https://pic.hanfugou.com/web/2019/11/28/17/e23a289c70064af0af0fd2bca65c84c2.jpeg",
        "Province": 301,
        "City": 305,
        "AddressNames": "山西,临汾",
        "AddressStreet": "尧都区财神楼北街韩国城三层宋都御街古风实景商场",
        "HeadPerson": "曾新舒",
        "HeadPhone": "17636260121",
        "Position": "0,0",
        "BeginDatetime": "2019-12-22T10:30:00",
        "EndDatetime": "2019-12-22T18:00:00",
        "Stock": 200,
        "SalesVolume": 0,
        "Price": 45.00,
        "Skus": null,
        "State": 1,
        "IsAddTime": false,
        "OpenDatetime": "2019-12-01T15:06:31",
        "CloseDatetime": "2019-12-22T10:30:00"
      }
    ] : [{
      "ID": 168,
      "Org": {
        "ID": 128,
        "ShortName": "汉服广东",
        "LongName": "广东省传统文化促进会汉服文化委员会",
        "LogoSrc": "https://pic.hanfugou.com/web/2019/12/9/20/240393273b5943029c7b45e9a7a4a230.jpeg",
        "CityNames": "广东,广州",
        "Describe": "",
        "UserID": 623909
      },
      "ActivityProducts": null,
      "Name": "楚庭长歌，继往开来——己亥年汉服年会",
      "Describe": "",
      "FaceSrc": "https://pic.hanfugou.com/web/2019/12/9/18/7c0464bb7b6847c8bc7d86c2dc07bfeb.jpeg",
      "Province": 91,
      "City": 95,
      "AddressNames": "广东,广州",
      "AddressStreet": "御水湾家宴",
      "HeadPerson": "小彬",
      "HeadPhone": "13076157570",
      "Position": "113.388167,22.937803",
      "BeginDatetime": "2020-01-01T15:00:00",
      "EndDatetime": "2020-01-01T20:00:05",
      "Stock": 113,
      "SalesVolume": 488,
      "Price": 0.00,
      "Skus": null,
      "State": 1,
      "IsAddTime": false,
      "OpenDatetime": "2019-12-15T12:12:03",
      "CloseDatetime": "2020-01-01T15:00:00"
    }, {
      "ID": 167,
      "Org": {
        "ID": 54,
        "ShortName": "梅山汉韵",
        "LongName": "新化梅山汉服",
        "LogoSrc": "https://pic.hanfugou.com/pc/2018/1/23/15/2dfb9f3464d2422e993a5a56d642d683.jpg",
        "CityNames": "湖南,娄底",
        "Describe": "<p>c测试活动测试活动</p>",
        "UserID": 120944
      },
      "ActivityProducts": null,
      "Name": "测试多人活动",
      "Describe": "<p>c测试活动测试活动</p>",
      "FaceSrc": "https://pic.hanfugou.com/web/2019/12/9/1/2b4270efc28b4b878fdd5b944439aa32.jpeg",
      "Province": 91,
      "City": 104,
      "AddressNames": "广东,深圳",
      "AddressStreet": "龙岗区龙城广场",
      "HeadPerson": "萌抖抖",
      "HeadPhone": "12345678901",
      "Position": "114.249208,22.718505",
      "BeginDatetime": "2019-12-09T00:00:00",
      "EndDatetime": "2019-12-26T00:00:00",
      "Stock": 1048,
      "SalesVolume": 8,
      "Price": 1.00,
      "Skus": null,
      "State": 2,
      "IsAddTime": false,
      "OpenDatetime": "2019-12-20T12:08:06",
      "CloseDatetime": "2019-12-09T00:00:00"
    }, {
      "ID": 166,
      "Org": {
        "ID": 209,
        "ShortName": "临汾汉服",
        "LongName": "临汾汉文化创新团队",
        "LogoSrc": "https://pic.hanfugou.com/web/2019/11/12/22/dd5f0d4144014ef2bb721b07dcfbab5f.jpeg",
        "CityNames": "山西,临汾",
        "Describe": "",
        "UserID": 1622342
      },
      "ActivityProducts": null,
      "Name": "冬至国风漫展",
      "Describe": "",
      "FaceSrc": "https://pic.hanfugou.com/web/2019/11/28/17/e23a289c70064af0af0fd2bca65c84c2.jpeg",
      "Province": 301,
      "City": 305,
      "AddressNames": "山西,临汾",
      "AddressStreet": "尧都区财神楼北街韩国城三层宋都御街古风实景商场",
      "HeadPerson": "曾新舒",
      "HeadPhone": "17636260121",
      "Position": "0,0",
      "BeginDatetime": "2019-12-22T10:30:00",
      "EndDatetime": "2019-12-22T18:00:00",
      "Stock": 200,
      "SalesVolume": 0,
      "Price": 45.00,
      "Skus": null,
      "State": 1,
      "IsAddTime": false,
      "OpenDatetime": "2019-12-01T15:06:31",
      "CloseDatetime": "2019-12-22T10:30:00"
    }, {
      "ID": 165,
      "Org": {
        "ID": 7,
        "ShortName": "南陽漢服",
        "LongName": "南陽漢服復興者",
        "LogoSrc": "https://pic.hanfugou.com/pc/2017/9/19/20/bb249d9de2bc4d30a47789298181f93d.jpg",
        "CityNames": "河南,南阳",
        "Describe": "",
        "UserID": 49762
      },
      "ActivityProducts": null,
      "Name": "南阳汉服出行日",
      "Describe": "",
      "FaceSrc": "https://pic.hanfugou.com/web/2019/11/13/8/e7c2ca1fc93343869e1255fb5059444b.jpeg",
      "Province": 155,
      "City": 162,
      "AddressNames": "河南,南阳",
      "AddressStreet": "人民公园",
      "HeadPerson": "莫宝",
      "HeadPhone": "15839360763",
      "Position": "112.536328,32.997978",
      "BeginDatetime": "2019-11-17T10:00:00",
      "EndDatetime": "2019-11-17T12:00:00",
      "Stock": 0,
      "SalesVolume": 0,
      "Price": 0.00,
      "Skus": null,
      "State": 3,
      "IsAddTime": false,
      "OpenDatetime": "2019-11-13T08:24:28",
      "CloseDatetime": "2019-11-17T10:00:00"
    }, {
      "ID": 164,
      "Org": {
        "ID": 204,
        "ShortName": "商汉会",
        "LongName": "陕西商洛汉服文化会",
        "LogoSrc": "https://pic.hanfugou.com/web/2019/10/23/20/86bc47fed75b42df86a946639f08ea3d.jpeg",
        "CityNames": "陕西,商洛",
        "Describe": "",
        "UserID": 1584133
      },
      "ActivityProducts": null,
      "Name": "汉服出行十六周年",
      "Describe": "",
      "FaceSrc": "https://pic.hanfugou.com/web/2019/11/11/13/6c2dacc6d6614d63ba154e48fd9aa2a9.jpeg",
      "Province": 311,
      "City": 318,
      "AddressNames": "陕西,西安",
      "AddressStreet": "西安世博园，大明宫遗址公园",
      "HeadPerson": "关若",
      "HeadPhone": "18513215578",
      "Position": "108.963678,34.292365",
      "BeginDatetime": "2019-11-23T10:30:00",
      "EndDatetime": "2019-11-24T17:30:00",
      "Stock": 497,
      "SalesVolume": 3,
      "Price": 0.00,
      "Skus": null,
      "State": 3,
      "IsAddTime": false,
      "OpenDatetime": "2019-11-11T13:11:43",
      "CloseDatetime": "2019-11-23T10:30:00"
    }, {
      "ID": 163,
      "Org": {
        "ID": 14,
        "ShortName": "汉服深圳",
        "LongName": "汉服深圳社团",
        "LogoSrc": "https://pic.hanfugou.com/pc/2017/9/26/12/72f8c1e97de84212851ae014a9adb907.jpg",
        "CityNames": "广东,深圳",
        "Describe": "",
        "UserID": 133162
      },
      "ActivityProducts": null,
      "Name": "摒住呼吸！万众期待的汉服深圳年会活动召集贴来了",
      "Describe": "",
      "FaceSrc": "https://pic.hanfugou.com/web/2019/11/10/11/ef2a4d08e9b3472b906ca684d40a768d.jpeg",
      "Province": 91,
      "City": 104,
      "AddressNames": "广东,深圳",
      "AddressStreet": "南山国际会议中心",
      "HeadPerson": "子霖",
      "HeadPhone": "13602278901",
      "Position": "113.985288,22.586894",
      "BeginDatetime": "2019-12-15T12:00:00",
      "EndDatetime": "2019-12-15T20:30:00",
      "Stock": 0,
      "SalesVolume": 38,
      "Price": 1680.00,
      "Skus": null,
      "State": 3,
      "IsAddTime": false,
      "OpenDatetime": "2019-11-16T20:08:01",
      "CloseDatetime": "2019-12-15T12:00:00"
    }, {
      "ID": 162,
      "Org": {
        "ID": 14,
        "ShortName": "汉服深圳",
        "LongName": "汉服深圳社团",
        "LogoSrc": "https://pic.hanfugou.com/pc/2017/9/26/12/72f8c1e97de84212851ae014a9adb907.jpg",
        "CityNames": "广东,深圳",
        "Describe": "",
        "UserID": 133162
      },
      "ActivityProducts": null,
      "Name": "摒住呼吸！万众期待的汉服深圳年会活动召集贴来了",
      "Describe": "",
      "FaceSrc": "https://pic.hanfugou.com/web/2019/11/10/8/776a28332c0d41e49affd76ced146d1f.jpeg",
      "Province": 91,
      "City": 104,
      "AddressNames": "广东,深圳",
      "AddressStreet": "南山国际会议中心",
      "HeadPerson": "子霖",
      "HeadPhone": "13602278901",
      "Position": "113.985288,22.586894",
      "BeginDatetime": "2019-12-15T12:00:00",
      "EndDatetime": "2019-12-15T20:30:00",
      "Stock": 0,
      "SalesVolume": 360,
      "Price": 168.00,
      "Skus": null,
      "State": 3,
      "IsAddTime": false,
      "OpenDatetime": "2019-11-16T21:46:24",
      "CloseDatetime": "2019-12-15T12:00:00"
    }, {
      "ID": 161,
      "Org": {
        "ID": 169,
        "ShortName": "茂名汉韵",
        "LongName": "茂名市茂名汉韵汉服协会",
        "LogoSrc": "https://pic.hanfugou.com/web/2019/6/25/23/5b286adedf8d451db51d63b68f69da79.jpeg",
        "CityNames": "广东,茂名",
        "Describe": "",
        "UserID": 50745
      },
      "ActivityProducts": null,
      "Name": "茂名汉韵汉服出行日活动",
      "Describe": "",
      "FaceSrc": "https://pic.hanfugou.com/web/2019/11/9/23/a0912f51b99a40f088da8b6cb058e857.jpeg",
      "Province": 91,
      "City": 99,
      "AddressNames": "广东,茂名",
      "AddressStreet": "茂名东汇城2号门前面",
      "HeadPerson": "诗兄",
      "HeadPhone": "18126804691",
      "Position": "110.948823,21.664225",
      "BeginDatetime": "2019-11-23T09:30:00",
      "EndDatetime": "2019-11-23T17:30:00",
      "Stock": 0,
      "SalesVolume": 0,
      "Price": 0.00,
      "Skus": null,
      "State": 3,
      "IsAddTime": false,
      "OpenDatetime": "2019-11-09T23:33:31",
      "CloseDatetime": "2019-11-23T09:30:00"
    }, {
      "ID": 158,
      "Org": {
        "ID": 8,
        "ShortName": "杞县汉服",
        "LongName": "杞县汉服传统文化研习会",
        "LogoSrc": "https://pic.hanfugou.com/pc/2017/9/19/21/5702224c866c4991a99f5fc64663d689.jpg",
        "CityNames": "河南,开封",
        "Describe": "",
        "UserID": 135
      },
      "ActivityProducts": null,
      "Name": "11.22汉服节杞县汉服传统文化研习会召集活动",
      "Describe": "",
      "FaceSrc": "https://pic.hanfugou.com/web/2019/11/5/23/d133aaf40c20420eb001f7d893f6e25e.jpeg",
      "Province": 155,
      "City": 160,
      "AddressNames": "河南,开封",
      "AddressStreet": "杞县欣泰",
      "HeadPerson": "陈醉",
      "HeadPhone": "15537121356",
      "Position": "114.774671,34.548514",
      "BeginDatetime": "2019-11-16T19:00:00",
      "EndDatetime": "2019-11-16T21:30:00",
      "Stock": 100,
      "SalesVolume": 0,
      "Price": 0.00,
      "Skus": null,
      "State": 3,
      "IsAddTime": false,
      "OpenDatetime": "2019-11-05T23:48:30",
      "CloseDatetime": "2019-11-16T19:00:00"
    }, {
      "ID": 152,
      "Org": {
        "ID": 203,
        "ShortName": "华裳九州",
        "LongName": "华裳九州",
        "LogoSrc": "https://pic.hanfugou.com/web/2019/10/11/15/165e7fc54b2143e4be382e9b8ead5477.jpeg",
        "CityNames": "浙江,杭州",
        "Describe": "",
        "UserID": 1548799
      },
      "ActivityProducts": null,
      "Name": "2019华裳九州国风生活展",
      "Describe": "",
      "FaceSrc": "https://pic.hanfugou.com/web/2019/10/12/15/e826e3f6d0e249c7924e105c505b9037.jpeg",
      "Province": 370,
      "City": 371,
      "AddressNames": "浙江,杭州",
      "AddressStreet": "江干区闸弄口艮山西路102号杭州创意设计中心",
      "HeadPerson": "左韵娜",
      "HeadPhone": "18100175172",
      "Position": "120.203734,30.279643",
      "BeginDatetime": "2019-11-02T11:00:00",
      "EndDatetime": "2019-11-03T16:30:00",
      "Stock": 29999928,
      "SalesVolume": 69,
      "Price": 0.00,
      "Skus": null,
      "State": 3,
      "IsAddTime": false,
      "OpenDatetime": "2019-10-15T15:40:24",
      "CloseDatetime": "2019-11-02T11:00:00"
    }]
  },
  "ServerTime": 1576843461,
  "Remark": {
    "count": 95
  }
}