{
  "Status": "10000",
  "ErrorMessage": "成功",
  "Data": function({
    _req
  }) {
    return _req.query.id == '168' ? {
      "ThemeID": 0,
      "ThemeName": null,
      "IncomeMoney": 0.0,
      "UserCount": 1,
      "CommCount": 0,
      "Check": true,
      "CheckDatetime": "2019-12-09T22:26:33",
      "Datetime": "2019-12-09T18:44:48",
      "ID": 168,
      "Org": {
        "ID": 128,
        "ShortName": "汉服广东",
        "LongName": "广东省传统文化促进会汉服文化委员会",
        "LogoSrc": "https://pic.hanfugou.com/web/2019/12/9/20/240393273b5943029c7b45e9a7a4a230.jpeg",
        "CityNames": "广东,广州",
        "Describe": "<p><img alt=\"年会海报.jpg\" class=\"\" src=\"https://pic.hanfugou.com/pc/2019/12/9/18/0edd5c6b8584476cb0857885a4a547a9.jpg\" data-image-size=\"1080,1528\"></p><p>桌位示意图</p><p><img alt=\"微信图片_20191225171525.jpg\" class=\"\" src=\"https://pic.hanfugou.com/pc/2019/12/25/17/b41eb2c792e6473b996fcd1eab7fa564.jpg\" data-image-size=\"3840,2454\"><br></p>",
        "UserID": 623909
      },
      "ActivityProducts": null,
      "Name": "楚庭长歌，继往开来——己亥年汉服年会",
      "Describe": "<p><img alt=\"年会海报.jpg\" class=\"\" src=\"https://pic.hanfugou.com/pc/2019/12/9/18/0edd5c6b8584476cb0857885a4a547a9.jpg\" data-image-size=\"1080,1528\"></p><p>桌位示意图</p><p><img alt=\"微信图片_20191225171525.jpg\" class=\"\" src=\"https://pic.hanfugou.com/pc/2019/12/25/17/b41eb2c792e6473b996fcd1eab7fa564.jpg\" data-image-size=\"3840,2454\"><br></p>",
      "FaceSrc": "https://pic.hanfugou.com/web/2019/12/9/18/7c0464bb7b6847c8bc7d86c2dc07bfeb.jpeg",
      "Province": 91,
      "City": 95,
      "AddressNames": "广东,广州",
      "AddressStreet": "御水湾家宴",
      "HeadPerson": "小彬",
      "HeadPhone": "13076157570",
      "Position": "113.388167,22.937803",
      "BeginDatetime": "2020-01-01T15:00:00",
      "EndDatetime": "2020-01-01T20:00:05",
      "Stock": 15,
      "SalesVolume": 569,
      "Price": 0.00,
      "Skus": [{
          "ID": 285,
          "ActivityID": 168,
          "Name": "第一批报名",
          "Stock": 0,
          "SalesVolume": 0,
          "Price": 138.00,
          "OpenDatetime": "2019-12-13T10:00:00",
          "CloseDatetime": "2019-12-20T23:59:59",
          "Datetime": "2019-12-25T17:16:14"
        },
        {
          "ID": 286,
          "ActivityID": 168,
          "Name": "第二批报名",
          "Stock": 15,
          "SalesVolume": 1,
          "Price": 138.00,
          "OpenDatetime": "2019-12-15T12:00:00",
          "CloseDatetime": "2019-12-30T23:59:59",
          "Datetime": "2019-12-25T17:16:14"
        }
      ],
      "State": 1,
      "IsAddTime": true,
      "OpenDatetime": "2019-12-25T17:16:14",
      "CloseDatetime": "2020-01-01T15:00:00"
    } : {
      "ThemeID": 0,
      "ThemeName": null,
      "IncomeMoney": 0.0,
      "UserCount": 0,
      "CommCount": 0,
      "Check": true,
      "CheckDatetime": "2019-11-29T19:12:34",
      "Datetime": "2019-11-28T17:25:49",
      "ID": 166,
      "Org": {
        "ID": 209,
        "ShortName": "临汾汉服",
        "LongName": "临汾汉文化创新团队",
        "LogoSrc": "https://pic.hanfugou.com/web/2019/11/12/22/dd5f0d4144014ef2bb721b07dcfbab5f.jpeg",
        "CityNames": "山西,临汾",
        "Describe": "<p><img alt=\"2424.jpg\" src=\"https://pic.hanfugou.com/pc/2019/11/28/17/81267ed3dea74939b30d74f39abc1b4b.jpg\"><br></p><p><span>冬至国风漫展来了！！！</span></p><p><span>hp动漫工作室、西子云裳、临汾汉文化团队共同举办，你想象中的国漫和国潮，这里都有！</span></p><p><span>【古风市集】：全实景古风街市灯火人间</span></p><p><span>【庙会游戏】：古风游玩项目赢取精致礼品</span></p><p><span>【汉服体验】：几十种汉服妆造让你重回汉唐</span></p><p><span>【国艺表演】：最热古风歌舞大师级国艺展示</span></p><p><span>【冬至许愿】：来“相思树下”约定明年暴富</span></p><p><span>【发簪手作】：制作出最心仪的发簪</span></p><p><span>【小吃美食】：吃吃吃逛逛逛吃吃吃</span></p><p><span>【二次国漫】：欢迎coser一起来玩更多国漫摊位</span></p><p><span>【汉服抽奖】：买票即可抽奖，汉服直接带回家</span></p><p><span>营业时间：2019.12.22（星期天）</span></p><p><span>线上预售票价：45元&nbsp;</span></p><p><span>线下现场票价：55元</span></p><p><span><br></span><br></p><p><span>一起嗨翻这个冬天！</span></p><p>场地实景图</p><p><img alt=\"pt2019_11_28_17_16_41.jpg\" src=\"https://pic.hanfugou.com/pc/2019/11/28/17/78e5cc1225a1486bb54c0e723dc9b504.jpg\"><br></p>",
        "UserID": 1622342
      },
      "ActivityProducts": null,
      "Name": "冬至国风漫展",
      "Describe": "<p><img alt=\"2424.jpg\" src=\"https://pic.hanfugou.com/pc/2019/11/28/17/81267ed3dea74939b30d74f39abc1b4b.jpg\"><br></p><p><span>冬至国风漫展来了！！！</span></p><p><span>hp动漫工作室、西子云裳、临汾汉文化团队共同举办，你想象中的国漫和国潮，这里都有！</span></p><p><span>【古风市集】：全实景古风街市灯火人间</span></p><p><span>【庙会游戏】：古风游玩项目赢取精致礼品</span></p><p><span>【汉服体验】：几十种汉服妆造让你重回汉唐</span></p><p><span>【国艺表演】：最热古风歌舞大师级国艺展示</span></p><p><span>【冬至许愿】：来“相思树下”约定明年暴富</span></p><p><span>【发簪手作】：制作出最心仪的发簪</span></p><p><span>【小吃美食】：吃吃吃逛逛逛吃吃吃</span></p><p><span>【二次国漫】：欢迎coser一起来玩更多国漫摊位</span></p><p><span>【汉服抽奖】：买票即可抽奖，汉服直接带回家</span></p><p><span>营业时间：2019.12.22（星期天）</span></p><p><span>线上预售票价：45元&nbsp;</span></p><p><span>线下现场票价：55元</span></p><p><span><br></span><br></p><p><span>一起嗨翻这个冬天！</span></p><p>场地实景图</p><p><img alt=\"pt2019_11_28_17_16_41.jpg\" src=\"https://pic.hanfugou.com/pc/2019/11/28/17/78e5cc1225a1486bb54c0e723dc9b504.jpg\"><br></p>",
      "FaceSrc": "https://pic.hanfugou.com/web/2019/11/28/17/e23a289c70064af0af0fd2bca65c84c2.jpeg",
      "Province": 301,
      "City": 305,
      "AddressNames": "山西,临汾",
      "AddressStreet": "尧都区财神楼北街韩国城三层宋都御街古风实景商场",
      "HeadPerson": "曾新舒",
      "HeadPhone": "17636260121",
      "Position": "0,0",
      "BeginDatetime": "2019-12-22T10:30:00",
      "EndDatetime": "2019-12-22T18:00:00",
      "Stock": 200,
      "SalesVolume": 0,
      "Price": 45.00,
      "Skus": null,
      "State": 3,
      "IsAddTime": false,
      "OpenDatetime": "2019-12-01T15:06:31",
      "CloseDatetime": "2019-12-22T10:30:00"
    }
  },
  "ServerTime": 1576843518,
  "Remark": {
    "users": function({
      _req
    }) {
      return _req.query.id == '168' ? [{
          "ID": 8414,
          "OutNumber": "157727580401686597",
          "OrdersGroupID": 11455,
          "Number": null,
          "User": {
            "Gender": "女",
            "MainBgPic": null,
            "AuthenticateCode": null,
            "AuthenticateName": null,
            "AuthenticateID": 0,
            "CityNames": null,
            "Describe": null,
            "AtteCount": 0,
            "ViolationCount": 0,
            "FansCount": 0,
            "UserAtte": false,
            "GoodAlbumCount": 0,
            "Popularity": 0,
            "UseHanbi": 0,
            "Close": false,
            "Black": false,
            "NoteName": null,
            "ID": 928196,
            "UserName": "918759830",
            "NickName": "韩氏集团￥",
            "HeadUrl": "https://pic.hanfugou.com/web/2019/4/14/16/5233bd2515d24a008c7d9a31252e8476.jpg"
          },
          "Activity": {
            "ThemeID": 0,
            "ThemeName": null,
            "IncomeMoney": 0.0,
            "UserCount": 0,
            "CommCount": 0,
            "Check": false,
            "CheckDatetime": "1900-01-01T00:00:00",
            "Datetime": "2019-12-25T20:10:04",
            "ID": 168,
            "Org": {
              "ID": 128,
              "ShortName": "汉服广东",
              "LongName": "广东省传统文化促进会汉服文化委员会",
              "LogoSrc": "https://pic.hanfugou.com/web/2019/12/9/20/240393273b5943029c7b45e9a7a4a230.jpeg",
              "CityNames": null,
              "Describe": null,
              "UserID": 928196
            },
            "ActivityProducts": null,
            "Name": "楚庭长歌，继往开来——己亥年汉服年会",
            "Describe": null,
            "FaceSrc": "https://pic.hanfugou.com/web/2019/12/9/18/7c0464bb7b6847c8bc7d86c2dc07bfeb.jpeg",
            "Province": 0,
            "City": 0,
            "AddressNames": "广东,广州",
            "AddressStreet": null,
            "HeadPerson": null,
            "HeadPhone": null,
            "Position": null,
            "BeginDatetime": "2020-01-01T15:00:00",
            "EndDatetime": "2020-01-01T20:00:05",
            "Stock": 0,
            "SalesVolume": 0,
            "Price": 138.00,
            "Skus": null,
            "State": 1,
            "IsAddTime": false,
            "OpenDatetime": "0001-01-01T00:00:00",
            "CloseDatetime": "0001-01-01T00:00:00"
          },
          "SkuID": 286,
          "SkuName": "第二批报名,62桌09号",
          "Applicant": "晴天",
          "Phone": "15871521318",
          "TwoCode": "https://pic.hanfugou.com/web/2019/12/25/20/e8a1867c9b62405f8ff84a568450f409.jpg",
          "PayAction": "weixinmini",
          "PayNumber": "4200000466201912255322084735",
          "Price": 138.00,
          "State": 2,
          "Remark": "晴天+15871521318",
          "Note": null,
          "CheckCount": 0,
          "CheckAction": null,
          "CheckDatetime": "1900-01-01T00:00:00",
          "RemindCount": 0,
          "Settlement": false,
          "FromClient": "fromclient=h5,token=3c6c21569932487c919462fc9e866f7f",
          "UserNumber": 597,
          "Datetime": "2019-12-25T20:10:04",
          "OrdersProducts": 1
        },
        {
          "ID": 8413,
          "OutNumber": "157726234201688584",
          "OrdersGroupID": 11454,
          "Number": null,
          "User": {
            "Gender": "女",
            "MainBgPic": null,
            "AuthenticateCode": null,
            "AuthenticateName": null,
            "AuthenticateID": 0,
            "CityNames": null,
            "Describe": null,
            "AtteCount": 0,
            "ViolationCount": 0,
            "FansCount": 0,
            "UserAtte": false,
            "GoodAlbumCount": 0,
            "Popularity": 0,
            "UseHanbi": 0,
            "Close": false,
            "Black": false,
            "NoteName": null,
            "ID": 1694868,
            "UserName": "414878890",
            "NickName": "兰兰12345",
            "HeadUrl": "https://pic.hanfugou.com/web/2019/12/25/8/cc27d9538a2442c5918c9b13fc79c3bb.cn/mmopen/vi_32/q0j4twgtftkumjksicnvdxuualsohpmkp6gegiasgab813vf9cdvek75uhj6cuibs2zws8zs4z4epr8ib2srjjxiabg/132"
          },
          "Activity": {
            "ThemeID": 0,
            "ThemeName": null,
            "IncomeMoney": 0.0,
            "UserCount": 0,
            "CommCount": 0,
            "Check": false,
            "CheckDatetime": "1900-01-01T00:00:00",
            "Datetime": "2019-12-25T16:25:42",
            "ID": 168,
            "Org": {
              "ID": 128,
              "ShortName": "汉服广东",
              "LongName": "广东省传统文化促进会汉服文化委员会",
              "LogoSrc": "https://pic.hanfugou.com/web/2019/12/9/20/240393273b5943029c7b45e9a7a4a230.jpeg",
              "CityNames": null,
              "Describe": null,
              "UserID": 1694868
            },
            "ActivityProducts": null,
            "Name": "楚庭长歌，继往开来——己亥年汉服年会",
            "Describe": null,
            "FaceSrc": "https://pic.hanfugou.com/web/2019/12/9/18/7c0464bb7b6847c8bc7d86c2dc07bfeb.jpeg",
            "Province": 0,
            "City": 0,
            "AddressNames": "广东,广州",
            "AddressStreet": null,
            "HeadPerson": null,
            "HeadPhone": null,
            "Position": null,
            "BeginDatetime": "2020-01-01T15:00:00",
            "EndDatetime": "2020-01-01T20:00:05",
            "Stock": 0,
            "SalesVolume": 0,
            "Price": 138.00,
            "Skus": null,
            "State": 1,
            "IsAddTime": false,
            "OpenDatetime": "0001-01-01T00:00:00",
            "CloseDatetime": "0001-01-01T00:00:00"
          },
          "SkuID": 284,
          "SkuName": "第二批报名,13桌12号",
          "Applicant": "万绿柒",
          "Phone": "13533168076",
          "TwoCode": "https://pic.hanfugou.com/web/2019/12/25/16/e857381b764540b2a6020f425d671037.jpg",
          "PayAction": "weixinmini",
          "PayNumber": "4200000467201912253523207868",
          "Price": 138.00,
          "State": 2,
          "Remark": null,
          "Note": null,
          "CheckCount": 0,
          "CheckAction": null,
          "CheckDatetime": "1900-01-01T00:00:00",
          "RemindCount": 0,
          "Settlement": false,
          "FromClient": "fromclient=h5,token=eadaea695a4046c6ac25fa776636762d",
          "UserNumber": 596,
          "Datetime": "2019-12-25T16:25:42",
          "OrdersProducts": 1
        },
        {
          "ID": 8412,
          "OutNumber": "157725531101683542",
          "OrdersGroupID": 11453,
          "Number": null,
          "User": {
            "Gender": "男",
            "MainBgPic": null,
            "AuthenticateCode": null,
            "AuthenticateName": null,
            "AuthenticateID": 0,
            "CityNames": null,
            "Describe": null,
            "AtteCount": 0,
            "ViolationCount": 0,
            "FansCount": 0,
            "UserAtte": false,
            "GoodAlbumCount": 0,
            "Popularity": 0,
            "UseHanbi": 0,
            "Close": false,
            "Black": false,
            "NoteName": null,
            "ID": 1682758,
            "UserName": "406162736",
            "NickName": "小贝12345",
            "HeadUrl": "https://pic.hanfugou.com/web/2019/12/17/23/757424b44f014049931d612757bacd31.cn/mmopen/vi_32/vebt3e7yqwwngocda0s28y7w1iu7gxpiaxpsoprpch5iajta41jzcgw29qga8udihzpcrgsol3aqibmacmn0eyd1q/132"
          },
          "Activity": {
            "ThemeID": 0,
            "ThemeName": null,
            "IncomeMoney": 0.0,
            "UserCount": 0,
            "CommCount": 0,
            "Check": false,
            "CheckDatetime": "1900-01-01T00:00:00",
            "Datetime": "2019-12-25T14:28:31",
            "ID": 168,
            "Org": {
              "ID": 128,
              "ShortName": "汉服广东",
              "LongName": "广东省传统文化促进会汉服文化委员会",
              "LogoSrc": "https://pic.hanfugou.com/web/2019/12/9/20/240393273b5943029c7b45e9a7a4a230.jpeg",
              "CityNames": null,
              "Describe": null,
              "UserID": 1682758
            },
            "ActivityProducts": null,
            "Name": "楚庭长歌，继往开来——己亥年汉服年会",
            "Describe": null,
            "FaceSrc": "https://pic.hanfugou.com/web/2019/12/9/18/7c0464bb7b6847c8bc7d86c2dc07bfeb.jpeg",
            "Province": 0,
            "City": 0,
            "AddressNames": "广东,广州",
            "AddressStreet": null,
            "HeadPerson": null,
            "HeadPhone": null,
            "Position": null,
            "BeginDatetime": "2020-01-01T15:00:00",
            "EndDatetime": "2020-01-01T20:00:05",
            "Stock": 0,
            "SalesVolume": 0,
            "Price": 138.00,
            "Skus": null,
            "State": 1,
            "IsAddTime": false,
            "OpenDatetime": "0001-01-01T00:00:00",
            "CloseDatetime": "0001-01-01T00:00:00"
          },
          "SkuID": 284,
          "SkuName": "第二批报名,24桌12号",
          "Applicant": "小贝",
          "Phone": "15817007205",
          "TwoCode": "https://pic.hanfugou.com/web/2019/12/25/14/846ebab6927a4bee98b638876efcd26d.jpg",
          "PayAction": "weixinmini",
          "PayNumber": "4200000464201912250934832011",
          "Price": 138.00,
          "State": 2,
          "Remark": null,
          "Note": null,
          "CheckCount": 0,
          "CheckAction": null,
          "CheckDatetime": "1900-01-01T00:00:00",
          "RemindCount": 0,
          "Settlement": false,
          "FromClient": "fromclient=h5,token=4f512a71dd884c7cba53245704703985",
          "UserNumber": 595,
          "Datetime": "2019-12-25T14:28:31",
          "OrdersProducts": 1
        },
        {
          "ID": 8411,
          "OutNumber": "157725504601684900",
          "OrdersGroupID": 11452,
          "Number": null,
          "User": {
            "Gender": "男",
            "MainBgPic": null,
            "AuthenticateCode": null,
            "AuthenticateName": null,
            "AuthenticateID": 0,
            "CityNames": null,
            "Describe": null,
            "AtteCount": 0,
            "ViolationCount": 0,
            "FansCount": 0,
            "UserAtte": false,
            "GoodAlbumCount": 0,
            "Popularity": 0,
            "UseHanbi": 0,
            "Close": false,
            "Black": false,
            "NoteName": null,
            "ID": 1694880,
            "UserName": "119714908",
            "NickName": "A飞雨爱汉服",
            "HeadUrl": "https://pic.hanfugou.com/android/2019/11/25/39b3a8a94d0f4073b8dcbf7f089a73e3.jpg"
          },
          "Activity": {
            "ThemeID": 0,
            "ThemeName": null,
            "IncomeMoney": 0.0,
            "UserCount": 0,
            "CommCount": 0,
            "Check": false,
            "CheckDatetime": "1900-01-01T00:00:00",
            "Datetime": "2019-12-25T14:24:06",
            "ID": 168,
            "Org": {
              "ID": 128,
              "ShortName": "汉服广东",
              "LongName": "广东省传统文化促进会汉服文化委员会",
              "LogoSrc": "https://pic.hanfugou.com/web/2019/12/9/20/240393273b5943029c7b45e9a7a4a230.jpeg",
              "CityNames": null,
              "Describe": null,
              "UserID": 1694880
            },
            "ActivityProducts": null,
            "Name": "楚庭长歌，继往开来——己亥年汉服年会",
            "Describe": null,
            "FaceSrc": "https://pic.hanfugou.com/web/2019/12/9/18/7c0464bb7b6847c8bc7d86c2dc07bfeb.jpeg",
            "Province": 0,
            "City": 0,
            "AddressNames": "广东,广州",
            "AddressStreet": null,
            "HeadPerson": null,
            "HeadPhone": null,
            "Position": null,
            "BeginDatetime": "2020-01-01T15:00:00",
            "EndDatetime": "2020-01-01T20:00:05",
            "Stock": 0,
            "SalesVolume": 0,
            "Price": 138.00,
            "Skus": null,
            "State": 1,
            "IsAddTime": false,
            "OpenDatetime": "0001-01-01T00:00:00",
            "CloseDatetime": "0001-01-01T00:00:00"
          },
          "SkuID": 284,
          "SkuName": "第二批报名,44桌12号",
          "Applicant": "曾燕",
          "Phone": "18819171102",
          "TwoCode": "https://pic.hanfugou.com/web/2019/12/25/14/7a11e0bbdc6f47238506bfff3e2baaac.jpg",
          "PayAction": "weixinmini",
          "PayNumber": "4200000453201912255274444873",
          "Price": 138.00,
          "State": 2,
          "Remark": null,
          "Note": null,
          "CheckCount": 0,
          "CheckAction": null,
          "CheckDatetime": "1900-01-01T00:00:00",
          "RemindCount": 0,
          "Settlement": false,
          "FromClient": "fromclient=h5,token=50b7bd2bf9144fbf81c0f089c9aca23b",
          "UserNumber": 594,
          "Datetime": "2019-12-25T14:24:06",
          "OrdersProducts": 1
        },
        {
          "ID": 8410,
          "OutNumber": "157725504601684900",
          "OrdersGroupID": 11452,
          "Number": null,
          "User": {
            "Gender": "男",
            "MainBgPic": null,
            "AuthenticateCode": null,
            "AuthenticateName": null,
            "AuthenticateID": 0,
            "CityNames": null,
            "Describe": null,
            "AtteCount": 0,
            "ViolationCount": 0,
            "FansCount": 0,
            "UserAtte": false,
            "GoodAlbumCount": 0,
            "Popularity": 0,
            "UseHanbi": 0,
            "Close": false,
            "Black": false,
            "NoteName": null,
            "ID": 1694880,
            "UserName": "119714908",
            "NickName": "A飞雨爱汉服",
            "HeadUrl": "https://pic.hanfugou.com/android/2019/11/25/39b3a8a94d0f4073b8dcbf7f089a73e3.jpg"
          },
          "Activity": {
            "ThemeID": 0,
            "ThemeName": null,
            "IncomeMoney": 0.0,
            "UserCount": 0,
            "CommCount": 0,
            "Check": false,
            "CheckDatetime": "1900-01-01T00:00:00",
            "Datetime": "2019-12-25T14:24:06",
            "ID": 168,
            "Org": {
              "ID": 128,
              "ShortName": "汉服广东",
              "LongName": "广东省传统文化促进会汉服文化委员会",
              "LogoSrc": "https://pic.hanfugou.com/web/2019/12/9/20/240393273b5943029c7b45e9a7a4a230.jpeg",
              "CityNames": null,
              "Describe": null,
              "UserID": 1694880
            },
            "ActivityProducts": null,
            "Name": "楚庭长歌，继往开来——己亥年汉服年会",
            "Describe": null,
            "FaceSrc": "https://pic.hanfugou.com/web/2019/12/9/18/7c0464bb7b6847c8bc7d86c2dc07bfeb.jpeg",
            "Province": 0,
            "City": 0,
            "AddressNames": "广东,广州",
            "AddressStreet": null,
            "HeadPerson": null,
            "HeadPhone": null,
            "Position": null,
            "BeginDatetime": "2020-01-01T15:00:00",
            "EndDatetime": "2020-01-01T20:00:05",
            "Stock": 0,
            "SalesVolume": 0,
            "Price": 138.00,
            "Skus": null,
            "State": 1,
            "IsAddTime": false,
            "OpenDatetime": "0001-01-01T00:00:00",
            "CloseDatetime": "0001-01-01T00:00:00"
          },
          "SkuID": 284,
          "SkuName": "第二批报名,44桌11号",
          "Applicant": "宁娇娇",
          "Phone": "18702076248",
          "TwoCode": "https://pic.hanfugou.com/web/2019/12/25/14/648ca9f362604735be9602aae03400ab.jpg",
          "PayAction": "weixinmini",
          "PayNumber": "4200000453201912255274444873",
          "Price": 138.00,
          "State": 2,
          "Remark": null,
          "Note": null,
          "CheckCount": 0,
          "CheckAction": null,
          "CheckDatetime": "1900-01-01T00:00:00",
          "RemindCount": 0,
          "Settlement": false,
          "FromClient": "fromclient=h5,token=50b7bd2bf9144fbf81c0f089c9aca23b",
          "UserNumber": 593,
          "Datetime": "2019-12-25T14:24:06",
          "OrdersProducts": 1
        },
        {
          "ID": 8409,
          "OutNumber": "157725252601689298",
          "OrdersGroupID": 11451,
          "Number": null,
          "User": {
            "Gender": "女",
            "MainBgPic": null,
            "AuthenticateCode": null,
            "AuthenticateName": null,
            "AuthenticateID": 0,
            "CityNames": null,
            "Describe": null,
            "AtteCount": 0,
            "ViolationCount": 0,
            "FansCount": 0,
            "UserAtte": false,
            "GoodAlbumCount": 0,
            "Popularity": 0,
            "UseHanbi": 0,
            "Close": false,
            "Black": false,
            "NoteName": null,
            "ID": 1695126,
            "UserName": "447078055",
            "NickName": "古鲸亚目",
            "HeadUrl": "https://pic.hanfugou.com/web/2019/12/25/13/7bc37470323b410f932156fbc98a0211.cn/mmopen/vi_32/dyaiogq83eoucrrkrncfxdlxm80eoqmcctbsqmyo08c3c1hf4r7gdolozj1pvbwulhoagicmypz5kpia8ope4tzg/132"
          },
          "Activity": {
            "ThemeID": 0,
            "ThemeName": null,
            "IncomeMoney": 0.0,
            "UserCount": 0,
            "CommCount": 0,
            "Check": false,
            "CheckDatetime": "1900-01-01T00:00:00",
            "Datetime": "2019-12-25T13:42:06",
            "ID": 168,
            "Org": {
              "ID": 128,
              "ShortName": "汉服广东",
              "LongName": "广东省传统文化促进会汉服文化委员会",
              "LogoSrc": "https://pic.hanfugou.com/web/2019/12/9/20/240393273b5943029c7b45e9a7a4a230.jpeg",
              "CityNames": null,
              "Describe": null,
              "UserID": 1695126
            },
            "ActivityProducts": null,
            "Name": "楚庭长歌，继往开来——己亥年汉服年会",
            "Describe": null,
            "FaceSrc": "https://pic.hanfugou.com/web/2019/12/9/18/7c0464bb7b6847c8bc7d86c2dc07bfeb.jpeg",
            "Province": 0,
            "City": 0,
            "AddressNames": "广东,广州",
            "AddressStreet": null,
            "HeadPerson": null,
            "HeadPhone": null,
            "Position": null,
            "BeginDatetime": "2020-01-01T15:00:00",
            "EndDatetime": "2020-01-01T20:00:05",
            "Stock": 0,
            "SalesVolume": 0,
            "Price": 138.00,
            "Skus": null,
            "State": 1,
            "IsAddTime": false,
            "OpenDatetime": "0001-01-01T00:00:00",
            "CloseDatetime": "0001-01-01T00:00:00"
          },
          "SkuID": 284,
          "SkuName": "第二批报名,41桌06号",
          "Applicant": "小群",
          "Phone": "13250754519",
          "TwoCode": "https://pic.hanfugou.com/web/2019/12/25/13/145ef3708b234555b17d2fbde118959a.jpg",
          "PayAction": "weixinmini",
          "PayNumber": "4200000454201912253880441007",
          "Price": 138.00,
          "State": 2,
          "Remark": null,
          "Note": null,
          "CheckCount": 0,
          "CheckAction": null,
          "CheckDatetime": "1900-01-01T00:00:00",
          "RemindCount": 0,
          "Settlement": false,
          "FromClient": "fromclient=h5,token=fb466ea0a99840b88c9bfde0110ce46a",
          "UserNumber": 592,
          "Datetime": "2019-12-25T13:42:06",
          "OrdersProducts": 1
        },
        {
          "ID": 8408,
          "OutNumber": "157725252601689298",
          "OrdersGroupID": 11451,
          "Number": null,
          "User": {
            "Gender": "女",
            "MainBgPic": null,
            "AuthenticateCode": null,
            "AuthenticateName": null,
            "AuthenticateID": 0,
            "CityNames": null,
            "Describe": null,
            "AtteCount": 0,
            "ViolationCount": 0,
            "FansCount": 0,
            "UserAtte": false,
            "GoodAlbumCount": 0,
            "Popularity": 0,
            "UseHanbi": 0,
            "Close": false,
            "Black": false,
            "NoteName": null,
            "ID": 1695126,
            "UserName": "447078055",
            "NickName": "古鲸亚目",
            "HeadUrl": "https://pic.hanfugou.com/web/2019/12/25/13/7bc37470323b410f932156fbc98a0211.cn/mmopen/vi_32/dyaiogq83eoucrrkrncfxdlxm80eoqmcctbsqmyo08c3c1hf4r7gdolozj1pvbwulhoagicmypz5kpia8ope4tzg/132"
          },
          "Activity": {
            "ThemeID": 0,
            "ThemeName": null,
            "IncomeMoney": 0.0,
            "UserCount": 0,
            "CommCount": 0,
            "Check": false,
            "CheckDatetime": "1900-01-01T00:00:00",
            "Datetime": "2019-12-25T13:42:06",
            "ID": 168,
            "Org": {
              "ID": 128,
              "ShortName": "汉服广东",
              "LongName": "广东省传统文化促进会汉服文化委员会",
              "LogoSrc": "https://pic.hanfugou.com/web/2019/12/9/20/240393273b5943029c7b45e9a7a4a230.jpeg",
              "CityNames": null,
              "Describe": null,
              "UserID": 1695126
            },
            "ActivityProducts": null,
            "Name": "楚庭长歌，继往开来——己亥年汉服年会",
            "Describe": null,
            "FaceSrc": "https://pic.hanfugou.com/web/2019/12/9/18/7c0464bb7b6847c8bc7d86c2dc07bfeb.jpeg",
            "Province": 0,
            "City": 0,
            "AddressNames": "广东,广州",
            "AddressStreet": null,
            "HeadPerson": null,
            "HeadPhone": null,
            "Position": null,
            "BeginDatetime": "2020-01-01T15:00:00",
            "EndDatetime": "2020-01-01T20:00:05",
            "Stock": 0,
            "SalesVolume": 0,
            "Price": 138.00,
            "Skus": null,
            "State": 1,
            "IsAddTime": false,
            "OpenDatetime": "0001-01-01T00:00:00",
            "CloseDatetime": "0001-01-01T00:00:00"
          },
          "SkuID": 284,
          "SkuName": "第二批报名,41桌05号",
          "Applicant": "小燕",
          "Phone": "15017369373",
          "TwoCode": "https://pic.hanfugou.com/web/2019/12/25/13/1eddb88e04c54d83bafac4f757d916d4.jpg",
          "PayAction": "weixinmini",
          "PayNumber": "4200000454201912253880441007",
          "Price": 138.00,
          "State": 2,
          "Remark": null,
          "Note": null,
          "CheckCount": 0,
          "CheckAction": null,
          "CheckDatetime": "1900-01-01T00:00:00",
          "RemindCount": 0,
          "Settlement": false,
          "FromClient": "fromclient=h5,token=fb466ea0a99840b88c9bfde0110ce46a",
          "UserNumber": 591,
          "Datetime": "2019-12-25T13:42:06",
          "OrdersProducts": 1
        },
        {
          "ID": 8407,
          "OutNumber": "157725252601689298",
          "OrdersGroupID": 11451,
          "Number": null,
          "User": {
            "Gender": "女",
            "MainBgPic": null,
            "AuthenticateCode": null,
            "AuthenticateName": null,
            "AuthenticateID": 0,
            "CityNames": null,
            "Describe": null,
            "AtteCount": 0,
            "ViolationCount": 0,
            "FansCount": 0,
            "UserAtte": false,
            "GoodAlbumCount": 0,
            "Popularity": 0,
            "UseHanbi": 0,
            "Close": false,
            "Black": false,
            "NoteName": null,
            "ID": 1695126,
            "UserName": "447078055",
            "NickName": "古鲸亚目",
            "HeadUrl": "https://pic.hanfugou.com/web/2019/12/25/13/7bc37470323b410f932156fbc98a0211.cn/mmopen/vi_32/dyaiogq83eoucrrkrncfxdlxm80eoqmcctbsqmyo08c3c1hf4r7gdolozj1pvbwulhoagicmypz5kpia8ope4tzg/132"
          },
          "Activity": {
            "ThemeID": 0,
            "ThemeName": null,
            "IncomeMoney": 0.0,
            "UserCount": 0,
            "CommCount": 0,
            "Check": false,
            "CheckDatetime": "1900-01-01T00:00:00",
            "Datetime": "2019-12-25T13:42:06",
            "ID": 168,
            "Org": {
              "ID": 128,
              "ShortName": "汉服广东",
              "LongName": "广东省传统文化促进会汉服文化委员会",
              "LogoSrc": "https://pic.hanfugou.com/web/2019/12/9/20/240393273b5943029c7b45e9a7a4a230.jpeg",
              "CityNames": null,
              "Describe": null,
              "UserID": 1695126
            },
            "ActivityProducts": null,
            "Name": "楚庭长歌，继往开来——己亥年汉服年会",
            "Describe": null,
            "FaceSrc": "https://pic.hanfugou.com/web/2019/12/9/18/7c0464bb7b6847c8bc7d86c2dc07bfeb.jpeg",
            "Province": 0,
            "City": 0,
            "AddressNames": "广东,广州",
            "AddressStreet": null,
            "HeadPerson": null,
            "HeadPhone": null,
            "Position": null,
            "BeginDatetime": "2020-01-01T15:00:00",
            "EndDatetime": "2020-01-01T20:00:05",
            "Stock": 0,
            "SalesVolume": 0,
            "Price": 138.00,
            "Skus": null,
            "State": 1,
            "IsAddTime": false,
            "OpenDatetime": "0001-01-01T00:00:00",
            "CloseDatetime": "0001-01-01T00:00:00"
          },
          "SkuID": 284,
          "SkuName": "第二批报名,41桌04号",
          "Applicant": "小七",
          "Phone": "13926126153",
          "TwoCode": "https://pic.hanfugou.com/web/2019/12/25/13/7449b6463ebe477dbdf864428ae923d0.jpg",
          "PayAction": "weixinmini",
          "PayNumber": "4200000454201912253880441007",
          "Price": 138.00,
          "State": 2,
          "Remark": null,
          "Note": null,
          "CheckCount": 0,
          "CheckAction": null,
          "CheckDatetime": "1900-01-01T00:00:00",
          "RemindCount": 0,
          "Settlement": false,
          "FromClient": "fromclient=h5,token=fb466ea0a99840b88c9bfde0110ce46a",
          "UserNumber": 590,
          "Datetime": "2019-12-25T13:42:06",
          "OrdersProducts": 1
        },
        {
          "ID": 8406,
          "OutNumber": "157725252601689298",
          "OrdersGroupID": 11451,
          "Number": null,
          "User": {
            "Gender": "女",
            "MainBgPic": null,
            "AuthenticateCode": null,
            "AuthenticateName": null,
            "AuthenticateID": 0,
            "CityNames": null,
            "Describe": null,
            "AtteCount": 0,
            "ViolationCount": 0,
            "FansCount": 0,
            "UserAtte": false,
            "GoodAlbumCount": 0,
            "Popularity": 0,
            "UseHanbi": 0,
            "Close": false,
            "Black": false,
            "NoteName": null,
            "ID": 1695126,
            "UserName": "447078055",
            "NickName": "古鲸亚目",
            "HeadUrl": "https://pic.hanfugou.com/web/2019/12/25/13/7bc37470323b410f932156fbc98a0211.cn/mmopen/vi_32/dyaiogq83eoucrrkrncfxdlxm80eoqmcctbsqmyo08c3c1hf4r7gdolozj1pvbwulhoagicmypz5kpia8ope4tzg/132"
          },
          "Activity": {
            "ThemeID": 0,
            "ThemeName": null,
            "IncomeMoney": 0.0,
            "UserCount": 0,
            "CommCount": 0,
            "Check": false,
            "CheckDatetime": "1900-01-01T00:00:00",
            "Datetime": "2019-12-25T13:42:06",
            "ID": 168,
            "Org": {
              "ID": 128,
              "ShortName": "汉服广东",
              "LongName": "广东省传统文化促进会汉服文化委员会",
              "LogoSrc": "https://pic.hanfugou.com/web/2019/12/9/20/240393273b5943029c7b45e9a7a4a230.jpeg",
              "CityNames": null,
              "Describe": null,
              "UserID": 1695126
            },
            "ActivityProducts": null,
            "Name": "楚庭长歌，继往开来——己亥年汉服年会",
            "Describe": null,
            "FaceSrc": "https://pic.hanfugou.com/web/2019/12/9/18/7c0464bb7b6847c8bc7d86c2dc07bfeb.jpeg",
            "Province": 0,
            "City": 0,
            "AddressNames": "广东,广州",
            "AddressStreet": null,
            "HeadPerson": null,
            "HeadPhone": null,
            "Position": null,
            "BeginDatetime": "2020-01-01T15:00:00",
            "EndDatetime": "2020-01-01T20:00:05",
            "Stock": 0,
            "SalesVolume": 0,
            "Price": 138.00,
            "Skus": null,
            "State": 1,
            "IsAddTime": false,
            "OpenDatetime": "0001-01-01T00:00:00",
            "CloseDatetime": "0001-01-01T00:00:00"
          },
          "SkuID": 284,
          "SkuName": "第二批报名,41桌03号",
          "Applicant": "亚目",
          "Phone": "18771056732",
          "TwoCode": "https://pic.hanfugou.com/web/2019/12/25/13/cc72ba4839814448886a6ca92c3ca59e.jpg",
          "PayAction": "weixinmini",
          "PayNumber": "4200000454201912253880441007",
          "Price": 138.00,
          "State": 2,
          "Remark": null,
          "Note": null,
          "CheckCount": 0,
          "CheckAction": null,
          "CheckDatetime": "1900-01-01T00:00:00",
          "RemindCount": 0,
          "Settlement": false,
          "FromClient": "fromclient=h5,token=fb466ea0a99840b88c9bfde0110ce46a",
          "UserNumber": 589,
          "Datetime": "2019-12-25T13:42:06",
          "OrdersProducts": 1
        },
        {
          "ID": 8405,
          "OutNumber": "157724754501689851",
          "OrdersGroupID": 11450,
          "Number": null,
          "User": {
            "Gender": "男",
            "MainBgPic": null,
            "AuthenticateCode": null,
            "AuthenticateName": null,
            "AuthenticateID": 0,
            "CityNames": null,
            "Describe": null,
            "AtteCount": 0,
            "ViolationCount": 0,
            "FansCount": 0,
            "UserAtte": false,
            "GoodAlbumCount": 0,
            "Popularity": 0,
            "UseHanbi": 0,
            "Close": false,
            "Black": false,
            "NoteName": null,
            "ID": 1694898,
            "UserName": "938281181",
            "NickName": "飞雨1",
            "HeadUrl": "https://pic.hanfugou.com/web/2019/12/25/9/7798bf4de3744f5aa951e64be55c4204.cn/mmopen/vi_32/q0j4twgtftkw8ictgycqf6j7o9ke3km4wd6z5bnb2knibicfpeeux8scm2zic6ib1lpehset44fkegu6dmjhk0omfaw/132"
          },
          "Activity": {
            "ThemeID": 0,
            "ThemeName": null,
            "IncomeMoney": 0.0,
            "UserCount": 0,
            "CommCount": 0,
            "Check": false,
            "CheckDatetime": "1900-01-01T00:00:00",
            "Datetime": "2019-12-25T12:19:05",
            "ID": 168,
            "Org": {
              "ID": 128,
              "ShortName": "汉服广东",
              "LongName": "广东省传统文化促进会汉服文化委员会",
              "LogoSrc": "https://pic.hanfugou.com/web/2019/12/9/20/240393273b5943029c7b45e9a7a4a230.jpeg",
              "CityNames": null,
              "Describe": null,
              "UserID": 1694898
            },
            "ActivityProducts": null,
            "Name": "楚庭长歌，继往开来——己亥年汉服年会",
            "Describe": null,
            "FaceSrc": "https://pic.hanfugou.com/web/2019/12/9/18/7c0464bb7b6847c8bc7d86c2dc07bfeb.jpeg",
            "Province": 0,
            "City": 0,
            "AddressNames": "广东,广州",
            "AddressStreet": null,
            "HeadPerson": null,
            "HeadPhone": null,
            "Position": null,
            "BeginDatetime": "2020-01-01T15:00:00",
            "EndDatetime": "2020-01-01T20:00:05",
            "Stock": 0,
            "SalesVolume": 0,
            "Price": 138.00,
            "Skus": null,
            "State": 1,
            "IsAddTime": false,
            "OpenDatetime": "0001-01-01T00:00:00",
            "CloseDatetime": "0001-01-01T00:00:00"
          },
          "SkuID": 284,
          "SkuName": "第二批报名,11桌06号",
          "Applicant": "飞雨",
          "Phone": "17355343141",
          "TwoCode": "https://pic.hanfugou.com/web/2019/12/25/12/881176edb99f4393a5775799259f87fa.jpg",
          "PayAction": "weixinmini",
          "PayNumber": "4200000459201912250468660097",
          "Price": 138.00,
          "State": 2,
          "Remark": null,
          "Note": null,
          "CheckCount": 0,
          "CheckAction": null,
          "CheckDatetime": "1900-01-01T00:00:00",
          "RemindCount": 0,
          "Settlement": false,
          "FromClient": "fromclient=h5,token=91f1dcd7d53346d3a270d5d4b3efe759",
          "UserNumber": 588,
          "Datetime": "2019-12-25T12:19:05",
          "OrdersProducts": 1
        },
        {
          "ID": 8404,
          "OutNumber": "157723947901688867",
          "OrdersGroupID": 11449,
          "Number": null,
          "User": {
            "Gender": "女",
            "MainBgPic": null,
            "AuthenticateCode": null,
            "AuthenticateName": null,
            "AuthenticateID": 0,
            "CityNames": null,
            "Describe": null,
            "AtteCount": 0,
            "ViolationCount": 0,
            "FansCount": 0,
            "UserAtte": false,
            "GoodAlbumCount": 0,
            "Popularity": 0,
            "UseHanbi": 0,
            "Close": false,
            "Black": false,
            "NoteName": null,
            "ID": 1694943,
            "UserName": "258745742",
            "NickName": "糖糖123456789",
            "HeadUrl": "https://pic.hanfugou.com/web/2019/12/25/10/cc3043092f0245c9a708fee34ec29d15.cn/mmopen/vi_32/ziacuqrh1ic7o3ljk6icwxrfnnbsmzk12jlqzd4ethxrnpciculukns9lgvciciaxsvd0sycfq4iaibdq77mb59leyjiagw/132"
          },
          "Activity": {
            "ThemeID": 0,
            "ThemeName": null,
            "IncomeMoney": 0.0,
            "UserCount": 0,
            "CommCount": 0,
            "Check": false,
            "CheckDatetime": "1900-01-01T00:00:00",
            "Datetime": "2019-12-25T10:04:39",
            "ID": 168,
            "Org": {
              "ID": 128,
              "ShortName": "汉服广东",
              "LongName": "广东省传统文化促进会汉服文化委员会",
              "LogoSrc": "https://pic.hanfugou.com/web/2019/12/9/20/240393273b5943029c7b45e9a7a4a230.jpeg",
              "CityNames": null,
              "Describe": null,
              "UserID": 1694943
            },
            "ActivityProducts": null,
            "Name": "楚庭长歌，继往开来——己亥年汉服年会",
            "Describe": null,
            "FaceSrc": "https://pic.hanfugou.com/web/2019/12/9/18/7c0464bb7b6847c8bc7d86c2dc07bfeb.jpeg",
            "Province": 0,
            "City": 0,
            "AddressNames": "广东,广州",
            "AddressStreet": null,
            "HeadPerson": null,
            "HeadPhone": null,
            "Position": null,
            "BeginDatetime": "2020-01-01T15:00:00",
            "EndDatetime": "2020-01-01T20:00:05",
            "Stock": 0,
            "SalesVolume": 0,
            "Price": 138.00,
            "Skus": null,
            "State": 1,
            "IsAddTime": false,
            "OpenDatetime": "0001-01-01T00:00:00",
            "CloseDatetime": "0001-01-01T00:00:00"
          },
          "SkuID": 284,
          "SkuName": "第二批报名,60桌08号",
          "Applicant": "褚冉",
          "Phone": "18620622583",
          "TwoCode": "https://pic.hanfugou.com/web/2019/12/25/10/711f0a7871994aea98e7ff3b748d7336.jpg",
          "PayAction": "weixinmini",
          "PayNumber": "4200000464201912251076650605",
          "Price": 138.00,
          "State": 2,
          "Remark": null,
          "Note": null,
          "CheckCount": 0,
          "CheckAction": null,
          "CheckDatetime": "1900-01-01T00:00:00",
          "RemindCount": 0,
          "Settlement": false,
          "FromClient": "fromclient=h5,token=950e418b2bda4668b02dbcb1ab0fce39",
          "UserNumber": 587,
          "Datetime": "2019-12-25T10:04:39",
          "OrdersProducts": 1
        },
        {
          "ID": 8403,
          "OutNumber": "157723947901688867",
          "OrdersGroupID": 11449,
          "Number": null,
          "User": {
            "Gender": "女",
            "MainBgPic": null,
            "AuthenticateCode": null,
            "AuthenticateName": null,
            "AuthenticateID": 0,
            "CityNames": null,
            "Describe": null,
            "AtteCount": 0,
            "ViolationCount": 0,
            "FansCount": 0,
            "UserAtte": false,
            "GoodAlbumCount": 0,
            "Popularity": 0,
            "UseHanbi": 0,
            "Close": false,
            "Black": false,
            "NoteName": null,
            "ID": 1694943,
            "UserName": "258745742",
            "NickName": "糖糖123456789",
            "HeadUrl": "https://pic.hanfugou.com/web/2019/12/25/10/cc3043092f0245c9a708fee34ec29d15.cn/mmopen/vi_32/ziacuqrh1ic7o3ljk6icwxrfnnbsmzk12jlqzd4ethxrnpciculukns9lgvciciaxsvd0sycfq4iaibdq77mb59leyjiagw/132"
          },
          "Activity": {
            "ThemeID": 0,
            "ThemeName": null,
            "IncomeMoney": 0.0,
            "UserCount": 0,
            "CommCount": 0,
            "Check": false,
            "CheckDatetime": "1900-01-01T00:00:00",
            "Datetime": "2019-12-25T10:04:39",
            "ID": 168,
            "Org": {
              "ID": 128,
              "ShortName": "汉服广东",
              "LongName": "广东省传统文化促进会汉服文化委员会",
              "LogoSrc": "https://pic.hanfugou.com/web/2019/12/9/20/240393273b5943029c7b45e9a7a4a230.jpeg",
              "CityNames": null,
              "Describe": null,
              "UserID": 1694943
            },
            "ActivityProducts": null,
            "Name": "楚庭长歌，继往开来——己亥年汉服年会",
            "Describe": null,
            "FaceSrc": "https://pic.hanfugou.com/web/2019/12/9/18/7c0464bb7b6847c8bc7d86c2dc07bfeb.jpeg",
            "Province": 0,
            "City": 0,
            "AddressNames": "广东,广州",
            "AddressStreet": null,
            "HeadPerson": null,
            "HeadPhone": null,
            "Position": null,
            "BeginDatetime": "2020-01-01T15:00:00",
            "EndDatetime": "2020-01-01T20:00:05",
            "Stock": 0,
            "SalesVolume": 0,
            "Price": 138.00,
            "Skus": null,
            "State": 1,
            "IsAddTime": false,
            "OpenDatetime": "0001-01-01T00:00:00",
            "CloseDatetime": "0001-01-01T00:00:00"
          },
          "SkuID": 284,
          "SkuName": "第二批报名,60桌07号",
          "Applicant": "陈良墩",
          "Phone": "18620962241",
          "TwoCode": "https://pic.hanfugou.com/web/2019/12/25/10/7e3d44e484c24103bc05d47d9d9d04be.jpg",
          "PayAction": "weixinmini",
          "PayNumber": "4200000464201912251076650605",
          "Price": 138.00,
          "State": 2,
          "Remark": null,
          "Note": null,
          "CheckCount": 0,
          "CheckAction": null,
          "CheckDatetime": "1900-01-01T00:00:00",
          "RemindCount": 0,
          "Settlement": false,
          "FromClient": "fromclient=h5,token=950e418b2bda4668b02dbcb1ab0fce39",
          "UserNumber": 586,
          "Datetime": "2019-12-25T10:04:39",
          "OrdersProducts": 1
        },
        {
          "ID": 8402,
          "OutNumber": "157723701001684758",
          "OrdersGroupID": 11448,
          "Number": null,
          "User": {
            "Gender": "女",
            "MainBgPic": null,
            "AuthenticateCode": null,
            "AuthenticateName": null,
            "AuthenticateID": 0,
            "CityNames": null,
            "Describe": null,
            "AtteCount": 0,
            "ViolationCount": 0,
            "FansCount": 0,
            "UserAtte": false,
            "GoodAlbumCount": 0,
            "Popularity": 0,
            "UseHanbi": 0,
            "Close": false,
            "Black": false,
            "NoteName": null,
            "ID": 1694901,
            "UserName": "313426078",
            "NickName": "橙子不是澄",
            "HeadUrl": "https://pic.hanfugou.com/web/2019/12/25/9/4f5b952449bf4bc781292389b5f066e9.cn/mmopen/vi_32/dyaiogq83eoibed7rnic0pxieiwdrtvzkostoazp6hewu5s0hkichzbghqgr9uqsib0otwvmwacvetciba0gvquux5w/132"
          },
          "Activity": {
            "ThemeID": 0,
            "ThemeName": null,
            "IncomeMoney": 0.0,
            "UserCount": 0,
            "CommCount": 0,
            "Check": false,
            "CheckDatetime": "1900-01-01T00:00:00",
            "Datetime": "2019-12-25T09:23:30",
            "ID": 168,
            "Org": {
              "ID": 128,
              "ShortName": "汉服广东",
              "LongName": "广东省传统文化促进会汉服文化委员会",
              "LogoSrc": "https://pic.hanfugou.com/web/2019/12/9/20/240393273b5943029c7b45e9a7a4a230.jpeg",
              "CityNames": null,
              "Describe": null,
              "UserID": 1694901
            },
            "ActivityProducts": null,
            "Name": "楚庭长歌，继往开来——己亥年汉服年会",
            "Describe": null,
            "FaceSrc": "https://pic.hanfugou.com/web/2019/12/9/18/7c0464bb7b6847c8bc7d86c2dc07bfeb.jpeg",
            "Province": 0,
            "City": 0,
            "AddressNames": "广东,广州",
            "AddressStreet": null,
            "HeadPerson": null,
            "HeadPhone": null,
            "Position": null,
            "BeginDatetime": "2020-01-01T15:00:00",
            "EndDatetime": "2020-01-01T20:00:05",
            "Stock": 0,
            "SalesVolume": 0,
            "Price": 138.00,
            "Skus": null,
            "State": 1,
            "IsAddTime": false,
            "OpenDatetime": "0001-01-01T00:00:00",
            "CloseDatetime": "0001-01-01T00:00:00"
          },
          "SkuID": 284,
          "SkuName": "第二批报名,13桌11号",
          "Applicant": "澄橙-Z00252",
          "Phone": "18324277866",
          "TwoCode": "https://pic.hanfugou.com/web/2019/12/25/9/ff0d2e1f90ef4970b4050a60e56830e7.jpg",
          "PayAction": "weixinmini",
          "PayNumber": "4200000457201912254200235394",
          "Price": 138.00,
          "State": 2,
          "Remark": null,
          "Note": null,
          "CheckCount": 0,
          "CheckAction": null,
          "CheckDatetime": "1900-01-01T00:00:00",
          "RemindCount": 0,
          "Settlement": true,
          "FromClient": "fromclient=h5,token=11769d662edf45fdb0cfcd57cb030a7b",
          "UserNumber": 585,
          "Datetime": "2019-12-25T09:23:30",
          "OrdersProducts": 1
        },
        {
          "ID": 8401,
          "OutNumber": "157720617501684211",
          "OrdersGroupID": 11447,
          "Number": null,
          "User": {
            "Gender": "男",
            "MainBgPic": null,
            "AuthenticateCode": null,
            "AuthenticateName": null,
            "AuthenticateID": 0,
            "CityNames": null,
            "Describe": null,
            "AtteCount": 0,
            "ViolationCount": 0,
            "FansCount": 0,
            "UserAtte": false,
            "GoodAlbumCount": 0,
            "Popularity": 0,
            "UseHanbi": 0,
            "Close": false,
            "Black": false,
            "NoteName": null,
            "ID": 1694777,
            "UserName": "513752158",
            "NickName": "算命大佬",
            "HeadUrl": "https://pic.hanfugou.com/android/2019/11/24/b92d1cac09ff4922a6ac78661ed1b1c3.jpg"
          },
          "Activity": {
            "ThemeID": 0,
            "ThemeName": null,
            "IncomeMoney": 0.0,
            "UserCount": 0,
            "CommCount": 0,
            "Check": false,
            "CheckDatetime": "1900-01-01T00:00:00",
            "Datetime": "2019-12-25T00:49:35",
            "ID": 168,
            "Org": {
              "ID": 128,
              "ShortName": "汉服广东",
              "LongName": "广东省传统文化促进会汉服文化委员会",
              "LogoSrc": "https://pic.hanfugou.com/web/2019/12/9/20/240393273b5943029c7b45e9a7a4a230.jpeg",
              "CityNames": null,
              "Describe": null,
              "UserID": 1694777
            },
            "ActivityProducts": null,
            "Name": "楚庭长歌，继往开来——己亥年汉服年会",
            "Describe": null,
            "FaceSrc": "https://pic.hanfugou.com/web/2019/12/9/18/7c0464bb7b6847c8bc7d86c2dc07bfeb.jpeg",
            "Province": 0,
            "City": 0,
            "AddressNames": "广东,广州",
            "AddressStreet": null,
            "HeadPerson": null,
            "HeadPhone": null,
            "Position": null,
            "BeginDatetime": "2020-01-01T15:00:00",
            "EndDatetime": "2020-01-01T20:00:05",
            "Stock": 0,
            "SalesVolume": 0,
            "Price": 138.00,
            "Skus": null,
            "State": 1,
            "IsAddTime": false,
            "OpenDatetime": "0001-01-01T00:00:00",
            "CloseDatetime": "0001-01-01T00:00:00"
          },
          "SkuID": 284,
          "SkuName": "第二批报名,44桌10号",
          "Applicant": "算命大佬",
          "Phone": "13340225125",
          "TwoCode": "https://pic.hanfugou.com/web/2019/12/25/0/929ba308032d4bc78bfa891ea84f7fdb.jpg",
          "PayAction": "alipay",
          "PayNumber": "2019122522001472031403258931",
          "Price": 138.00,
          "State": 2,
          "Remark": null,
          "Note": null,
          "CheckCount": 0,
          "CheckAction": null,
          "CheckDatetime": "1900-01-01T00:00:00",
          "RemindCount": 0,
          "Settlement": true,
          "FromClient": "fromclient=h5,token=02a70380b16847d890a93b89214e6f78",
          "UserNumber": 584,
          "Datetime": "2019-12-25T00:49:35",
          "OrdersProducts": 1
        },
        {
          "ID": 8399,
          "OutNumber": "157720438901689869",
          "OrdersGroupID": 11445,
          "Number": null,
          "User": {
            "Gender": "女",
            "MainBgPic": null,
            "AuthenticateCode": null,
            "AuthenticateName": null,
            "AuthenticateID": 0,
            "CityNames": null,
            "Describe": null,
            "AtteCount": 0,
            "ViolationCount": 0,
            "FansCount": 0,
            "UserAtte": false,
            "GoodAlbumCount": 0,
            "Popularity": 0,
            "UseHanbi": 0,
            "Close": false,
            "Black": false,
            "NoteName": null,
            "ID": 1694750,
            "UserName": "490715723",
            "NickName": "公子萧兮1",
            "HeadUrl": "https://pic.hanfugou.com/web/2019/12/25/0/0ae424447b48471494ce72129095d5a3.cn/mmopen/vi_32/bzrogkdg04ibiceimy5jxub9pcfb3nnt7xohsjmjmvvvmy3vdcaaijia6t3uibzeczcvsn2jr0zoi5jf3ywbogyoaw/132"
          },
          "Activity": {
            "ThemeID": 0,
            "ThemeName": null,
            "IncomeMoney": 0.0,
            "UserCount": 0,
            "CommCount": 0,
            "Check": false,
            "CheckDatetime": "1900-01-01T00:00:00",
            "Datetime": "2019-12-25T00:19:49",
            "ID": 168,
            "Org": {
              "ID": 128,
              "ShortName": "汉服广东",
              "LongName": "广东省传统文化促进会汉服文化委员会",
              "LogoSrc": "https://pic.hanfugou.com/web/2019/12/9/20/240393273b5943029c7b45e9a7a4a230.jpeg",
              "CityNames": null,
              "Describe": null,
              "UserID": 1694750
            },
            "ActivityProducts": null,
            "Name": "楚庭长歌，继往开来——己亥年汉服年会",
            "Describe": null,
            "FaceSrc": "https://pic.hanfugou.com/web/2019/12/9/18/7c0464bb7b6847c8bc7d86c2dc07bfeb.jpeg",
            "Province": 0,
            "City": 0,
            "AddressNames": "广东,广州",
            "AddressStreet": null,
            "HeadPerson": null,
            "HeadPhone": null,
            "Position": null,
            "BeginDatetime": "2020-01-01T15:00:00",
            "EndDatetime": "2020-01-01T20:00:05",
            "Stock": 0,
            "SalesVolume": 0,
            "Price": 138.00,
            "Skus": null,
            "State": 1,
            "IsAddTime": false,
            "OpenDatetime": "0001-01-01T00:00:00",
            "CloseDatetime": "0001-01-01T00:00:00"
          },
          "SkuID": 284,
          "SkuName": "第二批报名,44桌09号",
          "Applicant": "公子萧兮",
          "Phone": "15989224515",
          "TwoCode": "https://pic.hanfugou.com/web/2019/12/25/0/13a0516609d7432ca467ee488c021087.jpg",
          "PayAction": "weixinmini",
          "PayNumber": "4200000463201912256877678221",
          "Price": 138.00,
          "State": 2,
          "Remark": null,
          "Note": null,
          "CheckCount": 0,
          "CheckAction": null,
          "CheckDatetime": "1900-01-01T00:00:00",
          "RemindCount": 0,
          "Settlement": true,
          "FromClient": "fromclient=h5,token=8b59592ea43243529c43e3a7de9776f2",
          "UserNumber": 583,
          "Datetime": "2019-12-25T00:19:49",
          "OrdersProducts": 1
        },
        {
          "ID": 8398,
          "OutNumber": "157719829301682791",
          "OrdersGroupID": 11444,
          "Number": null,
          "User": {
            "Gender": "男",
            "MainBgPic": null,
            "AuthenticateCode": null,
            "AuthenticateName": null,
            "AuthenticateID": 0,
            "CityNames": null,
            "Describe": null,
            "AtteCount": 0,
            "ViolationCount": 0,
            "FansCount": 0,
            "UserAtte": false,
            "GoodAlbumCount": 0,
            "Popularity": 0,
            "UseHanbi": 0,
            "Close": false,
            "Black": false,
            "NoteName": null,
            "ID": 356711,
            "UserName": "126885552",
            "NickName": "归琳",
            "HeadUrl": "https://pic.hanfugou.com//android/2019/11/22/4bf003025c8141aba574e3eb0a9e8780.jpg"
          },
          "Activity": {
            "ThemeID": 0,
            "ThemeName": null,
            "IncomeMoney": 0.0,
            "UserCount": 0,
            "CommCount": 0,
            "Check": false,
            "CheckDatetime": "1900-01-01T00:00:00",
            "Datetime": "2019-12-24T22:38:13",
            "ID": 168,
            "Org": {
              "ID": 128,
              "ShortName": "汉服广东",
              "LongName": "广东省传统文化促进会汉服文化委员会",
              "LogoSrc": "https://pic.hanfugou.com/web/2019/12/9/20/240393273b5943029c7b45e9a7a4a230.jpeg",
              "CityNames": null,
              "Describe": null,
              "UserID": 356711
            },
            "ActivityProducts": null,
            "Name": "楚庭长歌，继往开来——己亥年汉服年会",
            "Describe": null,
            "FaceSrc": "https://pic.hanfugou.com/web/2019/12/9/18/7c0464bb7b6847c8bc7d86c2dc07bfeb.jpeg",
            "Province": 0,
            "City": 0,
            "AddressNames": "广东,广州",
            "AddressStreet": null,
            "HeadPerson": null,
            "HeadPhone": null,
            "Position": null,
            "BeginDatetime": "2020-01-01T15:00:00",
            "EndDatetime": "2020-01-01T20:00:05",
            "Stock": 0,
            "SalesVolume": 0,
            "Price": 138.00,
            "Skus": null,
            "State": 1,
            "IsAddTime": false,
            "OpenDatetime": "0001-01-01T00:00:00",
            "CloseDatetime": "0001-01-01T00:00:00"
          },
          "SkuID": 284,
          "SkuName": "第二批报名,43桌12号",
          "Applicant": "归琳",
          "Phone": "17817340824",
          "TwoCode": "https://pic.hanfugou.com/web/2019/12/24/22/a3e3377768ae4b42b8a26a9ed2f402c8.jpg",
          "PayAction": "alipay",
          "PayNumber": "2019122422001416551427576516",
          "Price": 138.00,
          "State": 2,
          "Remark": null,
          "Note": null,
          "CheckCount": 0,
          "CheckAction": null,
          "CheckDatetime": "1900-01-01T00:00:00",
          "RemindCount": 0,
          "Settlement": true,
          "FromClient": "fromclient=h5,token=f52234b126f84745bb2771aa8e1ea17c",
          "UserNumber": 582,
          "Datetime": "2019-12-24T22:38:13",
          "OrdersProducts": 1
        },
        {
          "ID": 8397,
          "OutNumber": "157719464301684606",
          "OrdersGroupID": 11443,
          "Number": null,
          "User": {
            "Gender": "女",
            "MainBgPic": null,
            "AuthenticateCode": null,
            "AuthenticateName": null,
            "AuthenticateID": 0,
            "CityNames": null,
            "Describe": null,
            "AtteCount": 0,
            "ViolationCount": 0,
            "FansCount": 0,
            "UserAtte": false,
            "GoodAlbumCount": 0,
            "Popularity": 0,
            "UseHanbi": 0,
            "Close": false,
            "Black": false,
            "NoteName": null,
            "ID": 1678887,
            "UserName": "750808927",
            "NickName": "安安静静的做一只大白",
            "HeadUrl": "https://pic.hanfugou.com/web/2019/12/15/13/c3bb1f59050d44e9aadd6cca80f75448.cn/mmopen/vi_32/uaz76t30ay7otrn4vsstalbs9ng7bo3mtrsmejwrinjcmatsjrl3zamwuwvkkfve0tb4w2zfuicr3m183sjuwsq/132"
          },
          "Activity": {
            "ThemeID": 0,
            "ThemeName": null,
            "IncomeMoney": 0.0,
            "UserCount": 0,
            "CommCount": 0,
            "Check": false,
            "CheckDatetime": "1900-01-01T00:00:00",
            "Datetime": "2019-12-24T21:37:23",
            "ID": 168,
            "Org": {
              "ID": 128,
              "ShortName": "汉服广东",
              "LongName": "广东省传统文化促进会汉服文化委员会",
              "LogoSrc": "https://pic.hanfugou.com/web/2019/12/9/20/240393273b5943029c7b45e9a7a4a230.jpeg",
              "CityNames": null,
              "Describe": null,
              "UserID": 1678887
            },
            "ActivityProducts": null,
            "Name": "楚庭长歌，继往开来——己亥年汉服年会",
            "Describe": null,
            "FaceSrc": "https://pic.hanfugou.com/web/2019/12/9/18/7c0464bb7b6847c8bc7d86c2dc07bfeb.jpeg",
            "Province": 0,
            "City": 0,
            "AddressNames": "广东,广州",
            "AddressStreet": null,
            "HeadPerson": null,
            "HeadPhone": null,
            "Position": null,
            "BeginDatetime": "2020-01-01T15:00:00",
            "EndDatetime": "2020-01-01T20:00:05",
            "Stock": 0,
            "SalesVolume": 0,
            "Price": 138.00,
            "Skus": null,
            "State": 1,
            "IsAddTime": false,
            "OpenDatetime": "0001-01-01T00:00:00",
            "CloseDatetime": "0001-01-01T00:00:00"
          },
          "SkuID": 284,
          "SkuName": "第二批报名,50桌02号",
          "Applicant": "佳玲",
          "Phone": "13878367595",
          "TwoCode": "https://pic.hanfugou.com/web/2019/12/24/21/3ab37d9015214fce83dd80931f94e63e.jpg",
          "PayAction": "weixinmini",
          "PayNumber": "4200000456201912249255847605",
          "Price": 138.00,
          "State": 2,
          "Remark": null,
          "Note": null,
          "CheckCount": 0,
          "CheckAction": null,
          "CheckDatetime": "1900-01-01T00:00:00",
          "RemindCount": 0,
          "Settlement": true,
          "FromClient": "fromclient=h5,token=66637c700d3d45a19d9a2642d8ec3924",
          "UserNumber": 581,
          "Datetime": "2019-12-24T21:37:23",
          "OrdersProducts": 1
        },
        {
          "ID": 8395,
          "OutNumber": "157719372501687610",
          "OrdersGroupID": 11441,
          "Number": null,
          "User": {
            "Gender": "女",
            "MainBgPic": null,
            "AuthenticateCode": null,
            "AuthenticateName": null,
            "AuthenticateID": 0,
            "CityNames": null,
            "Describe": null,
            "AtteCount": 0,
            "ViolationCount": 0,
            "FansCount": 0,
            "UserAtte": false,
            "GoodAlbumCount": 0,
            "Popularity": 0,
            "UseHanbi": 0,
            "Close": false,
            "Black": false,
            "NoteName": null,
            "ID": 1694503,
            "UserName": "567377391",
            "NickName": "Sun莎莎",
            "HeadUrl": "https://pic.hanfugou.com/web/2019/12/24/21/bdb70a072a5f4c369db972b9cbf1e88a.cn/mmopen/vi_32/ogivrpvn31iceqgbm2lhxwnu0mmrtojweglmbtizra4n62wzzstuhylyujk0vejpbykfh97xthrts6dcaukklxa/132"
          },
          "Activity": {
            "ThemeID": 0,
            "ThemeName": null,
            "IncomeMoney": 0.0,
            "UserCount": 0,
            "CommCount": 0,
            "Check": false,
            "CheckDatetime": "1900-01-01T00:00:00",
            "Datetime": "2019-12-24T21:22:05",
            "ID": 168,
            "Org": {
              "ID": 128,
              "ShortName": "汉服广东",
              "LongName": "广东省传统文化促进会汉服文化委员会",
              "LogoSrc": "https://pic.hanfugou.com/web/2019/12/9/20/240393273b5943029c7b45e9a7a4a230.jpeg",
              "CityNames": null,
              "Describe": null,
              "UserID": 1694503
            },
            "ActivityProducts": null,
            "Name": "楚庭长歌，继往开来——己亥年汉服年会",
            "Describe": null,
            "FaceSrc": "https://pic.hanfugou.com/web/2019/12/9/18/7c0464bb7b6847c8bc7d86c2dc07bfeb.jpeg",
            "Province": 0,
            "City": 0,
            "AddressNames": "广东,广州",
            "AddressStreet": null,
            "HeadPerson": null,
            "HeadPhone": null,
            "Position": null,
            "BeginDatetime": "2020-01-01T15:00:00",
            "EndDatetime": "2020-01-01T20:00:05",
            "Stock": 0,
            "SalesVolume": 0,
            "Price": 138.00,
            "Skus": null,
            "State": 1,
            "IsAddTime": false,
            "OpenDatetime": "0001-01-01T00:00:00",
            "CloseDatetime": "0001-01-01T00:00:00"
          },
          "SkuID": 284,
          "SkuName": "第二批报名,24桌11号",
          "Applicant": "陈莎莎",
          "Phone": "18818705623",
          "TwoCode": "https://pic.hanfugou.com/web/2019/12/24/21/1e41e2ad81834405915c9af5fcb537c1.jpg",
          "PayAction": "weixinmini",
          "PayNumber": "4200000466201912249826418487",
          "Price": 138.00,
          "State": 2,
          "Remark": null,
          "Note": null,
          "CheckCount": 0,
          "CheckAction": null,
          "CheckDatetime": "1900-01-01T00:00:00",
          "RemindCount": 0,
          "Settlement": true,
          "FromClient": "fromclient=h5,token=d58e78710267421ea7d1714fb762245b",
          "UserNumber": 580,
          "Datetime": "2019-12-24T21:22:05",
          "OrdersProducts": 1
        },
        {
          "ID": 8394,
          "OutNumber": "157719372501687610",
          "OrdersGroupID": 11441,
          "Number": null,
          "User": {
            "Gender": "女",
            "MainBgPic": null,
            "AuthenticateCode": null,
            "AuthenticateName": null,
            "AuthenticateID": 0,
            "CityNames": null,
            "Describe": null,
            "AtteCount": 0,
            "ViolationCount": 0,
            "FansCount": 0,
            "UserAtte": false,
            "GoodAlbumCount": 0,
            "Popularity": 0,
            "UseHanbi": 0,
            "Close": false,
            "Black": false,
            "NoteName": null,
            "ID": 1694503,
            "UserName": "567377391",
            "NickName": "Sun莎莎",
            "HeadUrl": "https://pic.hanfugou.com/web/2019/12/24/21/bdb70a072a5f4c369db972b9cbf1e88a.cn/mmopen/vi_32/ogivrpvn31iceqgbm2lhxwnu0mmrtojweglmbtizra4n62wzzstuhylyujk0vejpbykfh97xthrts6dcaukklxa/132"
          },
          "Activity": {
            "ThemeID": 0,
            "ThemeName": null,
            "IncomeMoney": 0.0,
            "UserCount": 0,
            "CommCount": 0,
            "Check": false,
            "CheckDatetime": "1900-01-01T00:00:00",
            "Datetime": "2019-12-24T21:22:05",
            "ID": 168,
            "Org": {
              "ID": 128,
              "ShortName": "汉服广东",
              "LongName": "广东省传统文化促进会汉服文化委员会",
              "LogoSrc": "https://pic.hanfugou.com/web/2019/12/9/20/240393273b5943029c7b45e9a7a4a230.jpeg",
              "CityNames": null,
              "Describe": null,
              "UserID": 1694503
            },
            "ActivityProducts": null,
            "Name": "楚庭长歌，继往开来——己亥年汉服年会",
            "Describe": null,
            "FaceSrc": "https://pic.hanfugou.com/web/2019/12/9/18/7c0464bb7b6847c8bc7d86c2dc07bfeb.jpeg",
            "Province": 0,
            "City": 0,
            "AddressNames": "广东,广州",
            "AddressStreet": null,
            "HeadPerson": null,
            "HeadPhone": null,
            "Position": null,
            "BeginDatetime": "2020-01-01T15:00:00",
            "EndDatetime": "2020-01-01T20:00:05",
            "Stock": 0,
            "SalesVolume": 0,
            "Price": 138.00,
            "Skus": null,
            "State": 1,
            "IsAddTime": false,
            "OpenDatetime": "0001-01-01T00:00:00",
            "CloseDatetime": "0001-01-01T00:00:00"
          },
          "SkuID": 284,
          "SkuName": "第二批报名,24桌10号",
          "Applicant": "陈莎莎",
          "Phone": "18818405623",
          "TwoCode": "https://pic.hanfugou.com/web/2019/12/24/21/b03a97552d354f7189af13cfaf01e4ef.jpg",
          "PayAction": "weixinmini",
          "PayNumber": "4200000466201912249826418487",
          "Price": 138.00,
          "State": 2,
          "Remark": null,
          "Note": null,
          "CheckCount": 0,
          "CheckAction": null,
          "CheckDatetime": "1900-01-01T00:00:00",
          "RemindCount": 0,
          "Settlement": true,
          "FromClient": "fromclient=h5,token=d58e78710267421ea7d1714fb762245b",
          "UserNumber": 579,
          "Datetime": "2019-12-24T21:22:05",
          "OrdersProducts": 1
        },
        {
          "ID": 8393,
          "OutNumber": "157717630301681853",
          "OrdersGroupID": 11440,
          "Number": null,
          "User": {
            "Gender": "女",
            "MainBgPic": null,
            "AuthenticateCode": null,
            "AuthenticateName": null,
            "AuthenticateID": 0,
            "CityNames": null,
            "Describe": null,
            "AtteCount": 0,
            "ViolationCount": 0,
            "FansCount": 0,
            "UserAtte": false,
            "GoodAlbumCount": 0,
            "Popularity": 0,
            "UseHanbi": 0,
            "Close": false,
            "Black": false,
            "NoteName": null,
            "ID": 627112,
            "UserName": "566515498",
            "NickName": "炫宛",
            "HeadUrl": "https://pic.hanfugou.com/web/2019/3/5/10/19330ec3a7454708a05842ffe469ce6d.jpg"
          },
          "Activity": {
            "ThemeID": 0,
            "ThemeName": null,
            "IncomeMoney": 0.0,
            "UserCount": 0,
            "CommCount": 0,
            "Check": false,
            "CheckDatetime": "1900-01-01T00:00:00",
            "Datetime": "2019-12-24T16:31:44",
            "ID": 168,
            "Org": {
              "ID": 128,
              "ShortName": "汉服广东",
              "LongName": "广东省传统文化促进会汉服文化委员会",
              "LogoSrc": "https://pic.hanfugou.com/web/2019/12/9/20/240393273b5943029c7b45e9a7a4a230.jpeg",
              "CityNames": null,
              "Describe": null,
              "UserID": 627112
            },
            "ActivityProducts": null,
            "Name": "楚庭长歌，继往开来——己亥年汉服年会",
            "Describe": null,
            "FaceSrc": "https://pic.hanfugou.com/web/2019/12/9/18/7c0464bb7b6847c8bc7d86c2dc07bfeb.jpeg",
            "Province": 0,
            "City": 0,
            "AddressNames": "广东,广州",
            "AddressStreet": null,
            "HeadPerson": null,
            "HeadPhone": null,
            "Position": null,
            "BeginDatetime": "2020-01-01T15:00:00",
            "EndDatetime": "2020-01-01T20:00:05",
            "Stock": 0,
            "SalesVolume": 0,
            "Price": 138.00,
            "Skus": null,
            "State": 1,
            "IsAddTime": false,
            "OpenDatetime": "0001-01-01T00:00:00",
            "CloseDatetime": "0001-01-01T00:00:00"
          },
          "SkuID": 284,
          "SkuName": "第二批报名,7桌12号",
          "Applicant": "桔梗",
          "Phone": "15902026612",
          "TwoCode": "https://pic.hanfugou.com/web/2019/12/24/16/32d759376c32419d8b45214c5a75348e.jpg",
          "PayAction": "weixinmini",
          "PayNumber": "4200000455201912249279686165",
          "Price": 138.00,
          "State": 2,
          "Remark": null,
          "Note": null,
          "CheckCount": 0,
          "CheckAction": null,
          "CheckDatetime": "1900-01-01T00:00:00",
          "RemindCount": 0,
          "Settlement": true,
          "FromClient": "fromclient=h5,token=780a9c1bd9da42fb9555482e734add14",
          "UserNumber": 578,
          "Datetime": "2019-12-24T16:31:44",
          "OrdersProducts": 1
        },
        {
          "ID": 8392,
          "OutNumber": "157717506201689815",
          "OrdersGroupID": 11439,
          "Number": null,
          "User": {
            "Gender": "男",
            "MainBgPic": null,
            "AuthenticateCode": null,
            "AuthenticateName": null,
            "AuthenticateID": 0,
            "CityNames": null,
            "Describe": null,
            "AtteCount": 0,
            "ViolationCount": 0,
            "FansCount": 0,
            "UserAtte": false,
            "GoodAlbumCount": 0,
            "Popularity": 0,
            "UseHanbi": 0,
            "Close": false,
            "Black": false,
            "NoteName": null,
            "ID": 1693779,
            "UserName": "693592764",
            "NickName": "追光者111",
            "HeadUrl": "https://pic.hanfugou.com/ios/2019/12/24/11/15/157715732120077.jpg"
          },
          "Activity": {
            "ThemeID": 0,
            "ThemeName": null,
            "IncomeMoney": 0.0,
            "UserCount": 0,
            "CommCount": 0,
            "Check": false,
            "CheckDatetime": "1900-01-01T00:00:00",
            "Datetime": "2019-12-24T16:11:02",
            "ID": 168,
            "Org": {
              "ID": 128,
              "ShortName": "汉服广东",
              "LongName": "广东省传统文化促进会汉服文化委员会",
              "LogoSrc": "https://pic.hanfugou.com/web/2019/12/9/20/240393273b5943029c7b45e9a7a4a230.jpeg",
              "CityNames": null,
              "Describe": null,
              "UserID": 1693779
            },
            "ActivityProducts": null,
            "Name": "楚庭长歌，继往开来——己亥年汉服年会",
            "Describe": null,
            "FaceSrc": "https://pic.hanfugou.com/web/2019/12/9/18/7c0464bb7b6847c8bc7d86c2dc07bfeb.jpeg",
            "Province": 0,
            "City": 0,
            "AddressNames": "广东,广州",
            "AddressStreet": null,
            "HeadPerson": null,
            "HeadPhone": null,
            "Position": null,
            "BeginDatetime": "2020-01-01T15:00:00",
            "EndDatetime": "2020-01-01T20:00:05",
            "Stock": 0,
            "SalesVolume": 0,
            "Price": 138.00,
            "Skus": null,
            "State": 1,
            "IsAddTime": false,
            "OpenDatetime": "0001-01-01T00:00:00",
            "CloseDatetime": "0001-01-01T00:00:00"
          },
          "SkuID": 284,
          "SkuName": "第二批报名,7桌12号",
          "Applicant": "晴天",
          "Phone": "15989114166",
          "TwoCode": "https://pic.hanfugou.com/web/2019/12/24/16/aa13e0783c19428a8415ecb3f313fd9e.jpg",
          "PayAction": "weixinmini",
          "PayNumber": "4200000456201912246821133350",
          "Price": 138.00,
          "State": 2,
          "Remark": null,
          "Note": null,
          "CheckCount": 0,
          "CheckAction": null,
          "CheckDatetime": "1900-01-01T00:00:00",
          "RemindCount": 0,
          "Settlement": true,
          "FromClient": "fromclient=h5,token=b058559dd678456f90dab67633c880fb",
          "UserNumber": 577,
          "Datetime": "2019-12-24T16:11:02",
          "OrdersProducts": 1
        }
      ] : []
    }
  }
}