{
  "Status": "10000",
  "ErrorMessage": "成功",
  "Data": {
    "policy": "eyJidWNrZXQiOiJoYW5mdWh1aS1waWMiLCJzYXZlLWtleSI6Ii9hbmRyb2lkLzIwMTgvNi8xMy9hOWQyYTRiMzhhNDQ0ZjViYmZlMzY4OTJlZDg0OTY1OC5qcGciLCJleHBpcmF0aW9uIjoxNTY0NTYxNDg4LCJjb250ZW50LWxlbmd0aCI6MzU0MjB9=",
    "save_key": "/android/2018/6/13/a9d2a4b38a444f5bbfe36892ed849658.jpg",
    "url": "https://v0.api.upyun.com/hanfuhui-pic",
    "pichost": "https://pic.hanfugou.com",
    "authorization": "UPYUN laosha:6LWyqG5aWprD0xZBPyDU18mTxdU="
  },
  "ServerTime": 1576853971,
  "Remark": {}
}