{
  "Status": "10000",
  "ErrorMessage": "成功",
  "Data": function({
    _req
  }) {
    return _req.query.userid == '985319' ? [] : [{
      "Content": "工具：一支簪子\n可备可不备：发圈,u形夹\n\n哈哈哈，我来啦",
      "Images": [{
        "ImgSrc": "https://pic.hanfugou.com/android/2019/11/15/585bbaa46f394affb62556b79105e761.jpg",
        "Width": 0,
        "Height": 0,
        "Size": 0
      }],
      "ObjectID": 45548,
      "ObjectType": "video",
      "ImageSrcs": ["https://pic.hanfugou.com/android/2019/11/15/585bbaa46f394affb62556b79105e761.jpg"],
      "ObjectData": "{\"height\":608,\"width\":1088,\"whenlong\":90,\"videourl\":\"/video/android/2019/11/15/965201cff32c4f668436f8eeecfd8e7a.mp4\",\"title\":\"无发包发型教程【一支簪子的故事】\"}",
      "Datetime": "2019-12-15T12:41:33",
      "HotSort": 1577247186,
      "Object": null,
      "TrendShops": null,
      "ID": 2965942,
      "User": {
        "Gender": "女",
        "MainBgPic": null,
        "AuthenticateCode": null,
        "AuthenticateName": null,
        "AuthenticateID": 0,
        "CityNames": null,
        "Describe": "汉服发型教程Q:2381542941",
        "AtteCount": 4,
        "ViolationCount": 0,
        "FansCount": 4329,
        "UserAtte": false,
        "GoodAlbumCount": 0,
        "Popularity": 0,
        "UseHanbi": 0,
        "Close": false,
        "Black": false,
        "NoteName": null,
        "ID": 424381,
        "UserName": "153700466",
        "NickName": "犴大人",
        "HeadUrl": "https://pic.hanfugou.com/android/2019/1/28/3a370cd300c742dfbb8b92d96627aadd.jpg"
      },
      "TopCount": 150,
      "CommCount": 16,
      "SaveCount": 40,
      "UserTop": false,
      "UserSave": false,
      "Hot": false,
      "Huiba": {
        "ID": 6921,
        "Name": "发型妆容",
        "PublicShow": false
      },
      "Huibas": [{
        "ID": 6921,
        "Name": "发型妆容",
        "PublicShow": false
      }]
    }, {
      "Content": "不用发圈，居然用簪顺手就挽成了一个发型，我要夸夸我自己爱了",
      "Images": [{
        "ImgSrc": "https://pic.hanfugou.com/android/2019/11/7/9e4aa86878f046bdaaf406066816b71a.jpg",
        "Width": 1920,
        "Height": 1080,
        "Size": 1177102
      }, {
        "ImgSrc": "https://pic.hanfugou.com/android/2019/11/7/89411fa6bbe94ad3b65ccf162b59a82f.jpg",
        "Width": 1920,
        "Height": 1080,
        "Size": 1198193
      }, {
        "ImgSrc": "https://pic.hanfugou.com/android/2019/11/7/ea157421d1444a19909b7e63069a4761.jpg",
        "Width": 1920,
        "Height": 1080,
        "Size": 1196303
      }, {
        "ImgSrc": "https://pic.hanfugou.com/android/2019/11/7/9cd4ec55cda144c4949dc00af0b9b10e.jpg",
        "Width": 1920,
        "Height": 1080,
        "Size": 1192930
      }, {
        "ImgSrc": "https://pic.hanfugou.com/android/2019/11/7/4e6815f4b27e4be6a51fdd79d1149662.jpg",
        "Width": 1920,
        "Height": 1080,
        "Size": 1143049
      }, {
        "ImgSrc": "https://pic.hanfugou.com/android/2019/11/7/59daefc3b3234341a77a4555ffc8b57d.jpg",
        "Width": 1920,
        "Height": 1080,
        "Size": 1009857
      }, {
        "ImgSrc": "https://pic.hanfugou.com/android/2019/11/7/a2d7f68cbafe484fb8f88958e01cc55a.jpg",
        "Width": 1079,
        "Height": 809,
        "Size": 530570
      }],
      "ObjectID": 2946702,
      "ObjectType": "trend",
      "ImageSrcs": ["https://pic.hanfugou.com/android/2019/11/7/9e4aa86878f046bdaaf406066816b71a.jpg", "https://pic.hanfugou.com/android/2019/11/7/89411fa6bbe94ad3b65ccf162b59a82f.jpg", "https://pic.hanfugou.com/android/2019/11/7/ea157421d1444a19909b7e63069a4761.jpg", "https://pic.hanfugou.com/android/2019/11/7/9cd4ec55cda144c4949dc00af0b9b10e.jpg", "https://pic.hanfugou.com/android/2019/11/7/4e6815f4b27e4be6a51fdd79d1149662.jpg", "https://pic.hanfugou.com/android/2019/11/7/59daefc3b3234341a77a4555ffc8b57d.jpg", "https://pic.hanfugou.com/android/2019/11/7/a2d7f68cbafe484fb8f88958e01cc55a.jpg"],
      "ObjectData": null,
      "Datetime": "2019-12-07T18:38:33",
      "HotSort": 1577180391,
      "Object": null,
      "TrendShops": null,
      "ID": 2946702,
      "User": {
        "Gender": "女",
        "MainBgPic": null,
        "AuthenticateCode": null,
        "AuthenticateName": null,
        "AuthenticateID": 0,
        "CityNames": null,
        "Describe": "汉服发型教程Q:2381542941",
        "AtteCount": 4,
        "ViolationCount": 0,
        "FansCount": 4329,
        "UserAtte": false,
        "GoodAlbumCount": 0,
        "Popularity": 0,
        "UseHanbi": 0,
        "Close": false,
        "Black": false,
        "NoteName": null,
        "ID": 424381,
        "UserName": "153700466",
        "NickName": "犴大人",
        "HeadUrl": "https://pic.hanfugou.com/android/2019/1/28/3a370cd300c742dfbb8b92d96627aadd.jpg"
      },
      "TopCount": 133,
      "CommCount": 24,
      "SaveCount": 6,
      "UserTop": false,
      "UserSave": false,
      "Hot": false,
      "Huiba": {
        "ID": 6921,
        "Name": "发型妆容",
        "PublicShow": false
      },
      "Huibas": [{
        "ID": 6921,
        "Name": "发型妆容",
        "PublicShow": false
      }]
    }, {
      "Content": "啊，我变懒了",
      "Images": [{
        "ImgSrc": "https://pic.hanfugou.com/android/2019/9/26/74d24ee12d86436aae9d68206db23197.jpg",
        "Width": 0,
        "Height": 0,
        "Size": 0
      }],
      "ObjectID": 41295,
      "ObjectType": "video",
      "ImageSrcs": ["https://pic.hanfugou.com/android/2019/9/26/74d24ee12d86436aae9d68206db23197.jpg"],
      "ObjectData": "{\"height\":544,\"width\":960,\"whenlong\":153,\"videourl\":\"/video/android/2019/9/26/18cf0722659b4c64aa7bf784c9eac679.mp4\",\"title\":\"无发包汉服发型教程\"}",
      "Datetime": "2019-10-26T15:03:00",
      "HotSort": 1577183480,
      "Object": null,
      "TrendShops": null,
      "ID": 2837204,
      "User": {
        "Gender": "女",
        "MainBgPic": null,
        "AuthenticateCode": null,
        "AuthenticateName": null,
        "AuthenticateID": 0,
        "CityNames": null,
        "Describe": "汉服发型教程Q:2381542941",
        "AtteCount": 4,
        "ViolationCount": 0,
        "FansCount": 4329,
        "UserAtte": false,
        "GoodAlbumCount": 0,
        "Popularity": 0,
        "UseHanbi": 0,
        "Close": false,
        "Black": false,
        "NoteName": null,
        "ID": 424381,
        "UserName": "153700466",
        "NickName": "犴大人",
        "HeadUrl": "https://pic.hanfugou.com/android/2019/1/28/3a370cd300c742dfbb8b92d96627aadd.jpg"
      },
      "TopCount": 274,
      "CommCount": 32,
      "SaveCount": 83,
      "UserTop": false,
      "UserSave": false,
      "Hot": false,
      "Huiba": {
        "ID": 6524,
        "Name": "发型妆容",
        "PublicShow": false
      },
      "Huibas": [{
        "ID": 6524,
        "Name": "发型妆容",
        "PublicShow": false
      }]
    }, {
      "Content": "生而为华，我很骄傲❤❤❤#国庆节快乐",
      "Images": [{
        "ImgSrc": "https://pic.hanfugou.com/android/2019/9/1/455ec366b1b34348bafa2df3fbdc3c48.jpg",
        "Width": 658,
        "Height": 439,
        "Size": 8050
      }],
      "ObjectID": 2758454,
      "ObjectType": "trend",
      "ImageSrcs": ["https://pic.hanfugou.com/android/2019/9/1/455ec366b1b34348bafa2df3fbdc3c48.jpg"],
      "ObjectData": null,
      "Datetime": "2019-10-01T14:19:42",
      "HotSort": 1576055851,
      "Object": null,
      "TrendShops": null,
      "ID": 2758454,
      "User": {
        "Gender": "女",
        "MainBgPic": null,
        "AuthenticateCode": null,
        "AuthenticateName": null,
        "AuthenticateID": 0,
        "CityNames": null,
        "Describe": "汉服发型教程Q:2381542941",
        "AtteCount": 4,
        "ViolationCount": 0,
        "FansCount": 4329,
        "UserAtte": false,
        "GoodAlbumCount": 0,
        "Popularity": 0,
        "UseHanbi": 0,
        "Close": false,
        "Black": false,
        "NoteName": null,
        "ID": 424381,
        "UserName": "153700466",
        "NickName": "犴大人",
        "HeadUrl": "https://pic.hanfugou.com/android/2019/1/28/3a370cd300c742dfbb8b92d96627aadd.jpg"
      },
      "TopCount": 74,
      "CommCount": 0,
      "SaveCount": 0,
      "UserTop": false,
      "UserSave": false,
      "Hot": false,
      "Huiba": {
        "ID": 282,
        "Name": "汉服日常",
        "PublicShow": false
      },
      "Huibas": [{
        "ID": 282,
        "Name": "汉服日常",
        "PublicShow": false
      }]
    }, {
      "Content": "发型剪辑中~",
      "Images": [{
        "ImgSrc": "https://pic.hanfugou.com/android/2019/9/1/61a9c208886141c188a38ed5d07a9ba8.jpg",
        "Width": 1080,
        "Height": 607,
        "Size": 260167
      }, {
        "ImgSrc": "https://pic.hanfugou.com/android/2019/9/1/e2a969c28a30482fa83a7e45dd9ea65f.jpg",
        "Width": 720,
        "Height": 1080,
        "Size": 403252
      }, {
        "ImgSrc": "https://pic.hanfugou.com/android/2019/9/1/0bc4b68a5057439abeb9bbbe842bc4bf.jpg",
        "Width": 1080,
        "Height": 2340,
        "Size": 582878
      }],
      "ObjectID": 2756849,
      "ObjectType": "trend",
      "ImageSrcs": ["https://pic.hanfugou.com/android/2019/9/1/61a9c208886141c188a38ed5d07a9ba8.jpg", "https://pic.hanfugou.com/android/2019/9/1/e2a969c28a30482fa83a7e45dd9ea65f.jpg", "https://pic.hanfugou.com/android/2019/9/1/0bc4b68a5057439abeb9bbbe842bc4bf.jpg"],
      "ObjectData": null,
      "Datetime": "2019-10-01T08:20:43",
      "HotSort": 1571311472,
      "Object": null,
      "TrendShops": null,
      "ID": 2756849,
      "User": {
        "Gender": "女",
        "MainBgPic": null,
        "AuthenticateCode": null,
        "AuthenticateName": null,
        "AuthenticateID": 0,
        "CityNames": null,
        "Describe": "汉服发型教程Q:2381542941",
        "AtteCount": 4,
        "ViolationCount": 0,
        "FansCount": 4329,
        "UserAtte": false,
        "GoodAlbumCount": 0,
        "Popularity": 0,
        "UseHanbi": 0,
        "Close": false,
        "Black": false,
        "NoteName": null,
        "ID": 424381,
        "UserName": "153700466",
        "NickName": "犴大人",
        "HeadUrl": "https://pic.hanfugou.com/android/2019/1/28/3a370cd300c742dfbb8b92d96627aadd.jpg"
      },
      "TopCount": 87,
      "CommCount": 16,
      "SaveCount": 1,
      "UserTop": false,
      "UserSave": false,
      "Hot": false,
      "Huiba": {
        "ID": 282,
        "Name": "发型妆容",
        "PublicShow": false
      },
      "Huibas": [{
        "ID": 282,
        "Name": "发型妆容",
        "PublicShow": false
      }]
    }, {
      "Content": "哈哈哈，偶然上到这课，虽然老师讲错了些但还是很开心",
      "Images": [{
        "ImgSrc": "https://pic.hanfugou.com/android/2019/8/16/6eb299b4d8c44c9097107c6ee3dc29cd.jpg",
        "Width": 3456,
        "Height": 4608,
        "Size": 3095945
      }, {
        "ImgSrc": "https://pic.hanfugou.com/android/2019/8/16/630238fce45249cba45aa376d0639b09.jpg",
        "Width": 3456,
        "Height": 4608,
        "Size": 2588350
      }, {
        "ImgSrc": "https://pic.hanfugou.com/android/2019/8/16/3a32a316f0d841a18ac3534e379e1fad.jpg",
        "Width": 3456,
        "Height": 4608,
        "Size": 2529698
      }],
      "ObjectID": 2713471,
      "ObjectType": "trend",
      "ImageSrcs": ["https://pic.hanfugou.com/android/2019/8/16/6eb299b4d8c44c9097107c6ee3dc29cd.jpg", "https://pic.hanfugou.com/android/2019/8/16/630238fce45249cba45aa376d0639b09.jpg", "https://pic.hanfugou.com/android/2019/8/16/3a32a316f0d841a18ac3534e379e1fad.jpg"],
      "ObjectData": null,
      "Datetime": "2019-09-16T16:54:52",
      "HotSort": 1576925538,
      "Object": null,
      "TrendShops": null,
      "ID": 2713471,
      "User": {
        "Gender": "女",
        "MainBgPic": null,
        "AuthenticateCode": null,
        "AuthenticateName": null,
        "AuthenticateID": 0,
        "CityNames": null,
        "Describe": "汉服发型教程Q:2381542941",
        "AtteCount": 4,
        "ViolationCount": 0,
        "FansCount": 4329,
        "UserAtte": false,
        "GoodAlbumCount": 0,
        "Popularity": 0,
        "UseHanbi": 0,
        "Close": false,
        "Black": false,
        "NoteName": null,
        "ID": 424381,
        "UserName": "153700466",
        "NickName": "犴大人",
        "HeadUrl": "https://pic.hanfugou.com/android/2019/1/28/3a370cd300c742dfbb8b92d96627aadd.jpg"
      },
      "TopCount": 292,
      "CommCount": 30,
      "SaveCount": 5,
      "UserTop": false,
      "UserSave": false,
      "Hot": false,
      "Huiba": {
        "ID": 282,
        "Name": "汉服日常",
        "PublicShow": false
      },
      "Huibas": [{
        "ID": 282,
        "Name": "汉服日常",
        "PublicShow": false
      }]
    }, {
      "Content": "快乐",
      "Images": [{
        "ImgSrc": "https://pic.hanfugou.com/android/2019/7/29/d87e60e0aaea4131b0993250c42e7871.jpg",
        "Width": 1500,
        "Height": 6642,
        "Size": 5360202
      }],
      "ObjectID": 2652710,
      "ObjectType": "trend",
      "ImageSrcs": ["https://pic.hanfugou.com/android/2019/7/29/d87e60e0aaea4131b0993250c42e7871.jpg"],
      "ObjectData": null,
      "Datetime": "2019-08-29T18:15:05",
      "HotSort": 1570806739,
      "Object": null,
      "TrendShops": null,
      "ID": 2652710,
      "User": {
        "Gender": "女",
        "MainBgPic": null,
        "AuthenticateCode": null,
        "AuthenticateName": null,
        "AuthenticateID": 0,
        "CityNames": null,
        "Describe": "汉服发型教程Q:2381542941",
        "AtteCount": 4,
        "ViolationCount": 0,
        "FansCount": 4329,
        "UserAtte": false,
        "GoodAlbumCount": 0,
        "Popularity": 0,
        "UseHanbi": 0,
        "Close": false,
        "Black": false,
        "NoteName": null,
        "ID": 424381,
        "UserName": "153700466",
        "NickName": "犴大人",
        "HeadUrl": "https://pic.hanfugou.com/android/2019/1/28/3a370cd300c742dfbb8b92d96627aadd.jpg"
      },
      "TopCount": 76,
      "CommCount": 9,
      "SaveCount": 0,
      "UserTop": false,
      "UserSave": false,
      "Hot": false,
      "Huiba": {
        "ID": 282,
        "Name": "汉服日常",
        "PublicShow": false
      },
      "Huibas": [{
        "ID": 282,
        "Name": "汉服日常",
        "PublicShow": false
      }]
    }, {
      "Content": "文案：\n1●听说月宫的兔子失踪了，嫦娥仙子已寻了很多月，未果……\n这段时间嫦娥仙子因着担心从未入世的兔子的安危几乎愁得许久未曾展颜过，天上爱慕嫦娥仙子的神仙想破了头脑将各种兔子纷纷朝月宫送去都未能让嫦娥仙子一笑，为此还惹得嫦娥仙子一度闭门谢客，除了每日去月宫伐木的吴刚无一人再进去过月宫，一时原本就冷清的月宫就更加冷清了。\n天上神仙的日子也是照常的一日一日的过着。\n偶得一日，二郎神的哮天犬因吃的太撑了摇摇晃晃的在南天门附近散步时竟然看天那只失踪已久的兔子哭哭咧咧的向月宫跑去，也不知是受了什么委屈让它原本雪白的毛都暗淡了不少。\n要问为什么哮天犬一眼就认出来了，当然是因为当年与这只兔子一同入的天，虽然现在很少有交情，但熟悉感还是有的。\n哮天犬咋舌，暗想天上本来没成型原生态的宠物就不多，其中这月宫的兔子是个大笨货，学了八百年的化身术都没学成，还一时成了天上的笑柄。\n但她却也是个心态好的一点都没有难过的神情，每天也依旧开开心心的，太上老君的坐骑还在暗自里不知道是笑了兔子多久。\n本来是按照天上的规矩未修成仙身的是要被逐下天庭的，因着兔子她生性活泼被嫦娥仙子给要了去直接的成了正规仙宠。",
      "Images": [{
        "ImgSrc": "https://pic.hanfugou.com/android/2019/7/23/fe9f534c67ef432b867c2c1cc9b7db79.jpg",
        "Width": 1519,
        "Height": 965,
        "Size": 672444
      }, {
        "ImgSrc": "https://pic.hanfugou.com/android/2019/7/23/ae32beaa99ba4608a3c5a3514945edd5.jpg",
        "Width": 1920,
        "Height": 1080,
        "Size": 484602
      }],
      "ObjectID": 2626514,
      "ObjectType": "trend",
      "ImageSrcs": ["https://pic.hanfugou.com/android/2019/7/23/fe9f534c67ef432b867c2c1cc9b7db79.jpg", "https://pic.hanfugou.com/android/2019/7/23/ae32beaa99ba4608a3c5a3514945edd5.jpg"],
      "ObjectData": null,
      "Datetime": "2019-08-23T19:10:49",
      "HotSort": 1576250814,
      "Object": null,
      "TrendShops": null,
      "ID": 2626514,
      "User": {
        "Gender": "女",
        "MainBgPic": null,
        "AuthenticateCode": null,
        "AuthenticateName": null,
        "AuthenticateID": 0,
        "CityNames": null,
        "Describe": "汉服发型教程Q:2381542941",
        "AtteCount": 4,
        "ViolationCount": 0,
        "FansCount": 4329,
        "UserAtte": false,
        "GoodAlbumCount": 0,
        "Popularity": 0,
        "UseHanbi": 0,
        "Close": false,
        "Black": false,
        "NoteName": null,
        "ID": 424381,
        "UserName": "153700466",
        "NickName": "犴大人",
        "HeadUrl": "https://pic.hanfugou.com/android/2019/1/28/3a370cd300c742dfbb8b92d96627aadd.jpg"
      },
      "TopCount": 99,
      "CommCount": 5,
      "SaveCount": 5,
      "UserTop": false,
      "UserSave": false,
      "Hot": false,
      "Huiba": {
        "ID": 6921,
        "Name": "发型妆容",
        "PublicShow": false
      },
      "Huibas": [{
        "ID": 6921,
        "Name": "发型妆容",
        "PublicShow": false
      }]
    }, {
      "Content": "失踪的玉兔子，是干嘛去了呢，你知道吗？",
      "Images": [{
        "ImgSrc": "https://pic.hanfugou.com/android/2019/7/23/153f731fe68246d9acd81b5f27610162.jpg",
        "Width": 0,
        "Height": 0,
        "Size": 0
      }],
      "ObjectID": 35470,
      "ObjectType": "video",
      "ImageSrcs": ["https://pic.hanfugou.com/android/2019/7/23/153f731fe68246d9acd81b5f27610162.jpg"],
      "ObjectData": "{\"height\":544,\"width\":960,\"whenlong\":112,\"videourl\":\"/video/android/2019/7/23/dbea8966684b4523b1e3b9622f281cd9.mp4\",\"title\":\"无发包发型教程(超可爱哇)\"}",
      "Datetime": "2019-08-23T18:48:49",
      "HotSort": 1575475135,
      "Object": null,
      "TrendShops": null,
      "ID": 2626425,
      "User": {
        "Gender": "女",
        "MainBgPic": null,
        "AuthenticateCode": null,
        "AuthenticateName": null,
        "AuthenticateID": 0,
        "CityNames": null,
        "Describe": "汉服发型教程Q:2381542941",
        "AtteCount": 4,
        "ViolationCount": 0,
        "FansCount": 4329,
        "UserAtte": false,
        "GoodAlbumCount": 0,
        "Popularity": 0,
        "UseHanbi": 0,
        "Close": false,
        "Black": false,
        "NoteName": null,
        "ID": 424381,
        "UserName": "153700466",
        "NickName": "犴大人",
        "HeadUrl": "https://pic.hanfugou.com/android/2019/1/28/3a370cd300c742dfbb8b92d96627aadd.jpg"
      },
      "TopCount": 263,
      "CommCount": 25,
      "SaveCount": 88,
      "UserTop": false,
      "UserSave": false,
      "Hot": false,
      "Huiba": {
        "ID": 6921,
        "Name": "发型妆容",
        "PublicShow": false
      },
      "Huibas": [{
        "ID": 6921,
        "Name": "发型妆容",
        "PublicShow": false
      }]
    }, {
      "Content": "记得第一次看见他\n\n翠幽幽的竹林中，他一袭青衣墨发，手执古琴，坐在竹林中静静弹着，时而睁睛轻笑，时而忘我聆听，端的一副恣意风流之意。\n\n日复一日年复一年，她就这样偷偷的在他身后静静的听着，看着。\n \n到了后来她才知晓，她应是喜欢上这人了，不过她只是一只妖，自古人妖不可恋，她又怎能多想呢。\n\n“世上怎的有这样的男人，恣意风流，温婉如玉……”若是也能得他之意该有多好啊！\n\n   可一日复一日的心念一动又怎能够自止，为了能够和他相遇，她不惜违背人妖不可见的规则，化成人身去见他。\n\n    那天她和每日一样他来到竹林中，一身青裳的他静静站立片刻，眼中带着对命运的不公的痛意，闭上一双清明的眼睛，将背上的琴放下，席地而坐，琴声幽幽传来。\n\n“罢了，罢了，求不得！”\n\n    她化为人身站在他身后带着一脸的欣喜看着他的背影，踷躇的想要向前与他结识，可又怕惊扰到他，不肯再向前一步。\n\n   一曲罢，回头便看见身后青竹色襦裙的她。\n\n他轻报一笑，这一笑与她已是万年，差点看智了她，待他收好东西转身要离开。\n\n“公子…”她见他欲走焦急的的唤着。\n\n他回首疑惑的看着她，她手紧紧的绞着青竹色襦裙，脸上早已红霞布",
      "Images": [{
        "ImgSrc": "https://pic.hanfugou.com/android/2019/7/22/0aab0e55aa194819852f4abfab2ec068.jpg",
        "Width": 1920,
        "Height": 1280,
        "Size": 362976
      }, {
        "ImgSrc": "https://pic.hanfugou.com/android/2019/7/22/b565382c0cc3443bbaee03ea524dbb0a.jpg",
        "Width": 720,
        "Height": 720,
        "Size": 42519
      }],
      "ObjectID": 625812,
      "ObjectType": "topicreply",
      "ImageSrcs": ["https://pic.hanfugou.com/android/2019/7/22/0aab0e55aa194819852f4abfab2ec068.jpg", "https://pic.hanfugou.com/android/2019/7/22/b565382c0cc3443bbaee03ea524dbb0a.jpg"],
      "ObjectData": "{\"topicid\":146235,\"name\":\"世间万物，都有一个自己的故事—《汉服小剧本征集》活动\"}",
      "Datetime": "2019-08-22T14:26:23",
      "HotSort": 1571464461,
      "Object": null,
      "TrendShops": null,
      "ID": 2621008,
      "User": {
        "Gender": "女",
        "MainBgPic": null,
        "AuthenticateCode": null,
        "AuthenticateName": null,
        "AuthenticateID": 0,
        "CityNames": null,
        "Describe": "汉服发型教程Q:2381542941",
        "AtteCount": 4,
        "ViolationCount": 0,
        "FansCount": 4329,
        "UserAtte": false,
        "GoodAlbumCount": 0,
        "Popularity": 0,
        "UseHanbi": 0,
        "Close": false,
        "Black": false,
        "NoteName": null,
        "ID": 424381,
        "UserName": "153700466",
        "NickName": "犴大人",
        "HeadUrl": "https://pic.hanfugou.com/android/2019/1/28/3a370cd300c742dfbb8b92d96627aadd.jpg"
      },
      "TopCount": 77,
      "CommCount": 8,
      "SaveCount": 3,
      "UserTop": false,
      "UserSave": false,
      "Hot": false,
      "Huiba": null,
      "Huibas": null
    }]

  },
  "ServerTime": 1576847862,
  "Remark": {}
}