{
  "Status": "10000",
  "ErrorMessage": "成功",
  "Data": [{
    "Content": "祝眉目舒展 顺问冬安",
    "Images": [{
      "ImgSrc": "https://pic.hanfugou.com/ios/2019/11/16/22/19/157391399531233.jpg",
      "Width": 828,
      "Height": 828,
      "Size": 141853
    }, {
      "ImgSrc": "https://pic.hanfugou.com/ios/2019/11/16/22/19/157391399535727.jpg",
      "Width": 828,
      "Height": 828,
      "Size": 195485
    }, {
      "ImgSrc": "https://pic.hanfugou.com/ios/2019/11/16/22/19/157391399538262.jpg",
      "Width": 828,
      "Height": 828,
      "Size": 231133
    }, {
      "ImgSrc": "https://pic.hanfugou.com/ios/2019/11/16/22/19/157391399540227.jpg",
      "Width": 828,
      "Height": 1104,
      "Size": 252833
    }, {
      "ImgSrc": "https://pic.hanfugou.com/ios/2019/11/16/22/19/157391399542622.jpg",
      "Width": 828,
      "Height": 828,
      "Size": 128393
    }, {
      "ImgSrc": "https://pic.hanfugou.com/ios/2019/11/16/22/19/157391399543946.jpg",
      "Width": 828,
      "Height": 662,
      "Size": 124565
    }],
    "ObjectID": 2896242,
    "ObjectType": "trend",
    "ImageSrcs": ["https://pic.hanfugou.com/ios/2019/11/16/22/19/157391399531233.jpg", "https://pic.hanfugou.com/ios/2019/11/16/22/19/157391399535727.jpg", "https://pic.hanfugou.com/ios/2019/11/16/22/19/157391399538262.jpg", "https://pic.hanfugou.com/ios/2019/11/16/22/19/157391399540227.jpg", "https://pic.hanfugou.com/ios/2019/11/16/22/19/157391399542622.jpg", "https://pic.hanfugou.com/ios/2019/11/16/22/19/157391399543946.jpg"],
    "ObjectData": null,
    "Datetime": "2019-11-16T22:20:13",
    "HotSort": 1576907092,
    "Object": null,
    "TrendShops": null,
    "ID": 2896242,
    "User": {
      "Gender": "女",
      "MainBgPic": null,
      "AuthenticateCode": null,
      "AuthenticateName": null,
      "AuthenticateID": 0,
      "CityNames": null,
      "Describe": "浮世三千，吾爱有三。日、月与卿。日为朝，月为暮，卿为朝朝暮暮。",
      "AtteCount": 18,
      "ViolationCount": 0,
      "FansCount": 2940,
      "UserAtte": false,
      "GoodAlbumCount": 0,
      "Popularity": 0,
      "UseHanbi": 0,
      "Close": false,
      "Black": false,
      "NoteName": null,
      "ID": 153127,
      "UserName": "863129290",
      "NickName": "陈氏°",
      "HeadUrl": "https://pic.hanfugou.com/ios/2019/6/29/0/18/156173873482077.jpg"
    },
    "TopCount": 114,
    "CommCount": 8,
    "SaveCount": 2,
    "UserTop": true,
    "UserSave": false,
    "Hot": false,
    "Huiba": {
      "ID": 282,
      "Name": "汉服日常",
      "PublicShow": false
    },
    "Huibas": [{
      "ID": 282,
      "Name": "汉服日常",
      "PublicShow": false
    }]
  }, {
    "Content": "免单  免单  免单啦\n\n店铺名：上清引原创汉服\n超级柔软斗篷：活动价199（木盒发货呦）\n第一团500人 送同款颜色手抄 成团后抽20名小可爱免单 冲鸭\n跪求大家安利  跪求大家安利",
    "Images": [{
      "ImgSrc": "https://pic.hanfugou.com/android/2019/11/9/5f77200a4aa94af093d5801d9011f0f6.jpg",
      "Width": 4480,
      "Height": 6720,
      "Size": 6394707
    }, {
      "ImgSrc": "https://pic.hanfugou.com/android/2019/11/9/4ef7134181cb4741b0a6fda80ff53fc7.jpg",
      "Width": 4480,
      "Height": 6720,
      "Size": 7725379
    }, {
      "ImgSrc": "https://pic.hanfugou.com/android/2019/11/9/082b1f908a0d4f2e8ec1fccf4582dace.jpg",
      "Width": 4480,
      "Height": 6720,
      "Size": 8628416
    }, {
      "ImgSrc": "https://pic.hanfugou.com/android/2019/11/9/191f51d056454b2097638f22c3edfce1.jpg",
      "Width": 4480,
      "Height": 6720,
      "Size": 6145353
    }],
    "ObjectID": 2952240,
    "ObjectType": "trend",
    "ImageSrcs": ["https://pic.hanfugou.com/android/2019/11/9/5f77200a4aa94af093d5801d9011f0f6.jpg", "https://pic.hanfugou.com/android/2019/11/9/4ef7134181cb4741b0a6fda80ff53fc7.jpg", "https://pic.hanfugou.com/android/2019/11/9/082b1f908a0d4f2e8ec1fccf4582dace.jpg", "https://pic.hanfugou.com/android/2019/11/9/191f51d056454b2097638f22c3edfce1.jpg"],
    "ObjectData": null,
    "Datetime": "2019-12-09T20:14:26",
    "HotSort": 1577006428,
    "Object": null,
    "TrendShops": null,
    "ID": 2952240,
    "User": {
      "Gender": "女",
      "MainBgPic": null,
      "AuthenticateCode": null,
      "AuthenticateName": null,
      "AuthenticateID": 0,
      "CityNames": null,
      "Describe": "传承  我们在路上",
      "AtteCount": 11,
      "ViolationCount": 0,
      "FansCount": 63,
      "UserAtte": false,
      "GoodAlbumCount": 0,
      "Popularity": 0,
      "UseHanbi": 0,
      "Close": false,
      "Black": false,
      "NoteName": null,
      "ID": 1518133,
      "UserName": "593712079",
      "NickName": "上清引原创汉服",
      "HeadUrl": "https://pic.hanfugou.com//android/2019/11/5/6ce79456e4a7461ea58919e8911bd79c.jpg"
    },
    "TopCount": 63,
    "CommCount": 9,
    "SaveCount": 3,
    "UserTop": false,
    "UserSave": false,
    "Hot": false,
    "Huiba": {
      "ID": 6899,
      "Name": "汉服安利",
      "PublicShow": false
    },
    "Huibas": [{
      "ID": 6899,
      "Name": "汉服安利",
      "PublicShow": false
    }]
  }, {
    "Content": "容我爆粗：好几把丑，什么鬼玩意儿！",
    "Images": [{
      "ImgSrc": "https://pic.hanfugou.com/android/2019/11/19/c5dd173cd77f4516beb00ae6ae8c470a.jpg",
      "Width": 2159,
      "Height": 1080,
      "Size": 940704
    }, {
      "ImgSrc": "https://pic.hanfugou.com/android/2019/11/19/a1ac4f067d544de9a105fd9d4373e09e.jpg",
      "Width": 1080,
      "Height": 2244,
      "Size": 925634
    }, {
      "ImgSrc": "https://pic.hanfugou.com/android/2019/11/19/5177cc3d6966490ebb948795ec1d6a65.jpg",
      "Width": 720,
      "Height": 714,
      "Size": 55092
    }],
    "ObjectID": 2975482,
    "ObjectType": "trend",
    "ImageSrcs": ["https://pic.hanfugou.com/android/2019/11/19/c5dd173cd77f4516beb00ae6ae8c470a.jpg", "https://pic.hanfugou.com/android/2019/11/19/a1ac4f067d544de9a105fd9d4373e09e.jpg", "https://pic.hanfugou.com/android/2019/11/19/5177cc3d6966490ebb948795ec1d6a65.jpg"],
    "ObjectData": null,
    "Datetime": "2019-12-19T08:42:21",
    "HotSort": 1577007755,
    "Object": null,
    "TrendShops": null,
    "ID": 2975482,
    "User": {
      "Gender": "女",
      "MainBgPic": null,
      "AuthenticateCode": null,
      "AuthenticateName": null,
      "AuthenticateID": 0,
      "CityNames": null,
      "Describe": "路见不平一声吼，没事我就喵喵叫。",
      "AtteCount": 221,
      "ViolationCount": 0,
      "FansCount": 1429,
      "UserAtte": false,
      "GoodAlbumCount": 0,
      "Popularity": 0,
      "UseHanbi": 0,
      "Close": false,
      "Black": false,
      "NoteName": null,
      "ID": 114740,
      "UserName": "786217314",
      "NickName": "簪娘一只喵喵叫",
      "HeadUrl": "https://pic.hanfugou.com/android/2018/9/14/bde10564928f4b0daf9a98c875cf1a63.jpg"
    },
    "TopCount": 53,
    "CommCount": 28,
    "SaveCount": 0,
    "UserTop": false,
    "UserSave": false,
    "Hot": false,
    "Huiba": {
      "ID": 7262,
      "Name": "吃瓜",
      "PublicShow": false
    },
    "Huibas": [{
      "ID": 7262,
      "Name": "吃瓜",
      "PublicShow": false
    }]
  }, {
    "Content": "斗篷“夫诸”绝版啦，余下几几件掉落，估计到不了晚上就没啦",
    "Images": [{
      "ImgSrc": "https://pic.hanfugou.com/android/2019/11/14/1c8fb84cab4d4bfcb3e19715120db11e.jpg",
      "Width": 3000,
      "Height": 4000,
      "Size": 4164718
    }, {
      "ImgSrc": "https://pic.hanfugou.com/android/2019/11/14/8b68f14b9f3a4c429483549426ea7c72.jpg",
      "Width": 4000,
      "Height": 3000,
      "Size": 4419141
    }, {
      "ImgSrc": "https://pic.hanfugou.com/android/2019/11/14/71f5ae9438fa48fb96dc5b865b037509.jpg",
      "Width": 1080,
      "Height": 1620,
      "Size": 162699
    }],
    "ObjectID": 2962335,
    "ObjectType": "trend",
    "ImageSrcs": ["https://pic.hanfugou.com/android/2019/11/14/1c8fb84cab4d4bfcb3e19715120db11e.jpg", "https://pic.hanfugou.com/android/2019/11/14/8b68f14b9f3a4c429483549426ea7c72.jpg", "https://pic.hanfugou.com/android/2019/11/14/71f5ae9438fa48fb96dc5b865b037509.jpg"],
    "ObjectData": null,
    "Datetime": "2019-12-14T09:22:39",
    "HotSort": 1577015282,
    "Object": null,
    "TrendShops": null,
    "ID": 2962335,
    "User": {
      "Gender": "女",
      "MainBgPic": null,
      "AuthenticateCode": "shop",
      "AuthenticateName": null,
      "AuthenticateID": 0,
      "CityNames": null,
      "Describe": "某宝&微信公众号：竹马道原创汉服，企鹅：853110275",
      "AtteCount": 31,
      "ViolationCount": 0,
      "FansCount": 1600,
      "UserAtte": false,
      "GoodAlbumCount": 0,
      "Popularity": 0,
      "UseHanbi": 0,
      "Close": false,
      "Black": false,
      "NoteName": null,
      "ID": 1290278,
      "UserName": "735424519",
      "NickName": "竹马道原创汉服工作室",
      "HeadUrl": "https://pic.hanfugou.com/android/2019/5/29/9ca1c4176aa54ff785e8b5f676056f2c.jpg"
    },
    "TopCount": 51,
    "CommCount": 9,
    "SaveCount": 1,
    "UserTop": false,
    "UserSave": false,
    "Hot": false,
    "Huiba": {
      "ID": 282,
      "Name": "汉服日常",
      "PublicShow": false
    },
    "Huibas": [{
      "ID": 282,
      "Name": "汉服日常",
      "PublicShow": false
    }]
  }, {
    "Content": "不管真假，反正我酸了，不知道你们酸不酸",
    "Images": [{
      "ImgSrc": "https://pic.hanfugou.com/android/2019/11/18/12479d491eea4d7bb10928c914cbd410.jpg",
      "Width": 0,
      "Height": 0,
      "Size": 0
    }],
    "ObjectID": 45788,
    "ObjectType": "video",
    "ImageSrcs": ["https://pic.hanfugou.com/android/2019/11/18/12479d491eea4d7bb10928c914cbd410.jpg"],
    "ObjectData": "{\"height\":1280,\"width\":720,\"whenlong\":538,\"videourl\":\"/video/android/2019/11/18/c76f8f8966dd4459b8b55dfd32cec5cc.mp4\",\"title\":\"汉服缘\"}",
    "Datetime": "2019-12-18T17:07:34",
    "HotSort": 1577017649,
    "Object": null,
    "TrendShops": null,
    "ID": 2974165,
    "User": {
      "Gender": "女",
      "MainBgPic": null,
      "AuthenticateCode": null,
      "AuthenticateName": null,
      "AuthenticateID": 0,
      "CityNames": null,
      "Describe": "这里是一个可以代买的妹子，要代买小荟戳我，然后加微信ltd13890949903，代买费是五元，有帮别人代买费交易记录",
      "AtteCount": 157,
      "ViolationCount": 0,
      "FansCount": 88,
      "UserAtte": false,
      "GoodAlbumCount": 0,
      "Popularity": 0,
      "UseHanbi": 0,
      "Close": false,
      "Black": false,
      "NoteName": null,
      "ID": 653725,
      "UserName": "638551889",
      "NickName": "এ᭄般若ོꦿ࿐",
      "HeadUrl": "https://pic.hanfugou.com//android/2019/9/24/5f3d62f57b8042e3a72d6fb6d9ecc2c8.png"
    },
    "TopCount": 48,
    "CommCount": 9,
    "SaveCount": 12,
    "UserTop": false,
    "UserSave": false,
    "Hot": false,
    "Huiba": null,
    "Huibas": null
  }, {
    "Content": "【奇兽】山海经动物图鉴\n【编著】兰心仪 赵涵宇\n【绘图】吕洋 koko 金路\n【第二十三期】2019年12月15日\n【名称】鸱\n【形态特征】鸱是体型很大的猛禽，有三个躯体，身高与成年人类接近，生着两对翅膀和三对足。从主躯干颈椎下方的胸骨位置展开一块骨板，延伸出左右两列椎骨，构成另外两个躯干。两个副躯干各有一个翅膀和一对足，但这些都是副肢，只起辅助作用，鸱平时依靠中央主躯的双足站立，飞行时也依靠主躯翅膀发力，副翼仅展开保持平衡。\n它们身体上的羽毛皆为白色，翅膀羽毛呈灰黑色，头顶有两个并列的灰色羽冠，喙部短弯，尖端带有倒钩。小腿和趾爪裸露，覆盖着鳞片状的角质层；指甲长而尖锐，抓力强大，能够轻易地捏碎猎物的头盖骨。\n【栖息环境】三危之山的山顶有个巨大无比的鸟巢，用玉石和水晶搭建而成，里面居住着三只青鸟，专门为玉山上的西王母取食送馔，夜晚回到三危山休憩。山脚是三苗族人的农田和村寨，他们经过几百年的休养生息，已经初具规模。\n鸱栖息在海拔较高的树林内，位置在三青鸟与三苗族的中间，与三青鸟互不相扰，但二者都将人类作为猎食目标。\n【生活习性】鸱在高树上建巢，以树枝和藤蔓建造出巨大的球形鸟巢，内里铺着兽皮和羽毛。它们遵循一夫一妻制，一对鸱会占领方圆五十里的森林，不允许其他同类涉足。鸱的猎物包括山间的猿猴、松鼠、大蟒和其他鸟类，还有山下的人类。\n它们隔3～5年才繁殖一次，一次产卵三枚，由雌鸱的三个身子分别孵化，孵化期在30～35天。幼鸟出世之后，父母会喂养身体强壮的孩子，刻意忽略孱弱的个体。幼鸟需要6个月的时间才能变得羽翼丰满，之后，雌鸱开始教幼鸟飞行。",
    "Images": [{
      "ImgSrc": "https://pic.hanfugou.com/android/2019/11/15/3cba6bf394434854827546250e10d774.jpg",
      "Width": 720,
      "Height": 1280,
      "Size": 32837
    }, {
      "ImgSrc": "https://pic.hanfugou.com/android/2019/11/15/c9c3136cdce64d05b2a006eca7870bc9.jpg",
      "Width": 720,
      "Height": 1280,
      "Size": 48545
    }, {
      "ImgSrc": "https://pic.hanfugou.com/android/2019/11/15/1cb7c20bb5dc4f72a21f3391a216bc99.jpg",
      "Width": 732,
      "Height": 1280,
      "Size": 67136
    }, {
      "ImgSrc": "https://pic.hanfugou.com/android/2019/11/15/2171df849228443c8d08a6338372046c.jpg",
      "Width": 498,
      "Height": 688,
      "Size": 29410
    }, {
      "ImgSrc": "https://pic.hanfugou.com/android/2019/11/15/c17eb4ad34a34162ae117394cb75da12.jpg",
      "Width": 1047,
      "Height": 955,
      "Size": 68521
    }],
    "ObjectID": 2967142,
    "ObjectType": "trend",
    "ImageSrcs": ["https://pic.hanfugou.com/android/2019/11/15/3cba6bf394434854827546250e10d774.jpg", "https://pic.hanfugou.com/android/2019/11/15/c9c3136cdce64d05b2a006eca7870bc9.jpg", "https://pic.hanfugou.com/android/2019/11/15/1cb7c20bb5dc4f72a21f3391a216bc99.jpg", "https://pic.hanfugou.com/android/2019/11/15/2171df849228443c8d08a6338372046c.jpg", "https://pic.hanfugou.com/android/2019/11/15/c17eb4ad34a34162ae117394cb75da12.jpg"],
    "ObjectData": null,
    "Datetime": "2019-12-15T18:58:40",
    "HotSort": 1576999515,
    "Object": null,
    "TrendShops": null,
    "ID": 2967142,
    "User": {
      "Gender": "男",
      "MainBgPic": null,
      "AuthenticateCode": null,
      "AuthenticateName": null,
      "AuthenticateID": 0,
      "CityNames": null,
      "Describe": "欢迎加入恶魔补习班，群聊号码：702362505",
      "AtteCount": 7,
      "ViolationCount": 0,
      "FansCount": 908,
      "UserAtte": false,
      "GoodAlbumCount": 0,
      "Popularity": 0,
      "UseHanbi": 0,
      "Close": false,
      "Black": false,
      "NoteName": null,
      "ID": 126,
      "UserName": "yq9401",
      "NickName": "非猫meow",
      "HeadUrl": "https://pic.hanfugou.com//android/2019/9/24/c90033dada4f4e1ba5d3445f1dbb83bb.jpg"
    },
    "TopCount": 67,
    "CommCount": 6,
    "SaveCount": 2,
    "UserTop": false,
    "UserSave": false,
    "Hot": false,
    "Huiba": {
      "ID": 6582,
      "Name": "山海经",
      "PublicShow": false
    },
    "Huibas": [{
      "ID": 6582,
      "Name": "山海经",
      "PublicShow": false
    }]
  }, {
    "Content": "进阶版的九尾离狐，看这毛发！她香不香！🤓神仙掌柜发誓要绣出这个毛发！哪个配色更和你们心意呢？。店铺指路:序绘旗舰店。",
    "Images": [{
      "ImgSrc": "https://pic.hanfugou.com/android/2019/11/15/5fdab896e8de46a78b0526a94e00f77f.jpg",
      "Width": 1193,
      "Height": 821,
      "Size": 694297
    }, {
      "ImgSrc": "https://pic.hanfugou.com/android/2019/11/15/c04e74dd7fb3420bbc49fc017d6f9c14.jpg",
      "Width": 1193,
      "Height": 821,
      "Size": 715998
    }, {
      "ImgSrc": "https://pic.hanfugou.com/android/2019/11/15/bc771c3fa8cc49e9b4cb23983dab423a.jpg",
      "Width": 1193,
      "Height": 821,
      "Size": 645470
    }, {
      "ImgSrc": "https://pic.hanfugou.com/android/2019/11/15/2fed232b175e48fb802acdb90070cce1.jpg",
      "Width": 1193,
      "Height": 821,
      "Size": 648720
    }, {
      "ImgSrc": "https://pic.hanfugou.com/android/2019/11/15/11dedf54205043dd846183fcdd67bfd2.jpg",
      "Width": 1400,
      "Height": 885,
      "Size": 624975
    }, {
      "ImgSrc": "https://pic.hanfugou.com/android/2019/11/15/08473ad155864ca2832dff2dc335a3ae.jpg",
      "Width": 1400,
      "Height": 885,
      "Size": 779519
    }, {
      "ImgSrc": "https://pic.hanfugou.com/android/2019/11/15/c6b9422c6ec94e7680d5e0dd88a680e0.jpg",
      "Width": 1400,
      "Height": 885,
      "Size": 598572
    }, {
      "ImgSrc": "https://pic.hanfugou.com/android/2019/11/15/91e78dee643548c79945b6618bcb296c.jpg",
      "Width": 1220,
      "Height": 890,
      "Size": 917977
    }, {
      "ImgSrc": "https://pic.hanfugou.com/android/2019/11/15/50d687fbf8324793af27870f4710605e.jpg",
      "Width": 923,
      "Height": 989,
      "Size": 874927
    }],
    "ObjectID": 2965644,
    "ObjectType": "trend",
    "ImageSrcs": ["https://pic.hanfugou.com/android/2019/11/15/5fdab896e8de46a78b0526a94e00f77f.jpg", "https://pic.hanfugou.com/android/2019/11/15/c04e74dd7fb3420bbc49fc017d6f9c14.jpg", "https://pic.hanfugou.com/android/2019/11/15/bc771c3fa8cc49e9b4cb23983dab423a.jpg", "https://pic.hanfugou.com/android/2019/11/15/2fed232b175e48fb802acdb90070cce1.jpg", "https://pic.hanfugou.com/android/2019/11/15/11dedf54205043dd846183fcdd67bfd2.jpg", "https://pic.hanfugou.com/android/2019/11/15/08473ad155864ca2832dff2dc335a3ae.jpg", "https://pic.hanfugou.com/android/2019/11/15/c6b9422c6ec94e7680d5e0dd88a680e0.jpg", "https://pic.hanfugou.com/android/2019/11/15/91e78dee643548c79945b6618bcb296c.jpg", "https://pic.hanfugou.com/android/2019/11/15/50d687fbf8324793af27870f4710605e.jpg"],
    "ObjectData": null,
    "Datetime": "2019-12-15T11:07:07",
    "HotSort": 1577005906,
    "Object": null,
    "TrendShops": null,
    "ID": 2965644,
    "User": {
      "Gender": "女",
      "MainBgPic": null,
      "AuthenticateCode": "kol",
      "AuthenticateName": null,
      "AuthenticateID": 0,
      "CityNames": null,
      "Describe": "看细节图加Q494961476，微博同名。稿子只出买断价，服装行业买断，承诺不再出售花纹给其他领域，不影响商家权益，因为我可能会画汉服的插画，所以不能全行业买断",
      "AtteCount": 5,
      "ViolationCount": 0,
      "FansCount": 654,
      "UserAtte": false,
      "GoodAlbumCount": 0,
      "Popularity": 0,
      "UseHanbi": 0,
      "Close": false,
      "Black": false,
      "NoteName": null,
      "ID": 1068407,
      "UserName": "362659532",
      "NickName": "菡淆儿",
      "HeadUrl": "https://pic.hanfugou.com//android/2019/11/2/dea001e6fd3243b791fa88ca90b5133f.jpg"
    },
    "TopCount": 44,
    "CommCount": 11,
    "SaveCount": 1,
    "UserTop": false,
    "UserSave": false,
    "Hot": false,
    "Huiba": {
      "ID": 6500,
      "Name": "汉服设计",
      "PublicShow": false
    },
    "Huibas": [{
      "ID": 6500,
      "Name": "汉服设计",
      "PublicShow": false
    }]
  }, {
    "Content": "约稿展示：汉旸原创汉服\n这款很特殊，受汉旸原创汉服委托，有幸得到古戈力太太正版授权的小龙加工成汉服\n三生有幸哈哈✨",
    "Images": [{
      "ImgSrc": "https://pic.hanfugou.com/android/2019/11/21/6d90798998e2444fabd22ce8bedb96b3.jpg",
      "Width": 4592,
      "Height": 4320,
      "Size": 13138845
    }, {
      "ImgSrc": "https://pic.hanfugou.com/android/2019/11/21/d8aeba065a6e425391b40acb610c8370.jpg",
      "Width": 4134,
      "Height": 5846,
      "Size": 15632703
    }, {
      "ImgSrc": "https://pic.hanfugou.com/android/2019/11/21/80d53bccb27a4429b75db7aecc0b485c.jpg",
      "Width": 872,
      "Height": 1233,
      "Size": 123475
    }],
    "ObjectID": 2982601,
    "ObjectType": "trend",
    "ImageSrcs": ["https://pic.hanfugou.com/android/2019/11/21/6d90798998e2444fabd22ce8bedb96b3.jpg", "https://pic.hanfugou.com/android/2019/11/21/d8aeba065a6e425391b40acb610c8370.jpg", "https://pic.hanfugou.com/android/2019/11/21/80d53bccb27a4429b75db7aecc0b485c.jpg"],
    "ObjectData": null,
    "Datetime": "2019-12-21T22:05:59",
    "HotSort": 1577017891,
    "Object": null,
    "TrendShops": null,
    "ID": 2982601,
    "User": {
      "Gender": "女",
      "MainBgPic": null,
      "AuthenticateCode": null,
      "AuthenticateName": null,
      "AuthenticateID": 0,
      "CityNames": null,
      "Describe": "以柔为笔，软梦为缕，万物皆有灵，一身月为衣。",
      "AtteCount": 9,
      "ViolationCount": 0,
      "FansCount": 3988,
      "UserAtte": false,
      "GoodAlbumCount": 0,
      "Popularity": 0,
      "UseHanbi": 0,
      "Close": false,
      "Black": false,
      "NoteName": null,
      "ID": 470913,
      "UserName": "679708615",
      "NickName": "柔软（别尘境工作室）",
      "HeadUrl": "https://pic.hanfugou.com/android/2019/5/30/5051cd3d19504a379ce647867f326ec0.jpg"
    },
    "TopCount": 42,
    "CommCount": 9,
    "SaveCount": 2,
    "UserTop": false,
    "UserSave": false,
    "Hot": false,
    "Huiba": {
      "ID": 6500,
      "Name": "汉服设计",
      "PublicShow": false
    },
    "Huibas": [{
      "ID": 6500,
      "Name": "汉服设计",
      "PublicShow": false
    }]
  }, {
    "Content": "前段时间写的，里面有你喜欢的小说吗",
    "Images": [{
      "ImgSrc": "https://pic.hanfugou.com/android/2019/11/17/65243c6fea1c43ca8cc9b6df58ac48b7.jpg",
      "Width": 0,
      "Height": 0,
      "Size": 0
    }],
    "ObjectID": 45736,
    "ObjectType": "video",
    "ImageSrcs": ["https://pic.hanfugou.com/android/2019/11/17/65243c6fea1c43ca8cc9b6df58ac48b7.jpg"],
    "ObjectData": "{\"height\":720,\"width\":1296,\"whenlong\":26,\"videourl\":\"/video/android/2019/11/17/dbc0dc4fea2644198b8c4ab8a7676f24.mp4\",\"title\":\"前段时间写的，里面有你喜欢的小说吗\"}",
    "Datetime": "2019-12-17T22:07:34",
    "HotSort": 1577006080,
    "Object": null,
    "TrendShops": null,
    "ID": 2972608,
    "User": {
      "Gender": "男",
      "MainBgPic": null,
      "AuthenticateCode": null,
      "AuthenticateName": null,
      "AuthenticateID": 0,
      "CityNames": null,
      "Describe": "洌洋同袍还不知道怎么描述寄己 ✨",
      "AtteCount": 10,
      "ViolationCount": 0,
      "FansCount": 4151,
      "UserAtte": false,
      "GoodAlbumCount": 0,
      "Popularity": 0,
      "UseHanbi": 0,
      "Close": false,
      "Black": false,
      "NoteName": null,
      "ID": 481565,
      "UserName": "628569201",
      "NickName": "洌洋",
      "HeadUrl": "https://pic.hanfugou.com/android/2019/1/7/2d4d3c64823f4cb6b873803f23c955b2.jpg"
    },
    "TopCount": 65,
    "CommCount": 12,
    "SaveCount": 1,
    "UserTop": false,
    "UserSave": false,
    "Hot": false,
    "Huiba": null,
    "Huibas": null
  }, {
    "Content": "(๑´ㅂ`๑)",
    "Images": [{
      "ImgSrc": "https://pic.hanfugou.com/android/2019/11/20/ab03007ba8b2477198b1ec5f0854db18.jpg",
      "Width": 3000,
      "Height": 4500,
      "Size": 3228743
    }, {
      "ImgSrc": "https://pic.hanfugou.com/android/2019/11/20/10575097f41d43c9b71afb3b1f23871e.jpg",
      "Width": 3000,
      "Height": 4500,
      "Size": 7304170
    }, {
      "ImgSrc": "https://pic.hanfugou.com/android/2019/11/20/9b04877b6a5a48da8f3304ac0090e91a.jpg",
      "Width": 2251,
      "Height": 1500,
      "Size": 1945795
    }, {
      "ImgSrc": "https://pic.hanfugou.com/android/2019/11/20/a356514a1dc74b019cabedbafd8bf23f.jpg",
      "Width": 1080,
      "Height": 1440,
      "Size": 321453
    }, {
      "ImgSrc": "https://pic.hanfugou.com/android/2019/11/20/722d7c19925a4161aa711a71df864065.jpg",
      "Width": 3264,
      "Height": 2448,
      "Size": 3283783
    }],
    "ObjectID": 2980099,
    "ObjectType": "trend",
    "ImageSrcs": ["https://pic.hanfugou.com/android/2019/11/20/ab03007ba8b2477198b1ec5f0854db18.jpg", "https://pic.hanfugou.com/android/2019/11/20/10575097f41d43c9b71afb3b1f23871e.jpg", "https://pic.hanfugou.com/android/2019/11/20/9b04877b6a5a48da8f3304ac0090e91a.jpg", "https://pic.hanfugou.com/android/2019/11/20/a356514a1dc74b019cabedbafd8bf23f.jpg", "https://pic.hanfugou.com/android/2019/11/20/722d7c19925a4161aa711a71df864065.jpg"],
    "ObjectData": null,
    "Datetime": "2019-12-21T01:11:09",
    "HotSort": 1577018066,
    "Object": null,
    "TrendShops": null,
    "ID": 2980099,
    "User": {
      "Gender": "女",
      "MainBgPic": null,
      "AuthenticateCode": "shop",
      "AuthenticateName": null,
      "AuthenticateID": 0,
      "CityNames": null,
      "Describe": "否极泰来 泰卦",
      "AtteCount": 90,
      "ViolationCount": 0,
      "FansCount": 3065,
      "UserAtte": false,
      "GoodAlbumCount": 0,
      "Popularity": 0,
      "UseHanbi": 0,
      "Close": false,
      "Black": false,
      "NoteName": null,
      "ID": 464354,
      "UserName": "261345717",
      "NickName": "西洲曲原创汉服",
      "HeadUrl": "https://pic.hanfugou.com/android/2019/1/7/ca66a009772f4916a7cbf185516f64b6.jpg"
    },
    "TopCount": 32,
    "CommCount": 6,
    "SaveCount": 0,
    "UserTop": false,
    "UserSave": false,
    "Hot": false,
    "Huiba": null,
    "Huibas": null
  }],
  "ServerTime": 1577027836,
  "Remark": {}
}