{
  "Status": "10000",
  "ErrorMessage": "成功",
  "Data": function({
    _req
  }) {
    return _req.query.id == '2896242' ? {
      "Content": "祝眉目舒展 顺问冬安",
      "Images": [{
        "ImgSrc": "https://pic.hanfugou.com/ios/2019/11/16/22/19/157391399531233.jpg",
        "Width": 828,
        "Height": 828,
        "Size": 141853
      }, {
        "ImgSrc": "https://pic.hanfugou.com/ios/2019/11/16/22/19/157391399535727.jpg",
        "Width": 828,
        "Height": 828,
        "Size": 195485
      }, {
        "ImgSrc": "https://pic.hanfugou.com/ios/2019/11/16/22/19/157391399538262.jpg",
        "Width": 828,
        "Height": 828,
        "Size": 231133
      }, {
        "ImgSrc": "https://pic.hanfugou.com/ios/2019/11/16/22/19/157391399540227.jpg",
        "Width": 828,
        "Height": 1104,
        "Size": 252833
      }, {
        "ImgSrc": "https://pic.hanfugou.com/ios/2019/11/16/22/19/157391399542622.jpg",
        "Width": 828,
        "Height": 828,
        "Size": 128393
      }, {
        "ImgSrc": "https://pic.hanfugou.com/ios/2019/11/16/22/19/157391399543946.jpg",
        "Width": 828,
        "Height": 662,
        "Size": 124565
      }],
      "ObjectID": 2896242,
      "ObjectType": "trend",
      "ImageSrcs": ["https://pic.hanfugou.com/ios/2019/11/16/22/19/157391399531233.jpg", "https://pic.hanfugou.com/ios/2019/11/16/22/19/157391399535727.jpg", "https://pic.hanfugou.com/ios/2019/11/16/22/19/157391399538262.jpg", "https://pic.hanfugou.com/ios/2019/11/16/22/19/157391399540227.jpg", "https://pic.hanfugou.com/ios/2019/11/16/22/19/157391399542622.jpg", "https://pic.hanfugou.com/ios/2019/11/16/22/19/157391399543946.jpg"],
      "ObjectData": null,
      "Datetime": "2019-11-16T22:20:13",
      "HotSort": 1576907092,
      "Object": null,
      "TrendShops": [],
      "ID": 2896242,
      "User": {
        "Gender": "女",
        "MainBgPic": null,
        "AuthenticateCode": null,
        "AuthenticateName": null,
        "AuthenticateID": 0,
        "CityNames": null,
        "Describe": "浮世三千，吾爱有三。日、月与卿。日为朝，月为暮，卿为朝朝暮暮。",
        "AtteCount": 18,
        "ViolationCount": 0,
        "FansCount": 2968,
        "UserAtte": false,
        "GoodAlbumCount": 0,
        "Popularity": 0,
        "UseHanbi": 0,
        "Close": false,
        "Black": false,
        "NoteName": null,
        "ID": 153127,
        "UserName": "863129290",
        "NickName": "陈氏°",
        "HeadUrl": "https://pic.hanfugou.com/ios/2019/6/29/0/18/156173873482077.jpg"
      },
      "TopCount": 114,
      "CommCount": 8,
      "SaveCount": 2,
      "UserTop": true,
      "UserSave": false,
      "Hot": false,
      "Huiba": {
        "ID": 282,
        "Name": "汉服日常",
        "PublicShow": false
      },
      "Huibas": [{
        "ID": 282,
        "Name": "汉服日常",
        "PublicShow": false
      }]
    } : {
      "Content": "今天冬至没有吃到饺子的偶~",
      "Images": [{
        "ImgSrc": "https://pic.hanfugou.com/android/2019/11/22/b56cbbeaf2594b22a8b637aeb3f23d35.jpg",
        "Width": 1080,
        "Height": 2340,
        "Size": 352949
      }],
      "ObjectID": 2984895,
      "ObjectType": "trend",
      "ImageSrcs": ["https://pic.hanfugou.com/android/2019/11/22/b56cbbeaf2594b22a8b637aeb3f23d35.jpg"],
      "ObjectData": null,
      "Datetime": "2019-12-22T16:23:53",
      "HotSort": 1577231583,
      "Object": null,
      "TrendShops": [],
      "ID": 2984895,
      "User": {
        "Gender": "女",
        "MainBgPic": null,
        "AuthenticateCode": "shop",
        "AuthenticateName": null,
        "AuthenticateID": 0,
        "CityNames": null,
        "Describe": "涓滴之水，汇流成河。十围之木，始生如蘖。🐧群：676388533",
        "AtteCount": 34,
        "ViolationCount": 0,
        "FansCount": 1263,
        "UserAtte": false,
        "GoodAlbumCount": 0,
        "Popularity": 0,
        "UseHanbi": 0,
        "Close": false,
        "Black": false,
        "NoteName": null,
        "ID": 298649,
        "UserName": "950160763",
        "NickName": "木知府汉服原创工作室",
        "HeadUrl": "https://pic.hanfugou.com/android/2019/6/10/7c1d3f7039c44ca5a4775112e4ca1566.png"
      },
      "TopCount": 31,
      "CommCount": 16,
      "SaveCount": 0,
      "UserTop": false,
      "UserSave": false,
      "Hot": false,
      "Huiba": {
        "ID": 282,
        "Name": "汉服日常",
        "PublicShow": false
      },
      "Huibas": [{
        "ID": 282,
        "Name": "汉服日常",
        "PublicShow": false
      }]
    }
  },
  "ServerTime": 1577027902,
  "Remark": {}
}