{
  "Status": "10000",
  "ErrorMessage": "成功",
  "Data": [{
      "Content": "悄悄给你们爆个料\n\n\n\n君谣一开始加我是为了和我聊骚",
      "Images": [{
        "ImgSrc": "http://pic.hanfugou.com/android/2019/11/22/1632b913696d412dbf698f6550bb3374.jpg",
        "Width": 400,
        "Height": 400,
        "Size": 134598
      }],
      "ObjectID": 2986327,
      "ObjectType": "trend",
      "ImageSrcs": [
        "http://pic.hanfugou.com/android/2019/11/22/1632b913696d412dbf698f6550bb3374.jpg"
      ],
      "ObjectData": null,
      "Datetime": "2019-12-22T23:09:21",
      "HotSort": 1577027531,
      "Object": null,
      "TrendShops": null,
      "ID": 2986327,
      "User": {
        "Gender": "男",
        "MainBgPic": null,
        "AuthenticateCode": null,
        "AuthenticateName": null,
        "AuthenticateID": 0,
        "CityNames": null,
        "Describe": "身为彝族，喜欢汉文化。对汉文化，也像对自己的民族文化一样",
        "AtteCount": 170,
        "ViolationCount": 0,
        "FansCount": 1306,
        "UserAtte": true,
        "GoodAlbumCount": 0,
        "Popularity": 0,
        "UseHanbi": 0,
        "Close": false,
        "Black": false,
        "NoteName": null,
        "ID": 54902,
        "UserName": "20026260",
        "NickName": "若雪第一靓",
        "HeadUrl": "http://pic.hanfugou.com//android/2019/11/6/bbafc3329ad744779c7a0766e35d800e.jpg"
      },
      "TopCount": 11,
      "CommCount": 4,
      "SaveCount": 0,
      "UserTop": false,
      "UserSave": false,
      "Hot": false,
      "Huiba": null,
      "Huibas": null
    },

    {
      "Content": "我认真的嗷，主要是我觉得零食大礼包没啥意思，感觉都差不多所以当时买单个的零食，以后也有可能拿这些零食抽奖啦主要看我有没有钱……钱都拿去给君谣和姐妹们买礼物了",
      "Images": [{
        "ImgSrc": "http://pic.hanfugou.com/android/2019/11/22/f64b755dc84543e68b7ef509ace10c46.jpg",
        "Width": 1080,
        "Height": 2280,
        "Size": 508324
      }],
      "ObjectID": 2986020,
      "ObjectType": "trend",
      "ImageSrcs": [
        "http://pic.hanfugou.com/android/2019/11/22/f64b755dc84543e68b7ef509ace10c46.jpg"
      ],
      "ObjectData": null,
      "Datetime": "2019-12-22T21:42:37",
      "HotSort": 1577027198,
      "Object": null,
      "TrendShops": null,
      "ID": 2986020,
      "User": {
        "Gender": "男",
        "MainBgPic": null,
        "AuthenticateCode": null,
        "AuthenticateName": null,
        "AuthenticateID": 0,
        "CityNames": null,
        "Describe": "身为彝族，喜欢汉文化。对汉文化，也像对自己的民族文化一样",
        "AtteCount": 170,
        "ViolationCount": 0,
        "FansCount": 1306,
        "UserAtte": true,
        "GoodAlbumCount": 0,
        "Popularity": 0,
        "UseHanbi": 0,
        "Close": false,
        "Black": false,
        "NoteName": null,
        "ID": 54902,
        "UserName": "20026260",
        "NickName": "若雪第一靓",
        "HeadUrl": "http://pic.hanfugou.com//android/2019/11/6/bbafc3329ad744779c7a0766e35d800e.jpg"
      },
      "TopCount": 34,
      "CommCount": 15,
      "SaveCount": 0,
      "UserTop": false,
      "UserSave": false,
      "Hot": false,
      "Huiba": null,
      "Huibas": null
    },
    {
      "Content": "你们有没有什么好吃的零食推荐，以后可能会拿来抽奖\n\n\n当然，主要还是我现在想买点吃的给君谣，虽然阿姨让我别买吃的给他了",
      "Images": [{
        "ImgSrc": "http://pic.hanfugou.com/android/2019/11/22/b186637b00124bd9a2743a2603dca1ba.jpg",
        "Width": 1080,
        "Height": 1006,
        "Size": 52414
      }],
      "ObjectID": 2985990,
      "ObjectType": "trend",
      "ImageSrcs": [
        "http://pic.hanfugou.com/android/2019/11/22/b186637b00124bd9a2743a2603dca1ba.jpg"
      ],
      "ObjectData": null,
      "Datetime": "2019-12-22T21:34:43",
      "HotSort": 1577027214,
      "Object": null,
      "TrendShops": null,
      "ID": 2985990,
      "User": {
        "Gender": "男",
        "MainBgPic": null,
        "AuthenticateCode": null,
        "AuthenticateName": null,
        "AuthenticateID": 0,
        "CityNames": null,
        "Describe": "身为彝族，喜欢汉文化。对汉文化，也像对自己的民族文化一样",
        "AtteCount": 170,
        "ViolationCount": 0,
        "FansCount": 1306,
        "UserAtte": true,
        "GoodAlbumCount": 0,
        "Popularity": 0,
        "UseHanbi": 0,
        "Close": false,
        "Black": false,
        "NoteName": null,
        "ID": 54902,
        "UserName": "20026260",
        "NickName": "若雪第一靓",
        "HeadUrl": "http://pic.hanfugou.com//android/2019/11/6/bbafc3329ad744779c7a0766e35d800e.jpg"
      },
      "TopCount": 31,
      "CommCount": 40,
      "SaveCount": 1,
      "UserTop": false,
      "UserSave": false,
      "Hot": false,
      "Huiba": null,
      "Huibas": null
    },
    {
      "Content": "开班会真的不能看沙雕动态\n刚刚我们班主任在讲父母的爱，还放了特别悲伤的《感恩的心》\n全班人默不作声\n我：哈哈哈哈哈哈哈哈哈哈哈哈哈哈哈哈哈（小声）\n对不起我知道我不应该笑可是我忍不住",
      "Images": [{
        "ImgSrc": "http://pic.hanfugou.com/android/2019/11/22/38bdaf10b7414c0fa6efb097f344296a.jpg",
        "Width": 440,
        "Height": 411,
        "Size": 31851
      }],
      "ObjectID": 2985726,
      "ObjectType": "trend",
      "ImageSrcs": [
        "http://pic.hanfugou.com/android/2019/11/22/38bdaf10b7414c0fa6efb097f344296a.jpg"
      ],
      "ObjectData": null,
      "Datetime": "2019-12-22T20:22:21",
      "HotSort": 1577027228,
      "Object": null,
      "TrendShops": null,
      "ID": 2985726,
      "User": {
        "Gender": "男",
        "MainBgPic": null,
        "AuthenticateCode": null,
        "AuthenticateName": null,
        "AuthenticateID": 0,
        "CityNames": null,
        "Describe": "身为彝族，喜欢汉文化。对汉文化，也像对自己的民族文化一样",
        "AtteCount": 170,
        "ViolationCount": 0,
        "FansCount": 1306,
        "UserAtte": true,
        "GoodAlbumCount": 0,
        "Popularity": 0,
        "UseHanbi": 0,
        "Close": false,
        "Black": false,
        "NoteName": null,
        "ID": 54902,
        "UserName": "20026260",
        "NickName": "若雪第一靓",
        "HeadUrl": "http://pic.hanfugou.com//android/2019/11/6/bbafc3329ad744779c7a0766e35d800e.jpg"
      },
      "TopCount": 31,
      "CommCount": 0,
      "SaveCount": 0,
      "UserTop": false,
      "UserSave": false,
      "Hot": false,
      "Huiba": null,
      "Huibas": null
    },
    {
      "Content": "我以后要教我小孩：你也许有爸爸，但你不一定有妈妈",
      "Images": [{
        "ImgSrc": "http://pic.hanfugou.com/android/2019/11/22/c005c35d1422434ca680de1d43f4eb4b.png",
        "Width": 945,
        "Height": 228,
        "Size": 120307
      }],
      "ObjectID": 2985283,
      "ObjectType": "trend",
      "ImageSrcs": [
        "http://pic.hanfugou.com/android/2019/11/22/c005c35d1422434ca680de1d43f4eb4b.png"
      ],
      "ObjectData": null,
      "Datetime": "2019-12-22T18:14:42",
      "HotSort": 1577027312,
      "Object": null,
      "TrendShops": null,
      "ID": 2985283,
      "User": {
        "Gender": "男",
        "MainBgPic": null,
        "AuthenticateCode": null,
        "AuthenticateName": null,
        "AuthenticateID": 0,
        "CityNames": null,
        "Describe": "身为彝族，喜欢汉文化。对汉文化，也像对自己的民族文化一样",
        "AtteCount": 170,
        "ViolationCount": 0,
        "FansCount": 1306,
        "UserAtte": true,
        "GoodAlbumCount": 0,
        "Popularity": 0,
        "UseHanbi": 0,
        "Close": false,
        "Black": false,
        "NoteName": null,
        "ID": 54902,
        "UserName": "20026260",
        "NickName": "若雪第一靓",
        "HeadUrl": "http://pic.hanfugou.com//android/2019/11/6/bbafc3329ad744779c7a0766e35d800e.jpg"
      },
      "TopCount": 35,
      "CommCount": 0,
      "SaveCount": 0,
      "UserTop": false,
      "UserSave": false,
      "Hot": false,
      "Huiba": null,
      "Huibas": null
    },
    {
      "Content": "我回来了\n攒了很多汉服，可以给你们开箱了",
      "Images": [{
        "ImgSrc": "http://pic.hanfugou.com/android/2019/11/22/0665cfaa7ec5400991c3d90b156a3693.jpg",
        "Width": 5120,
        "Height": 3840,
        "Size": 3336871
      }],
      "ObjectID": 2985270,
      "ObjectType": "trend",
      "ImageSrcs": [
        "http://pic.hanfugou.com/android/2019/11/22/0665cfaa7ec5400991c3d90b156a3693.jpg"
      ],
      "ObjectData": null,
      "Datetime": "2019-12-22T18:11:33",
      "HotSort": 1577027319,
      "Object": null,
      "TrendShops": null,
      "ID": 2985270,
      "User": {
        "Gender": "女",
        "MainBgPic": null,
        "AuthenticateCode": null,
        "AuthenticateName": null,
        "AuthenticateID": 0,
        "CityNames": null,
        "Describe": "每日安利平价汉服（不接设计图）不定时开箱，但长期吃土",
        "AtteCount": 1,
        "ViolationCount": 0,
        "FansCount": 31621,
        "UserAtte": true,
        "GoodAlbumCount": 0,
        "Popularity": 0,
        "UseHanbi": 0,
        "Close": false,
        "Black": false,
        "NoteName": null,
        "ID": 65910,
        "UserName": "614289410",
        "NickName": "南风(安利爱好者)",
        "HeadUrl": "http://pic.hanfugou.com/web/2016/5/30/21/b7df716c383f4942bf5622993dcc3646.jpg"
      },
      "TopCount": 94,
      "CommCount": 27,
      "SaveCount": 0,
      "UserTop": false,
      "UserSave": false,
      "Hot": false,
      "Huiba": null,
      "Huibas": null
    },
    {
      "Content": "其实我昨天晚上梦见君谣了\n我梦见我教他儿子写作业，我让他自己写，结果我一转身他仔就睡着了???\n气的我把他儿子骂了一顿，完了又把君谣骂了一顿：“你怎么教你儿子的，写个作业都能睡着?！”\n果然，听话的都是我仔不听话的都是君谣的仔",
      "Images": [{
        "ImgSrc": "http://pic.hanfugou.com/android/2019/11/22/0b37ed4a7f2a406ebd62e08b78304ac1.jpg",
        "Width": 400,
        "Height": 400,
        "Size": 19946
      }],
      "ObjectID": 2985222,
      "ObjectType": "trend",
      "ImageSrcs": [
        "http://pic.hanfugou.com/android/2019/11/22/0b37ed4a7f2a406ebd62e08b78304ac1.jpg"
      ],
      "ObjectData": null,
      "Datetime": "2019-12-22T17:57:22",
      "HotSort": 1577027323,
      "Object": null,
      "TrendShops": null,
      "ID": 2985222,
      "User": {
        "Gender": "男",
        "MainBgPic": null,
        "AuthenticateCode": null,
        "AuthenticateName": null,
        "AuthenticateID": 0,
        "CityNames": null,
        "Describe": "身为彝族，喜欢汉文化。对汉文化，也像对自己的民族文化一样",
        "AtteCount": 170,
        "ViolationCount": 0,
        "FansCount": 1306,
        "UserAtte": true,
        "GoodAlbumCount": 0,
        "Popularity": 0,
        "UseHanbi": 0,
        "Close": false,
        "Black": false,
        "NoteName": null,
        "ID": 54902,
        "UserName": "20026260",
        "NickName": "若雪第一靓",
        "HeadUrl": "http://pic.hanfugou.com//android/2019/11/6/bbafc3329ad744779c7a0766e35d800e.jpg"
      },
      "TopCount": 38,
      "CommCount": 2,
      "SaveCount": 0,
      "UserTop": false,
      "UserSave": false,
      "Hot": false,
      "Huiba": null,
      "Huibas": null
    },
    {
      "Content": "👍",
      "Images": [{
          "ImgSrc": "http://pic.hanfugou.com/android/2019/11/22/db2c37f957a9440284c26d91270480c2.png",
          "Width": 1055,
          "Height": 496,
          "Size": 96786
        },
        {
          "ImgSrc": "http://pic.hanfugou.com/android/2019/11/22/9abd181f6ef440898e62a0788897b7ca.png",
          "Width": 1069,
          "Height": 1248,
          "Size": 132960
        }
      ],
      "ObjectID": 677655,
      "ObjectType": "topicreply",
      "ImageSrcs": [
        "http://pic.hanfugou.com/android/2019/11/22/db2c37f957a9440284c26d91270480c2.png",
        "http://pic.hanfugou.com/android/2019/11/22/9abd181f6ef440898e62a0788897b7ca.png"
      ],
      "ObjectData": "{\"topicid\":151077,\"name\":\"优秀荟员表扬墙\"}",
      "Datetime": "2019-12-22T17:18:11",
      "HotSort": 1577026604,
      "Object": null,
      "TrendShops": null,
      "ID": 2985100,
      "User": {
        "Gender": "男",
        "MainBgPic": null,
        "AuthenticateCode": null,
        "AuthenticateName": null,
        "AuthenticateID": 0,
        "CityNames": null,
        "Describe": "身为彝族，喜欢汉文化。对汉文化，也像对自己的民族文化一样",
        "AtteCount": 170,
        "ViolationCount": 0,
        "FansCount": 1306,
        "UserAtte": true,
        "GoodAlbumCount": 0,
        "Popularity": 0,
        "UseHanbi": 0,
        "Close": false,
        "Black": false,
        "NoteName": null,
        "ID": 54902,
        "UserName": "20026260",
        "NickName": "若雪第一靓",
        "HeadUrl": "http://pic.hanfugou.com//android/2019/11/6/bbafc3329ad744779c7a0766e35d800e.jpg"
      },
      "TopCount": 33,
      "CommCount": 3,
      "SaveCount": 0,
      "UserTop": false,
      "UserSave": false,
      "Hot": false,
      "Huiba": null,
      "Huibas": null
    },
    {
      "Content": "他还可以哈哈哈哈\n君谣妈妈真的👍",
      "Images": [{
        "ImgSrc": "http://pic.hanfugou.com/android/2019/11/22/f2298d4baa4f4c73abda980c094cbb01.png",
        "Width": 929,
        "Height": 577,
        "Size": 238635
      }],
      "ObjectID": 2985080,
      "ObjectType": "trend",
      "ImageSrcs": [
        "http://pic.hanfugou.com/android/2019/11/22/f2298d4baa4f4c73abda980c094cbb01.png"
      ],
      "ObjectData": null,
      "Datetime": "2019-12-22T17:14:41",
      "HotSort": 1577026709,
      "Object": null,
      "TrendShops": null,
      "ID": 2985080,
      "User": {
        "Gender": "男",
        "MainBgPic": null,
        "AuthenticateCode": null,
        "AuthenticateName": null,
        "AuthenticateID": 0,
        "CityNames": null,
        "Describe": "身为彝族，喜欢汉文化。对汉文化，也像对自己的民族文化一样",
        "AtteCount": 170,
        "ViolationCount": 0,
        "FansCount": 1306,
        "UserAtte": true,
        "GoodAlbumCount": 0,
        "Popularity": 0,
        "UseHanbi": 0,
        "Close": false,
        "Black": false,
        "NoteName": null,
        "ID": 54902,
        "UserName": "20026260",
        "NickName": "若雪第一靓",
        "HeadUrl": "http://pic.hanfugou.com//android/2019/11/6/bbafc3329ad744779c7a0766e35d800e.jpg"
      },
      "TopCount": 44,
      "CommCount": 4,
      "SaveCount": 0,
      "UserTop": false,
      "UserSave": false,
      "Hot": false,
      "Huiba": null,
      "Huibas": null
    },
    {
      "Content": "店铺：浅岱江南",
      "Images": [{
          "ImgSrc": "http://pic.hanfugou.com/android/2019/11/22/94db7de7137f4043b9e89fb674500d2e.jpg",
          "Width": 1000,
          "Height": 1500,
          "Size": 171416
        },
        {
          "ImgSrc": "http://pic.hanfugou.com/android/2019/11/22/9cde8395f44c4a93a176028c1dafbe12.jpg",
          "Width": 1000,
          "Height": 1499,
          "Size": 169668
        },
        {
          "ImgSrc": "http://pic.hanfugou.com/android/2019/11/22/a4c9badafbb54ec4a8919939768b8bae.jpg",
          "Width": 1000,
          "Height": 1500,
          "Size": 152214
        },
        {
          "ImgSrc": "http://pic.hanfugou.com/android/2019/11/22/4de6e9c8c9a749619f557c6e4bde9ad2.jpg",
          "Width": 1000,
          "Height": 1500,
          "Size": 249119
        },
        {
          "ImgSrc": "http://pic.hanfugou.com/android/2019/11/22/b27d3ae6011c4b25867c96b5e60d0ff4.jpg",
          "Width": 1000,
          "Height": 1499,
          "Size": 147784
        },
        {
          "ImgSrc": "http://pic.hanfugou.com/android/2019/11/22/270807f5e1a841cb92049a66a55d4d10.jpg",
          "Width": 1000,
          "Height": 509,
          "Size": 82389
        }
      ],
      "ObjectID": 2984966,
      "ObjectType": "trend",
      "ImageSrcs": [
        "http://pic.hanfugou.com/android/2019/11/22/94db7de7137f4043b9e89fb674500d2e.jpg",
        "http://pic.hanfugou.com/android/2019/11/22/9cde8395f44c4a93a176028c1dafbe12.jpg",
        "http://pic.hanfugou.com/android/2019/11/22/a4c9badafbb54ec4a8919939768b8bae.jpg",
        "http://pic.hanfugou.com/android/2019/11/22/4de6e9c8c9a749619f557c6e4bde9ad2.jpg",
        "http://pic.hanfugou.com/android/2019/11/22/b27d3ae6011c4b25867c96b5e60d0ff4.jpg",
        "http://pic.hanfugou.com/android/2019/11/22/270807f5e1a841cb92049a66a55d4d10.jpg"
      ],
      "ObjectData": null,
      "Datetime": "2019-12-22T16:43:58",
      "HotSort": 1577026227,
      "Object": null,
      "TrendShops": null,
      "ID": 2984966,
      "User": {
        "Gender": "女",
        "MainBgPic": null,
        "AuthenticateCode": null,
        "AuthenticateName": null,
        "AuthenticateID": 0,
        "CityNames": null,
        "Describe": "多多点赞才有动力呀！",
        "AtteCount": 5,
        "ViolationCount": 0,
        "FansCount": 661,
        "UserAtte": true,
        "GoodAlbumCount": 0,
        "Popularity": 0,
        "UseHanbi": 0,
        "Close": false,
        "Black": false,
        "NoteName": null,
        "ID": 385894,
        "UserName": "885786530",
        "NickName": "点赞多安利多",
        "HeadUrl": "http://pic.hanfugou.com//android/2019/10/16/84673dd3177a4809adf1ffe82b8fe3bb.png"
      },
      "TopCount": 10,
      "CommCount": 0,
      "SaveCount": 1,
      "UserTop": false,
      "UserSave": false,
      "Hot": false,
      "Huiba": {
        "ID": 6899,
        "Name": "汉服安利",
        "PublicShow": false
      },
      "Huibas": [{
        "ID": 6899,
        "Name": "汉服安利",
        "PublicShow": false
      }]
    }
  ],
  "ServerTime": 1577027545,
  "Remark": {}
}