{
  "Status": "10000",
  "ErrorMessage": "成功",
  "Data": [{
    "Content": "冬至快乐呀",
    "Images": [{
      "ImgSrc": "https://pic.hanfugou.com/android/2019/11/22/7496c3333e81413d8c567e875555cf2e.jpg",
      "Width": 1080,
      "Height": 1920,
      "Size": 1617213
    }, {
      "ImgSrc": "https://pic.hanfugou.com/android/2019/11/22/2f93b497bd6d4c37837feb98f9652ed9.jpg",
      "Width": 1080,
      "Height": 1920,
      "Size": 1426369
    }, {
      "ImgSrc": "https://pic.hanfugou.com/android/2019/11/22/24274c96c54849f283d25bda49080d4a.jpg",
      "Width": 1080,
      "Height": 1920,
      "Size": 1658194
    }, {
      "ImgSrc": "https://pic.hanfugou.com/android/2019/11/22/853dcda5ee554daca5d1c6522f769d4d.jpg",
      "Width": 2160,
      "Height": 1616,
      "Size": 3638419
    }],
    "ObjectID": 2986341,
    "ObjectType": "trend",
    "ImageSrcs": ["https://pic.hanfugou.com/android/2019/11/22/7496c3333e81413d8c567e875555cf2e.jpg", "https://pic.hanfugou.com/android/2019/11/22/2f93b497bd6d4c37837feb98f9652ed9.jpg", "https://pic.hanfugou.com/android/2019/11/22/24274c96c54849f283d25bda49080d4a.jpg", "https://pic.hanfugou.com/android/2019/11/22/853dcda5ee554daca5d1c6522f769d4d.jpg"],
    "ObjectData": null,
    "Datetime": "2019-12-22T23:13:02",
    "HotSort": 0,
    "Object": null,
    "TrendShops": null,
    "ID": 2986341,
    "User": {
      "Gender": "女",
      "MainBgPic": null,
      "AuthenticateCode": null,
      "AuthenticateName": null,
      "AuthenticateID": 0,
      "CityNames": null,
      "Describe": "该同袍还不知道怎么描述寄己 (╯▽╰)╭",
      "AtteCount": 8,
      "ViolationCount": 0,
      "FansCount": 7,
      "UserAtte": false,
      "GoodAlbumCount": 0,
      "Popularity": 0,
      "UseHanbi": 0,
      "Close": false,
      "Black": false,
      "NoteName": null,
      "ID": 1196289,
      "UserName": "528245072",
      "NickName": "光着脚丫",
      "HeadUrl": "https://pic.hanfugou.com/android/2019/9/29/f9822a51b86d41ec9d113b1a28593e6b.jpg"
    },
    "TopCount": 0,
    "CommCount": 0,
    "SaveCount": 0,
    "UserTop": false,
    "UserSave": false,
    "Hot": false,
    "Huiba": {
      "ID": 282,
      "Name": "汉服日常",
      "PublicShow": false
    },
    "Huibas": [{
      "ID": 282,
      "Name": "汉服日常",
      "PublicShow": false
    }]
  }, {
    "Content": "店铺:斜塘衣庄  [澈]\n\n全款158r噢！！！领完优惠券就138r啦~\n\n烟罗上学没什么时间安利...请见谅啊啊啊对不起！！！(在线磕头)",
    "Images": [{
      "ImgSrc": "https://pic.hanfugou.com/android/2019/11/22/3ec0fbe69b744ee3a464ce7594c54472.jpg",
      "Width": 760,
      "Height": 760,
      "Size": 424080
    }, {
      "ImgSrc": "https://pic.hanfugou.com/android/2019/11/22/26b4a2fc736940ee86a56c9a356599d7.jpg",
      "Width": 760,
      "Height": 760,
      "Size": 151475
    }, {
      "ImgSrc": "https://pic.hanfugou.com/android/2019/11/22/db898217f2e1466394894fa85057ce57.jpg",
      "Width": 760,
      "Height": 760,
      "Size": 181353
    }, {
      "ImgSrc": "https://pic.hanfugou.com/android/2019/11/22/c01c58cce0414a14a125531085d270db.jpg",
      "Width": 760,
      "Height": 760,
      "Size": 184957
    }],
    "ObjectID": 2986340,
    "ObjectType": "trend",
    "ImageSrcs": ["https://pic.hanfugou.com/android/2019/11/22/3ec0fbe69b744ee3a464ce7594c54472.jpg", "https://pic.hanfugou.com/android/2019/11/22/26b4a2fc736940ee86a56c9a356599d7.jpg", "https://pic.hanfugou.com/android/2019/11/22/db898217f2e1466394894fa85057ce57.jpg", "https://pic.hanfugou.com/android/2019/11/22/c01c58cce0414a14a125531085d270db.jpg"],
    "ObjectData": null,
    "Datetime": "2019-12-22T23:11:54",
    "HotSort": 0,
    "Object": null,
    "TrendShops": null,
    "ID": 2986340,
    "User": {
      "Gender": "女",
      "MainBgPic": null,
      "AuthenticateCode": null,
      "AuthenticateName": null,
      "AuthenticateID": 0,
      "CityNames": null,
      "Describe": "师父:慕夫人  有做的不好的或安利地不到位的，请多多谅解！！！接私人安利丫  私人安利隔天发  QQ:488026438",
      "AtteCount": 60,
      "ViolationCount": 0,
      "FansCount": 76,
      "UserAtte": false,
      "GoodAlbumCount": 0,
      "Popularity": 0,
      "UseHanbi": 0,
      "Close": false,
      "Black": false,
      "NoteName": null,
      "ID": 859103,
      "UserName": "485881134",
      "NickName": "安利娘烟罗",
      "HeadUrl": "https://pic.hanfugou.com//android/2019/9/2/0d7ef31a8b8c458597fcb880b6fe406f.jpg"
    },
    "TopCount": 0,
    "CommCount": 0,
    "SaveCount": 0,
    "UserTop": false,
    "UserSave": false,
    "Hot": false,
    "Huiba": {
      "ID": 6899,
      "Name": "汉服安利",
      "PublicShow": false
    },
    "Huibas": [{
      "ID": 6899,
      "Name": "汉服安利",
      "PublicShow": false
    }]
  }, {
    "Content": "QQ搜索我们学校竟搜出英语老师！！！吃鲸",
    "Images": [],
    "ObjectID": 2986339,
    "ObjectType": "trend",
    "ImageSrcs": null,
    "ObjectData": null,
    "Datetime": "2019-12-22T23:11:49",
    "HotSort": 0,
    "Object": null,
    "TrendShops": null,
    "ID": 2986339,
    "User": {
      "Gender": "女",
      "MainBgPic": null,
      "AuthenticateCode": null,
      "AuthenticateName": null,
      "AuthenticateID": 0,
      "CityNames": null,
      "Describe": "在下顾昀，顾子熹，顾大帅，江湖人称西北扛把子",
      "AtteCount": 236,
      "ViolationCount": 0,
      "FansCount": 68,
      "UserAtte": false,
      "GoodAlbumCount": 0,
      "Popularity": 0,
      "UseHanbi": 0,
      "Close": false,
      "Black": false,
      "NoteName": null,
      "ID": 388446,
      "UserName": "316531675",
      "NickName": "敲级无敌可爱的沐雅雅",
      "HeadUrl": "https://pic.hanfugou.com//android/2019/11/22/b4055d2ceb364f2bb5d7e6ad9f36947f.png"
    },
    "TopCount": 0,
    "CommCount": 0,
    "SaveCount": 0,
    "UserTop": false,
    "UserSave": false,
    "Hot": false,
    "Huiba": null,
    "Huibas": null
  }, {
    "Content": "捞",
    "Images": [{
      "ImgSrc": "https://pic.hanfugou.com/android/2019/11/22/39c2b7d21e7443fbaf47842f9e0f31e0.jpg",
      "Width": 1934,
      "Height": 1080,
      "Size": 262844
    }, {
      "ImgSrc": "https://pic.hanfugou.com/android/2019/11/22/6a9232235dd5456c8cf921aee5507704.jpg",
      "Width": 2000,
      "Height": 969,
      "Size": 341087
    }, {
      "ImgSrc": "https://pic.hanfugou.com/android/2019/11/22/41315c28cb87474da0a93b7d156869ae.jpg",
      "Width": 2000,
      "Height": 969,
      "Size": 369462
    }, {
      "ImgSrc": "https://pic.hanfugou.com/android/2019/11/22/e970a9bc627443d18ad51f3b78f5eb47.jpg",
      "Width": 2000,
      "Height": 969,
      "Size": 359695
    }, {
      "ImgSrc": "https://pic.hanfugou.com/android/2019/11/22/bea56a0f03104abbb21ffc43612acab4.jpg",
      "Width": 2000,
      "Height": 969,
      "Size": 358329
    }],
    "ObjectID": 2986338,
    "ObjectType": "trend",
    "ImageSrcs": ["https://pic.hanfugou.com/android/2019/11/22/39c2b7d21e7443fbaf47842f9e0f31e0.jpg", "https://pic.hanfugou.com/android/2019/11/22/6a9232235dd5456c8cf921aee5507704.jpg", "https://pic.hanfugou.com/android/2019/11/22/41315c28cb87474da0a93b7d156869ae.jpg", "https://pic.hanfugou.com/android/2019/11/22/e970a9bc627443d18ad51f3b78f5eb47.jpg", "https://pic.hanfugou.com/android/2019/11/22/bea56a0f03104abbb21ffc43612acab4.jpg"],
    "ObjectData": null,
    "Datetime": "2019-12-22T23:11:41",
    "HotSort": 1577027527,
    "Object": null,
    "TrendShops": null,
    "ID": 2986338,
    "User": {
      "Gender": "男",
      "MainBgPic": null,
      "AuthenticateCode": null,
      "AuthenticateName": null,
      "AuthenticateID": 0,
      "CityNames": null,
      "Describe": "大人者不失其赤子之心",
      "AtteCount": 460,
      "ViolationCount": 0,
      "FansCount": 211,
      "UserAtte": false,
      "GoodAlbumCount": 0,
      "Popularity": 0,
      "UseHanbi": 0,
      "Close": false,
      "Black": false,
      "NoteName": null,
      "ID": 1249459,
      "UserName": "591312309",
      "NickName": "焱雅",
      "HeadUrl": "https://pic.hanfugou.com/web/2019/6/17/22/13f171132a3c49b28cf540083ed7c956.jpeg"
    },
    "TopCount": 1,
    "CommCount": 0,
    "SaveCount": 0,
    "UserTop": false,
    "UserSave": false,
    "Hot": false,
    "Huiba": {
      "ID": 6500,
      "Name": "汉服设计",
      "PublicShow": false
    },
    "Huibas": [{
      "ID": 6500,
      "Name": "汉服设计",
      "PublicShow": false
    }]
  }, {
    "Content": "陕西西安某个地方\n欢迎袍子们来~\n看清楚在dd哦",
    "Images": [{
      "ImgSrc": "https://pic.hanfugou.com/android/2019/11/22/36a51d36ca1a4dda99755fbb2418878d.jpg",
      "Width": 1080,
      "Height": 780,
      "Size": 196454
    }],
    "ObjectID": 2986337,
    "ObjectType": "trend",
    "ImageSrcs": ["https://pic.hanfugou.com/android/2019/11/22/36a51d36ca1a4dda99755fbb2418878d.jpg"],
    "ObjectData": null,
    "Datetime": "2019-12-22T23:11:13",
    "HotSort": 1577027495,
    "Object": null,
    "TrendShops": null,
    "ID": 2986337,
    "User": {
      "Gender": "女",
      "MainBgPic": null,
      "AuthenticateCode": null,
      "AuthenticateName": null,
      "AuthenticateID": 0,
      "CityNames": null,
      "Describe": null,
      "AtteCount": 1,
      "ViolationCount": 0,
      "FansCount": 0,
      "UserAtte": false,
      "GoodAlbumCount": 0,
      "Popularity": 0,
      "UseHanbi": 0,
      "Close": false,
      "Black": false,
      "NoteName": null,
      "ID": 1692110,
      "UserName": "577126993",
      "NickName": "妖九娘娘",
      "HeadUrl": "https://pic.hanfugou.com/android/2019/11/22/79d85c955424406ca53fceafcea4f742.jpg"
    },
    "TopCount": 2,
    "CommCount": 0,
    "SaveCount": 0,
    "UserTop": false,
    "UserSave": false,
    "Hot": false,
    "Huiba": null,
    "Huibas": null
  }, {
    "Content": "正的还是山的",
    "Images": [{
      "ImgSrc": "https://pic.hanfugou.com/android/2019/11/22/5676d91041f943a3a683b47e301d6f18.jpg",
      "Width": 720,
      "Height": 1280,
      "Size": 66879
    }],
    "ObjectID": 156919,
    "ObjectType": "topic",
    "ImageSrcs": ["https://pic.hanfugou.com/android/2019/11/22/5676d91041f943a3a683b47e301d6f18.jpg"],
    "ObjectData": "{\"topicid\":156919,\"name\":\"这是什么汉服\"}",
    "Datetime": "2019-12-22T23:11:11",
    "HotSort": 0,
    "Object": null,
    "TrendShops": null,
    "ID": 2986336,
    "User": {
      "Gender": "女",
      "MainBgPic": null,
      "AuthenticateCode": null,
      "AuthenticateName": null,
      "AuthenticateID": 0,
      "CityNames": null,
      "Describe": null,
      "AtteCount": 1,
      "ViolationCount": 0,
      "FansCount": 0,
      "UserAtte": false,
      "GoodAlbumCount": 0,
      "Popularity": 0,
      "UseHanbi": 0,
      "Close": false,
      "Black": false,
      "NoteName": null,
      "ID": 524542,
      "UserName": "745037455",
      "NickName": "背靠背💔",
      "HeadUrl": "https://pic.hanfugou.com/android/2019/1/13/c8ce6d70d2d441bf8c0b2634aeb08d78.jpg"
    },
    "TopCount": 0,
    "CommCount": 0,
    "SaveCount": 0,
    "UserTop": false,
    "UserSave": false,
    "Hot": false,
    "Huiba": null,
    "Huibas": null
  }, {
    "Content": "热缩来一堆～～",
    "Images": [{
      "ImgSrc": "https://pic.hanfugou.com/android/2019/11/22/175377c79b584a95bd905fbe216b2ac2.jpg",
      "Width": 2976,
      "Height": 3968,
      "Size": 2874528
    }, {
      "ImgSrc": "https://pic.hanfugou.com/android/2019/11/22/9578dfd856f44ccc906feff40fb691b5.jpg",
      "Width": 3968,
      "Height": 2976,
      "Size": 2754445
    }, {
      "ImgSrc": "https://pic.hanfugou.com/android/2019/11/22/04dc84713ad54693be1be7eb28e721f2.jpg",
      "Width": 3968,
      "Height": 2976,
      "Size": 2657330
    }, {
      "ImgSrc": "https://pic.hanfugou.com/android/2019/11/22/1779efb376164912bea5af1b24bb0a7d.jpg",
      "Width": 1080,
      "Height": 1440,
      "Size": 867519
    }, {
      "ImgSrc": "https://pic.hanfugou.com/android/2019/11/22/395b2c2be5534da3a6dc136a6b3b128f.jpg",
      "Width": 1080,
      "Height": 1440,
      "Size": 855583
    }, {
      "ImgSrc": "https://pic.hanfugou.com/android/2019/11/22/d407e9ca39cd4e5e88a379758f1f90a1.jpg",
      "Width": 1440,
      "Height": 1080,
      "Size": 813650
    }, {
      "ImgSrc": "https://pic.hanfugou.com/android/2019/11/22/1e8c751003934394a825a1897d19cad6.jpg",
      "Width": 1080,
      "Height": 1080,
      "Size": 639863
    }, {
      "ImgSrc": "https://pic.hanfugou.com/android/2019/11/22/699b3f27599e4b56b6fc45977bc9538b.jpg",
      "Width": 1080,
      "Height": 1080,
      "Size": 682841
    }, {
      "ImgSrc": "https://pic.hanfugou.com/android/2019/11/22/7d704ecef3254775920663c37ce8b0cf.jpg",
      "Width": 1440,
      "Height": 1080,
      "Size": 857654
    }, {
      "ImgSrc": "https://pic.hanfugou.com/android/2019/11/22/4269e24bb9ee4bc5b8065e224ec73315.jpg",
      "Width": 3968,
      "Height": 2976,
      "Size": 2435082
    }, {
      "ImgSrc": "https://pic.hanfugou.com/android/2019/11/22/c39b2c524a3e419c813256c997a38348.jpg",
      "Width": 924,
      "Height": 1920,
      "Size": 703808
    }, {
      "ImgSrc": "https://pic.hanfugou.com/android/2019/11/22/49582eefb57247f59386333e1da0f5cd.jpg",
      "Width": 3968,
      "Height": 2976,
      "Size": 2491285
    }],
    "ObjectID": 2986335,
    "ObjectType": "trend",
    "ImageSrcs": ["https://pic.hanfugou.com/android/2019/11/22/175377c79b584a95bd905fbe216b2ac2.jpg", "https://pic.hanfugou.com/android/2019/11/22/9578dfd856f44ccc906feff40fb691b5.jpg", "https://pic.hanfugou.com/android/2019/11/22/04dc84713ad54693be1be7eb28e721f2.jpg", "https://pic.hanfugou.com/android/2019/11/22/1779efb376164912bea5af1b24bb0a7d.jpg", "https://pic.hanfugou.com/android/2019/11/22/395b2c2be5534da3a6dc136a6b3b128f.jpg", "https://pic.hanfugou.com/android/2019/11/22/d407e9ca39cd4e5e88a379758f1f90a1.jpg", "https://pic.hanfugou.com/android/2019/11/22/1e8c751003934394a825a1897d19cad6.jpg", "https://pic.hanfugou.com/android/2019/11/22/699b3f27599e4b56b6fc45977bc9538b.jpg", "https://pic.hanfugou.com/android/2019/11/22/7d704ecef3254775920663c37ce8b0cf.jpg", "https://pic.hanfugou.com/android/2019/11/22/4269e24bb9ee4bc5b8065e224ec73315.jpg", "https://pic.hanfugou.com/android/2019/11/22/c39b2c524a3e419c813256c997a38348.jpg", "https://pic.hanfugou.com/android/2019/11/22/49582eefb57247f59386333e1da0f5cd.jpg"],
    "ObjectData": null,
    "Datetime": "2019-12-22T23:11:10",
    "HotSort": 1577027485,
    "Object": null,
    "TrendShops": null,
    "ID": 2986335,
    "User": {
      "Gender": "女",
      "MainBgPic": null,
      "AuthenticateCode": null,
      "AuthenticateName": null,
      "AuthenticateID": 0,
      "CityNames": null,
      "Describe": "微信2232738316，接各种铜配头饰、璎珞、禁步、发冠、耳环手链、造花液、热缩等与汉服有关的手作娘一枚。()、",
      "AtteCount": 3,
      "ViolationCount": 0,
      "FansCount": 298,
      "UserAtte": false,
      "GoodAlbumCount": 0,
      "Popularity": 0,
      "UseHanbi": 0,
      "Close": false,
      "Black": false,
      "NoteName": null,
      "ID": 355980,
      "UserName": "117873918",
      "NickName": "—秋",
      "HeadUrl": "https://pic.hanfugou.com/android/2019/0/17/63b032e597a641c48440a5a7dd48277c.jpg"
    },
    "TopCount": 1,
    "CommCount": 0,
    "SaveCount": 0,
    "UserTop": false,
    "UserSave": false,
    "Hot": false,
    "Huiba": {
      "ID": 7247,
      "Name": "配饰",
      "PublicShow": false
    },
    "Huibas": [{
      "ID": 7247,
      "Name": "配饰",
      "PublicShow": false
    }]
  }, {
    "Content": "12.22 \n今日冬至\n\n今天晚上有流星！因为下霾我就看到了一颗！！！\n没有拍照啊好可惜\n会一直持续到凌晨\n纬度越高越清楚的／在山东还下霾都点🍋\n搞起来\n\n第一次看到流星就是和汉服一起呢\n真好\n\n谁也不知道我里面套了几件毛衣和加绒打底裤，除了手冷其他都很good",
    "Images": [{
      "ImgSrc": "https://pic.hanfugou.com/android/2019/11/22/85528b014ec544ecb8a753fdc95ce37c.jpg",
      "Width": 2007,
      "Height": 2007,
      "Size": 1010918
    }],
    "ObjectID": 2986334,
    "ObjectType": "trend",
    "ImageSrcs": ["https://pic.hanfugou.com/android/2019/11/22/85528b014ec544ecb8a753fdc95ce37c.jpg"],
    "ObjectData": null,
    "Datetime": "2019-12-22T23:10:46",
    "HotSort": 1577027476,
    "Object": null,
    "TrendShops": null,
    "ID": 2986334,
    "User": {
      "Gender": "女",
      "MainBgPic": null,
      "AuthenticateCode": null,
      "AuthenticateName": null,
      "AuthenticateID": 0,
      "CityNames": null,
      "Describe": null,
      "AtteCount": 29,
      "ViolationCount": 0,
      "FansCount": 143,
      "UserAtte": false,
      "GoodAlbumCount": 0,
      "Popularity": 0,
      "UseHanbi": 0,
      "Close": false,
      "Black": false,
      "NoteName": null,
      "ID": 748433,
      "UserName": "905022907",
      "NickName": "贰号羡笙",
      "HeadUrl": "https://pic.hanfugou.com/pc/2015/12/3/21/b7a0c03d449e4110863b9f804bdf8c38.jpg"
    },
    "TopCount": 1,
    "CommCount": 0,
    "SaveCount": 0,
    "UserTop": false,
    "UserSave": false,
    "Hot": false,
    "Huiba": null,
    "Huibas": null
  }, {
    "Content": "我好像瘦的只剩皮包骨了",
    "Images": [{
      "ImgSrc": "https://pic.hanfugou.com/ios/2019/12/22/23/10/157702743978180.jpg",
      "Width": 828,
      "Height": 828,
      "Size": 127814
    }],
    "ObjectID": 2986333,
    "ObjectType": "trend",
    "ImageSrcs": ["https://pic.hanfugou.com/ios/2019/12/22/23/10/157702743978180.jpg"],
    "ObjectData": null,
    "Datetime": "2019-12-22T23:10:41",
    "HotSort": 1577027496,
    "Object": null,
    "TrendShops": null,
    "ID": 2986333,
    "User": {
      "Gender": "女",
      "MainBgPic": null,
      "AuthenticateCode": null,
      "AuthenticateName": null,
      "AuthenticateID": 0,
      "CityNames": null,
      "Describe": "同袍扩列加QQ：2661225248",
      "AtteCount": 14,
      "ViolationCount": 0,
      "FansCount": 8,
      "UserAtte": false,
      "GoodAlbumCount": 0,
      "Popularity": 0,
      "UseHanbi": 0,
      "Close": false,
      "Black": false,
      "NoteName": null,
      "ID": 1190665,
      "UserName": "351415011",
      "NickName": "❤️./",
      "HeadUrl": "https://pic.hanfugou.com/ios/2019/12/8/22/58/157581708932478.jpg"
    },
    "TopCount": 1,
    "CommCount": 0,
    "SaveCount": 0,
    "UserTop": false,
    "UserSave": false,
    "Hot": false,
    "Huiba": null,
    "Huibas": null
  }, {
    "Content": "200yuan出三件套太常引六米齐腰（s）+两件套诛仙记藏红袄裙（xs，有一小处绣花不小心勾到了，见▼图）七月荷燕归（36码内增3cm）+小筑衣客齐胸两件套～急出！非远包邮，可走平台，不单，救救孩子吧【都降成这样了还没人要？！】　塞小礼物　此号未绑手机号，不能回复评论，望谅解！真的没人要吗，收了不亏吧！急出，救救孩子吧　ﾍ(;´Д｀ﾍ)",
    "Images": [{
      "ImgSrc": "https://pic.hanfugou.com/android/2019/11/22/dd242e3a4b774a02abd95d03f88b201c.jpg",
      "Width": 800,
      "Height": 800,
      "Size": 194862
    }, {
      "ImgSrc": "https://pic.hanfugou.com/android/2019/11/22/e775042654e7464a893cd5746e38b21a.jpg",
      "Width": 3120,
      "Height": 4160,
      "Size": 2642678
    }, {
      "ImgSrc": "https://pic.hanfugou.com/android/2019/11/22/1d0d7934d0b742e4ba6fb86660b6e8a1.jpg",
      "Width": 368,
      "Height": 600,
      "Size": 199910
    }, {
      "ImgSrc": "https://pic.hanfugou.com/android/2019/11/22/3659d38ec5f544a3abcdeb2812cbdb9a.jpg",
      "Width": 600,
      "Height": 600,
      "Size": 181452
    }, {
      "ImgSrc": "https://pic.hanfugou.com/android/2019/11/22/3c308856f2d2418dad82176e5d852de2.jpg",
      "Width": 360,
      "Height": 360,
      "Size": 95591
    }, {
      "ImgSrc": "https://pic.hanfugou.com/android/2019/11/22/0559335241724dea9946b9ba5131f12b.png",
      "Width": 720,
      "Height": 1280,
      "Size": 355792
    }, {
      "ImgSrc": "https://pic.hanfugou.com/android/2019/11/22/5f324c0f45474b43966f17912e646d99.png",
      "Width": 720,
      "Height": 1280,
      "Size": 230094
    }],
    "ObjectID": 2986332,
    "ObjectType": "trend",
    "ImageSrcs": ["https://pic.hanfugou.com/android/2019/11/22/dd242e3a4b774a02abd95d03f88b201c.jpg", "https://pic.hanfugou.com/android/2019/11/22/e775042654e7464a893cd5746e38b21a.jpg", "https://pic.hanfugou.com/android/2019/11/22/1d0d7934d0b742e4ba6fb86660b6e8a1.jpg", "https://pic.hanfugou.com/android/2019/11/22/3659d38ec5f544a3abcdeb2812cbdb9a.jpg", "https://pic.hanfugou.com/android/2019/11/22/3c308856f2d2418dad82176e5d852de2.jpg", "https://pic.hanfugou.com/android/2019/11/22/0559335241724dea9946b9ba5131f12b.png", "https://pic.hanfugou.com/android/2019/11/22/5f324c0f45474b43966f17912e646d99.png"],
    "ObjectData": null,
    "Datetime": "2019-12-22T23:10:37",
    "HotSort": 1577027565,
    "Object": null,
    "TrendShops": null,
    "ID": 2986332,
    "User": {
      "Gender": "女",
      "MainBgPic": null,
      "AuthenticateCode": null,
      "AuthenticateName": null,
      "AuthenticateID": 0,
      "CityNames": null,
      "Describe": null,
      "AtteCount": 2,
      "ViolationCount": 0,
      "FansCount": 0,
      "UserAtte": false,
      "GoodAlbumCount": 0,
      "Popularity": 0,
      "UseHanbi": 0,
      "Close": false,
      "Black": false,
      "NoteName": null,
      "ID": 1355199,
      "UserName": "227781528",
      "NickName": "安安很奈斯",
      "HeadUrl": "https://pic.hanfugou.com/android/2019/6/19/f61e313a7a8e4c4db3c3c3f698dc4a07.jpg"
    },
    "TopCount": 2,
    "CommCount": 0,
    "SaveCount": 0,
    "UserTop": false,
    "UserSave": false,
    "Hot": false,
    "Huiba": null,
    "Huibas": null
  }],
  "ServerTime": 1577027589,
  "Remark": {}
}