{
    "Status": "10000",
    "ErrorMessage": "成功",
    "Data": [
        {
            "Content": "男女都不限了，在找不到CP 我决定我就要从身边人下手开始洗脑了！忽悠一个是一个！",
            "Images": [
                {
                    "ImgSrc": "http://pic.hanfugou.com/android/2019/11/7/50664382585449858e193c8baf19ee0a.jpg",
                    "Width": 1080,
                    "Height": 1440,
                    "Size": 995028
                }
            ],
            "ObjectID": 2946296,
            "ObjectType": "trend",
            "ImageSrcs": [
                "http://pic.hanfugou.com/android/2019/11/7/50664382585449858e193c8baf19ee0a.jpg"
            ],
            "ObjectData": null,
            "Datetime": "2019-12-07T16:20:14",
            "HotSort": 1576824795,
            "Object": null,
            "TrendShops": null,
            "ID": 2946296,
            "User": {
                "Gender": "男",
                "MainBgPic": null,
                "AuthenticateCode": null,
                "AuthenticateName": null,
                "AuthenticateID": 0,
                "CityNames": null,
                "Describe": "生性温和，随遇而安",
                "AtteCount": 6,
                "ViolationCount": 0,
                "FansCount": 4,
                "UserAtte": false,
                "GoodAlbumCount": 0,
                "Popularity": 0,
                "UseHanbi": 0,
                "Close": false,
                "Black": false,
                "NoteName": null,
                "ID": 1143147,
                "UserName": "591750408",
                "NickName": "安乙",
                "HeadUrl": "http://pic.hanfugou.com//android/2019/10/7/0350db567f394c9abc33a97e15377736.jpg"
            },
            "TopCount": 25,
            "CommCount": 18,
            "SaveCount": 0,
            "UserTop": false,
            "UserSave": false,
            "Hot": false,
            "Huiba": {
                "ID": 6499,
                "Name": "CP求带走",
                "PublicShow": false
            },
            "Huibas": [
                {
                    "ID": 6499,
                    "Name": "CP求带走",
                    "PublicShow": false
                }
            ]
        },
        {
            "Content": "一年到头，没人牵手，回家了，妈妈又催婚，哎，该咋办？[流泪][流泪][流泪]",
            "Images": [
                {
                    "ImgSrc": "http://pic.hanfugou.com/android/2019/11/18/ff2536aff34d47f985687027ae950e2f.jpg",
                    "Width": 886,
                    "Height": 1920,
                    "Size": 1086087
                },
                {
                    "ImgSrc": "http://pic.hanfugou.com/android/2019/11/18/35d31d3b73ca4d61a753f9e623a78740.jpg",
                    "Width": 886,
                    "Height": 1920,
                    "Size": 1053493
                },
                {
                    "ImgSrc": "http://pic.hanfugou.com/android/2019/11/18/ca75165caf72428ea9cd9e33a51c6a2a.jpg",
                    "Width": 1080,
                    "Height": 1620,
                    "Size": 734692
                },
                {
                    "ImgSrc": "http://pic.hanfugou.com/android/2019/11/18/02b55f8b60774a079c1cffe3f814a738.jpg",
                    "Width": 1620,
                    "Height": 1080,
                    "Size": 691618
                },
                {
                    "ImgSrc": "http://pic.hanfugou.com/android/2019/11/18/af298fabe50f4456b30281de65740b18.jpg",
                    "Width": 1080,
                    "Height": 1620,
                    "Size": 825693
                }
            ],
            "ObjectID": 2975263,
            "ObjectType": "trend",
            "ImageSrcs": [
                "http://pic.hanfugou.com/android/2019/11/18/ff2536aff34d47f985687027ae950e2f.jpg",
                "http://pic.hanfugou.com/android/2019/11/18/35d31d3b73ca4d61a753f9e623a78740.jpg",
                "http://pic.hanfugou.com/android/2019/11/18/ca75165caf72428ea9cd9e33a51c6a2a.jpg",
                "http://pic.hanfugou.com/android/2019/11/18/02b55f8b60774a079c1cffe3f814a738.jpg",
                "http://pic.hanfugou.com/android/2019/11/18/af298fabe50f4456b30281de65740b18.jpg"
            ],
            "ObjectData": null,
            "Datetime": "2019-12-19T00:39:17",
            "HotSort": 1576818657,
            "Object": null,
            "TrendShops": null,
            "ID": 2975263,
            "User": {
                "Gender": "女",
                "MainBgPic": null,
                "AuthenticateCode": null,
                "AuthenticateName": null,
                "AuthenticateID": 0,
                "CityNames": null,
                "Describe": "/扩列",
                "AtteCount": 274,
                "ViolationCount": 0,
                "FansCount": 29,
                "UserAtte": false,
                "GoodAlbumCount": 0,
                "Popularity": 0,
                "UseHanbi": 0,
                "Close": false,
                "Black": false,
                "NoteName": null,
                "ID": 1596740,
                "UserName": "747891151",
                "NickName": "只因太爱你",
                "HeadUrl": "http://pic.hanfugou.com//android/2019/10/19/6ef34455c69745889aceb279433d3690.jpg"
            },
            "TopCount": 12,
            "CommCount": 10,
            "SaveCount": 0,
            "UserTop": false,
            "UserSave": false,
            "Hot": false,
            "Huiba": {
                "ID": 6499,
                "Name": "CP求带走",
                "PublicShow": false
            },
            "Huibas": [
                {
                    "ID": 6499,
                    "Name": "CP求带走",
                    "PublicShow": false
                }
            ]
        },
        {
            "Content": "第一次做伴郎，想听大家夸夸我，我想要100个赞，麻烦诸位了😘😘😘",
            "Images": [
                {
                    "ImgSrc": "http://pic.hanfugou.com/ios/2019/10/8/12/49/157051019828048.jpg",
                    "Width": 750,
                    "Height": 1334,
                    "Size": 207387
                },
                {
                    "ImgSrc": "http://pic.hanfugou.com/ios/2019/10/8/12/49/157051019841211.jpg",
                    "Width": 828,
                    "Height": 1104,
                    "Size": 218665
                },
                {
                    "ImgSrc": "http://pic.hanfugou.com/ios/2019/10/8/12/49/157051019843501.jpg",
                    "Width": 828,
                    "Height": 1104,
                    "Size": 205688
                },
                {
                    "ImgSrc": "http://pic.hanfugou.com/ios/2019/10/8/12/49/157051019845755.jpg",
                    "Width": 750,
                    "Height": 1334,
                    "Size": 213403
                }
            ],
            "ObjectID": 2788543,
            "ObjectType": "trend",
            "ImageSrcs": [
                "http://pic.hanfugou.com/ios/2019/10/8/12/49/157051019828048.jpg",
                "http://pic.hanfugou.com/ios/2019/10/8/12/49/157051019841211.jpg",
                "http://pic.hanfugou.com/ios/2019/10/8/12/49/157051019843501.jpg",
                "http://pic.hanfugou.com/ios/2019/10/8/12/49/157051019845755.jpg"
            ],
            "ObjectData": null,
            "Datetime": "2019-10-08T12:50:29",
            "HotSort": 1576750371,
            "Object": null,
            "TrendShops": null,
            "ID": 2788543,
            "User": {
                "Gender": "男",
                "MainBgPic": null,
                "AuthenticateCode": null,
                "AuthenticateName": null,
                "AuthenticateID": 0,
                "CityNames": null,
                "Describe": "长河落日东都城，铁马戍边将军坟。尽诛宵小天策义，长枪独守大唐魂。——狼牙贼子记住，我们天策，从未负过大唐一分！！！！！！！！",
                "AtteCount": 52,
                "ViolationCount": 0,
                "FansCount": 23,
                "UserAtte": false,
                "GoodAlbumCount": 0,
                "Popularity": 0,
                "UseHanbi": 0,
                "Close": false,
                "Black": false,
                "NoteName": null,
                "ID": 140473,
                "UserName": "693376929",
                "NickName": "长枪独守大唐魂",
                "HeadUrl": "http://pic.hanfugou.com/ios/2019/10/27/16/47/157216606105444.jpg"
            },
            "TopCount": 336,
            "CommCount": 43,
            "SaveCount": 1,
            "UserTop": false,
            "UserSave": false,
            "Hot": false,
            "Huiba": {
                "ID": 6499,
                "Name": "CP求带走",
                "PublicShow": false
            },
            "Huibas": [
                {
                    "ID": 6499,
                    "Name": "CP求带走",
                    "PublicShow": false
                }
            ]
        },
        {
            "Content": "真的心疼庄sir，庄sir，我爱你。。。。。",
            "Images": [
                {
                    "ImgSrc": "http://pic.hanfugou.com/android/2019/9/27/c75a5a37c52c4138b0d1782cfbe137e4.jpg",
                    "Width": 1080,
                    "Height": 1440,
                    "Size": 871480
                },
                {
                    "ImgSrc": "http://pic.hanfugou.com/android/2019/9/27/90de3da103024405a7e827afb7fe9e5f.jpg",
                    "Width": 1080,
                    "Height": 1889,
                    "Size": 793278
                }
            ],
            "ObjectID": 2841625,
            "ObjectType": "trend",
            "ImageSrcs": [
                "http://pic.hanfugou.com/android/2019/9/27/c75a5a37c52c4138b0d1782cfbe137e4.jpg",
                "http://pic.hanfugou.com/android/2019/9/27/90de3da103024405a7e827afb7fe9e5f.jpg"
            ],
            "ObjectData": null,
            "Datetime": "2019-10-27T21:11:49",
            "HotSort": 1576710557,
            "Object": null,
            "TrendShops": null,
            "ID": 2841625,
            "User": {
                "Gender": "男",
                "MainBgPic": null,
                "AuthenticateCode": null,
                "AuthenticateName": null,
                "AuthenticateID": 0,
                "CityNames": null,
                "Describe": "该同袍还不知道怎么描述寄己 (╯▽╰)╭",
                "AtteCount": 642,
                "ViolationCount": 0,
                "FansCount": 153,
                "UserAtte": false,
                "GoodAlbumCount": 0,
                "Popularity": 0,
                "UseHanbi": 0,
                "Close": false,
                "Black": false,
                "NoteName": null,
                "ID": 154281,
                "UserName": "476424841",
                "NickName": "大明江左书生华少杰",
                "HeadUrl": "http://pic.hanfugou.com/android/2019/6/4/f798997bfca942539b6f9ef003f89975.jpg"
            },
            "TopCount": 28,
            "CommCount": 0,
            "SaveCount": 0,
            "UserTop": false,
            "UserSave": false,
            "Hot": false,
            "Huiba": {
                "ID": 6499,
                "Name": "汉服文化周",
                "PublicShow": false
            },
            "Huibas": [
                {
                    "ID": 6499,
                    "Name": "汉服文化周",
                    "PublicShow": false
                }
            ]
        },
        {
            "Content": "错过了出行日，就用这个走秀代替吧[鞠躬][鞠躬][鞠躬]",
            "Images": [
                {
                    "ImgSrc": "http://pic.hanfugou.com/android/2019/10/22/226854c0dde34cf7b9f627fc034d151a.jpg",
                    "Width": 0,
                    "Height": 0,
                    "Size": 0
                }
            ],
            "ObjectID": 43549,
            "ObjectType": "video",
            "ImageSrcs": [
                "http://pic.hanfugou.com/android/2019/10/22/226854c0dde34cf7b9f627fc034d151a.jpg"
            ],
            "ObjectData": "{\"whenlong\":15,\"height\":2160,\"width\":3840,\"videourl\":\"/video/android/2019/10/22/1596d1b330d1437d8e1bdecf460c926d.mp4\",\"title\":\"今日份的大明内侍，只愿护你一世安好无忧～\"}",
            "Datetime": "2019-11-22T09:14:54",
            "HotSort": 1576672203,
            "Object": null,
            "TrendShops": null,
            "ID": 2909016,
            "User": {
                "Gender": "男",
                "MainBgPic": null,
                "AuthenticateCode": null,
                "AuthenticateName": null,
                "AuthenticateID": 0,
                "CityNames": null,
                "Describe": "有节骨乃坚，无心品自端~欢迎当个野袍子（28一陆277零七）",
                "AtteCount": 55,
                "ViolationCount": 0,
                "FansCount": 53,
                "UserAtte": false,
                "GoodAlbumCount": 0,
                "Popularity": 0,
                "UseHanbi": 0,
                "Close": false,
                "Black": false,
                "NoteName": null,
                "ID": 6692,
                "UserName": "QVVVVVVQ",
                "NickName": "玄衣霓裳、雪醉弦殤",
                "HeadUrl": "http://pic.hanfugou.com//android/2019/9/1/e2d05cb21a8047c8828c34c75f6b4f22.png"
            },
            "TopCount": 17,
            "CommCount": 0,
            "SaveCount": 1,
            "UserTop": false,
            "UserSave": false,
            "Hot": false,
            "Huiba": {
                "ID": 6499,
                "Name": "CP求带走",
                "PublicShow": false
            },
            "Huibas": [
                {
                    "ID": 6499,
                    "Name": "CP求带走",
                    "PublicShow": false
                }
            ]
        },
        {
            "Content": "道袍还有几天就上架喽哦，初一and十五，我等你们哦[感动][感动][感动]",
            "Images": [
                {
                    "ImgSrc": "http://pic.hanfugou.com/android/2019/8/4/48076f62304143b38dedfad648df6e5d.jpg",
                    "Width": 4795,
                    "Height": 7192,
                    "Size": 20836516
                },
                {
                    "ImgSrc": "http://pic.hanfugou.com/android/2019/8/4/ffb2c355d70246978ac551ee7b226503.jpg",
                    "Width": 6720,
                    "Height": 4480,
                    "Size": 16468108
                },
                {
                    "ImgSrc": "http://pic.hanfugou.com/android/2019/8/4/501950b18d7d45c49ea1935c0433f50c.jpg",
                    "Width": 4480,
                    "Height": 6720,
                    "Size": 14110220
                },
                {
                    "ImgSrc": "http://pic.hanfugou.com/android/2019/8/4/717420137db84832a54306f33f50eb4f.jpg",
                    "Width": 4480,
                    "Height": 6720,
                    "Size": 15033988
                }
            ],
            "ObjectID": 2672616,
            "ObjectType": "trend",
            "ImageSrcs": [
                "http://pic.hanfugou.com/android/2019/8/4/48076f62304143b38dedfad648df6e5d.jpg",
                "http://pic.hanfugou.com/android/2019/8/4/ffb2c355d70246978ac551ee7b226503.jpg",
                "http://pic.hanfugou.com/android/2019/8/4/501950b18d7d45c49ea1935c0433f50c.jpg",
                "http://pic.hanfugou.com/android/2019/8/4/717420137db84832a54306f33f50eb4f.jpg"
            ],
            "ObjectData": null,
            "Datetime": "2019-09-04T13:18:30",
            "HotSort": 1576637797,
            "Object": null,
            "TrendShops": null,
            "ID": 2672616,
            "User": {
                "Gender": "男",
                "MainBgPic": null,
                "AuthenticateCode": "shop",
                "AuthenticateName": null,
                "AuthenticateID": 0,
                "CityNames": null,
                "Describe": null,
                "AtteCount": 4,
                "ViolationCount": 0,
                "FansCount": 19129,
                "UserAtte": false,
                "GoodAlbumCount": 0,
                "Popularity": 0,
                "UseHanbi": 0,
                "Close": false,
                "Black": false,
                "NoteName": null,
                "ID": 392220,
                "UserName": "687165569",
                "NickName": "呦呦鹿鸣原创汉服店",
                "HeadUrl": "http://pic.hanfugou.com/web/2018/12/23/13/f5776960e41a4790a6c147268523e299.jpg"
            },
            "TopCount": 100,
            "CommCount": 23,
            "SaveCount": 4,
            "UserTop": false,
            "UserSave": false,
            "Hot": false,
            "Huiba": {
                "ID": 6499,
                "Name": "汉服资讯",
                "PublicShow": false
            },
            "Huibas": [
                {
                    "ID": 6499,
                    "Name": "汉服资讯",
                    "PublicShow": false
                }
            ]
        },
        {
            "Content": "想找一个大名少年一块穿组cp😂😂\n我刚买了蓝色的圆领袍，谁爱穿红色，快来快来。",
            "Images": [
                {
                    "ImgSrc": "http://pic.hanfugou.com/android/2019/11/1/1daae5b6de5a45c9ac601fe38293a2f4.jpg",
                    "Width": 744,
                    "Height": 1116,
                    "Size": 291979
                }
            ],
            "ObjectID": 2934632,
            "ObjectType": "trend",
            "ImageSrcs": [
                "http://pic.hanfugou.com/android/2019/11/1/1daae5b6de5a45c9ac601fe38293a2f4.jpg"
            ],
            "ObjectData": null,
            "Datetime": "2019-12-02T01:58:24",
            "HotSort": 1576637546,
            "Object": null,
            "TrendShops": null,
            "ID": 2934632,
            "User": {
                "Gender": "男",
                "MainBgPic": null,
                "AuthenticateCode": null,
                "AuthenticateName": null,
                "AuthenticateID": 0,
                "CityNames": null,
                "Describe": null,
                "AtteCount": 1,
                "ViolationCount": 0,
                "FansCount": 0,
                "UserAtte": false,
                "GoodAlbumCount": 0,
                "Popularity": 0,
                "UseHanbi": 0,
                "Close": false,
                "Black": false,
                "NoteName": null,
                "ID": 1639220,
                "UserName": "681132205",
                "NickName": "知苍苍",
                "HeadUrl": "http://pic.hanfugou.com//android/2019/10/23/9360b59b4c924bee9f2e56949491246e.jpg"
            },
            "TopCount": 16,
            "CommCount": 22,
            "SaveCount": 1,
            "UserTop": false,
            "UserSave": false,
            "Hot": false,
            "Huiba": {
                "ID": 6499,
                "Name": "CP求带走",
                "PublicShow": false
            },
            "Huibas": [
                {
                    "ID": 6499,
                    "Name": "CP求带走",
                    "PublicShow": false
                }
            ]
        },
        {
            "Content": "入坑的第三年，来小荟的第二年，我终于成年啦，祝自己十八岁生日快乐，抱住胖胖的自己",
            "Images": [
                {
                    "ImgSrc": "http://pic.hanfugou.com/android/2019/11/6/b5195e2249684c07a2b4d36dcced0032.jpg",
                    "Width": 640,
                    "Height": 480,
                    "Size": 165921
                },
                {
                    "ImgSrc": "http://pic.hanfugou.com/android/2019/11/6/878222042ec943ce8fc7be7ca43685f3.jpg",
                    "Width": 1200,
                    "Height": 1200,
                    "Size": 626285
                },
                {
                    "ImgSrc": "http://pic.hanfugou.com/android/2019/11/6/59973ba923dd46edb75112b3a4d95513.jpg",
                    "Width": 1200,
                    "Height": 1200,
                    "Size": 713838
                },
                {
                    "ImgSrc": "http://pic.hanfugou.com/android/2019/11/6/b95a845c01864fd784f4adfc1c2d6a48.jpg",
                    "Width": 1200,
                    "Height": 1600,
                    "Size": 1888945
                },
                {
                    "ImgSrc": "http://pic.hanfugou.com/android/2019/11/6/db7b01b9a39047d4a8fadd5ba9217b12.jpg",
                    "Width": 1080,
                    "Height": 1920,
                    "Size": 1257263
                },
                {
                    "ImgSrc": "http://pic.hanfugou.com/android/2019/11/6/0e94266a295c4c83a4bd2e706ac72c98.jpg",
                    "Width": 1080,
                    "Height": 1440,
                    "Size": 81992
                },
                {
                    "ImgSrc": "http://pic.hanfugou.com/android/2019/11/6/ab39d92ef92e40cfa66c4fa252d1b6b8.jpg",
                    "Width": 1080,
                    "Height": 1440,
                    "Size": 81849
                },
                {
                    "ImgSrc": "http://pic.hanfugou.com/android/2019/11/6/c06df06470ca4984942b2ef607080506.jpg",
                    "Width": 2448,
                    "Height": 2448,
                    "Size": 1841683
                },
                {
                    "ImgSrc": "http://pic.hanfugou.com/android/2019/11/6/2cecef33187149a29ab70e47c6c77cec.jpg",
                    "Width": 2448,
                    "Height": 2448,
                    "Size": 3704520
                }
            ],
            "ObjectID": 2943623,
            "ObjectType": "trend",
            "ImageSrcs": [
                "http://pic.hanfugou.com/android/2019/11/6/b5195e2249684c07a2b4d36dcced0032.jpg",
                "http://pic.hanfugou.com/android/2019/11/6/878222042ec943ce8fc7be7ca43685f3.jpg",
                "http://pic.hanfugou.com/android/2019/11/6/59973ba923dd46edb75112b3a4d95513.jpg",
                "http://pic.hanfugou.com/android/2019/11/6/b95a845c01864fd784f4adfc1c2d6a48.jpg",
                "http://pic.hanfugou.com/android/2019/11/6/db7b01b9a39047d4a8fadd5ba9217b12.jpg",
                "http://pic.hanfugou.com/android/2019/11/6/0e94266a295c4c83a4bd2e706ac72c98.jpg",
                "http://pic.hanfugou.com/android/2019/11/6/ab39d92ef92e40cfa66c4fa252d1b6b8.jpg",
                "http://pic.hanfugou.com/android/2019/11/6/c06df06470ca4984942b2ef607080506.jpg",
                "http://pic.hanfugou.com/android/2019/11/6/2cecef33187149a29ab70e47c6c77cec.jpg"
            ],
            "ObjectData": null,
            "Datetime": "2019-12-06T12:58:25",
            "HotSort": 1576637530,
            "Object": null,
            "TrendShops": null,
            "ID": 2943623,
            "User": {
                "Gender": "女",
                "MainBgPic": null,
                "AuthenticateCode": null,
                "AuthenticateName": null,
                "AuthenticateID": 0,
                "CityNames": null,
                "Describe": "该同袍还不知道怎么描述寄己 (╯▽╰)╭",
                "AtteCount": 9,
                "ViolationCount": 0,
                "FansCount": 7,
                "UserAtte": false,
                "GoodAlbumCount": 0,
                "Popularity": 0,
                "UseHanbi": 0,
                "Close": false,
                "Black": false,
                "NoteName": null,
                "ID": 447731,
                "UserName": "477063192",
                "NickName": "锦黎！",
                "HeadUrl": "http://pic.hanfugou.com//android/2019/10/24/452c6032fad4446aa732f8fc1361e05f.jpg"
            },
            "TopCount": 20,
            "CommCount": 12,
            "SaveCount": 0,
            "UserTop": false,
            "UserSave": false,
            "Hot": false,
            "Huiba": {
                "ID": 6499,
                "Name": "CP求带走",
                "PublicShow": false
            },
            "Huibas": [
                {
                    "ID": 6499,
                    "Name": "CP求带走",
                    "PublicShow": false
                }
            ]
        },
        {
            "Content": "冒泡",
            "Images": [
                {
                    "ImgSrc": "http://pic.hanfugou.com/android/2019/10/19/4ae94fe389ae4480bffbee82c547956d.jpg",
                    "Width": 1080,
                    "Height": 1440,
                    "Size": 1004531
                },
                {
                    "ImgSrc": "http://pic.hanfugou.com/android/2019/10/19/c51ccb082efa4c738aab65d058c12de8.jpg",
                    "Width": 1080,
                    "Height": 1440,
                    "Size": 978827
                },
                {
                    "ImgSrc": "http://pic.hanfugou.com/android/2019/10/19/194576c87a134731832b946577697864.jpg",
                    "Width": 1080,
                    "Height": 1440,
                    "Size": 986163
                },
                {
                    "ImgSrc": "http://pic.hanfugou.com/android/2019/10/19/164a2cb589034351a59ab32348deb87e.jpg",
                    "Width": 1080,
                    "Height": 1178,
                    "Size": 474788
                },
                {
                    "ImgSrc": "http://pic.hanfugou.com/android/2019/10/19/08f96b97a7a0448ea6d56dbc2c7d7d05.jpg",
                    "Width": 719,
                    "Height": 677,
                    "Size": 79002
                },
                {
                    "ImgSrc": "http://pic.hanfugou.com/android/2019/10/19/7f5919f807fe4d30b2575231a4eaaddd.jpg",
                    "Width": 142,
                    "Height": 143,
                    "Size": 8895
                }
            ],
            "ObjectID": 2903998,
            "ObjectType": "trend",
            "ImageSrcs": [
                "http://pic.hanfugou.com/android/2019/10/19/4ae94fe389ae4480bffbee82c547956d.jpg",
                "http://pic.hanfugou.com/android/2019/10/19/c51ccb082efa4c738aab65d058c12de8.jpg",
                "http://pic.hanfugou.com/android/2019/10/19/194576c87a134731832b946577697864.jpg",
                "http://pic.hanfugou.com/android/2019/10/19/164a2cb589034351a59ab32348deb87e.jpg",
                "http://pic.hanfugou.com/android/2019/10/19/08f96b97a7a0448ea6d56dbc2c7d7d05.jpg",
                "http://pic.hanfugou.com/android/2019/10/19/7f5919f807fe4d30b2575231a4eaaddd.jpg"
            ],
            "ObjectData": null,
            "Datetime": "2019-11-19T21:40:03",
            "HotSort": 1576252408,
            "Object": null,
            "TrendShops": null,
            "ID": 2903998,
            "User": {
                "Gender": "男",
                "MainBgPic": null,
                "AuthenticateCode": null,
                "AuthenticateName": null,
                "AuthenticateID": 0,
                "CityNames": null,
                "Describe": null,
                "AtteCount": 196,
                "ViolationCount": 0,
                "FansCount": 33,
                "UserAtte": false,
                "GoodAlbumCount": 0,
                "Popularity": 0,
                "UseHanbi": 0,
                "Close": false,
                "Black": false,
                "NoteName": null,
                "ID": 303822,
                "UserName": "804500966",
                "NickName": "🌸大明鱼干在线抠脚",
                "HeadUrl": "http://pic.hanfugou.com/android/2019/1/14/beb33f7830b94d4098c90bec25a9036f.jpg"
            },
            "TopCount": 11,
            "CommCount": 6,
            "SaveCount": 0,
            "UserTop": false,
            "UserSave": false,
            "Hot": false,
            "Huiba": {
                "ID": 6499,
                "Name": "CP求带走",
                "PublicShow": false
            },
            "Huibas": [
                {
                    "ID": 6499,
                    "Name": "CP求带走",
                    "PublicShow": false
                }
            ]
        },
        {
            "Content": "瑶林春意似云蒸，娇怯难支玉树零。\n剩绮余芬还有韵，夜阑频点照花灯。",
            "Images": [
                {
                    "ImgSrc": "http://pic.hanfugou.com/android/2019/10/5/7dfafdd182b4493ab1930d42ca0ff4e9.jpg",
                    "Width": 1620,
                    "Height": 2160,
                    "Size": 2043979
                },
                {
                    "ImgSrc": "http://pic.hanfugou.com/android/2019/10/5/f4330cd12a0e4565b765b14f9bde9ad2.jpg",
                    "Width": 1620,
                    "Height": 2160,
                    "Size": 2118406
                },
                {
                    "ImgSrc": "http://pic.hanfugou.com/android/2019/10/5/65a61cef3d1c4d69adf9b3c6f1c3d0fd.jpg",
                    "Width": 1620,
                    "Height": 2160,
                    "Size": 2157498
                },
                {
                    "ImgSrc": "http://pic.hanfugou.com/android/2019/10/5/bfb32b1346404e6f84f8e1f792d82ade.jpg",
                    "Width": 1620,
                    "Height": 2160,
                    "Size": 1956683
                },
                {
                    "ImgSrc": "http://pic.hanfugou.com/android/2019/10/5/4c8668ab7bf6494e81b3a0a47d5e9e2a.jpg",
                    "Width": 1620,
                    "Height": 2160,
                    "Size": 2124882
                },
                {
                    "ImgSrc": "http://pic.hanfugou.com/android/2019/10/5/3ece4df5c81f49ebaed4f7c29e2a18a0.jpg",
                    "Width": 1620,
                    "Height": 2160,
                    "Size": 1979680
                },
                {
                    "ImgSrc": "http://pic.hanfugou.com/android/2019/10/5/e8e0e0fc6ed5481f974b561d09b73f43.jpg",
                    "Width": 1620,
                    "Height": 2160,
                    "Size": 2087641
                },
                {
                    "ImgSrc": "http://pic.hanfugou.com/android/2019/10/5/c6341d1dafd244c19c23ae5814bcb8db.jpg",
                    "Width": 1620,
                    "Height": 2160,
                    "Size": 2101873
                },
                {
                    "ImgSrc": "http://pic.hanfugou.com/android/2019/10/5/35636d8fa99840ba801f04a8cf5716be.jpg",
                    "Width": 1620,
                    "Height": 2160,
                    "Size": 2021329
                }
            ],
            "ObjectID": 2864407,
            "ObjectType": "trend",
            "ImageSrcs": [
                "http://pic.hanfugou.com/android/2019/10/5/7dfafdd182b4493ab1930d42ca0ff4e9.jpg",
                "http://pic.hanfugou.com/android/2019/10/5/f4330cd12a0e4565b765b14f9bde9ad2.jpg",
                "http://pic.hanfugou.com/android/2019/10/5/65a61cef3d1c4d69adf9b3c6f1c3d0fd.jpg",
                "http://pic.hanfugou.com/android/2019/10/5/bfb32b1346404e6f84f8e1f792d82ade.jpg",
                "http://pic.hanfugou.com/android/2019/10/5/4c8668ab7bf6494e81b3a0a47d5e9e2a.jpg",
                "http://pic.hanfugou.com/android/2019/10/5/3ece4df5c81f49ebaed4f7c29e2a18a0.jpg",
                "http://pic.hanfugou.com/android/2019/10/5/e8e0e0fc6ed5481f974b561d09b73f43.jpg",
                "http://pic.hanfugou.com/android/2019/10/5/c6341d1dafd244c19c23ae5814bcb8db.jpg",
                "http://pic.hanfugou.com/android/2019/10/5/35636d8fa99840ba801f04a8cf5716be.jpg"
            ],
            "ObjectData": null,
            "Datetime": "2019-11-05T08:28:33",
            "HotSort": 1576151149,
            "Object": null,
            "TrendShops": null,
            "ID": 2864407,
            "User": {
                "Gender": "女",
                "MainBgPic": null,
                "AuthenticateCode": null,
                "AuthenticateName": null,
                "AuthenticateID": 0,
                "CityNames": null,
                "Describe": "该同袍还不知道怎么描述寄己 (╯▽╰)╭",
                "AtteCount": 19,
                "ViolationCount": 0,
                "FansCount": 69,
                "UserAtte": false,
                "GoodAlbumCount": 0,
                "Popularity": 0,
                "UseHanbi": 0,
                "Close": false,
                "Black": false,
                "NoteName": null,
                "ID": 172185,
                "UserName": "218932928",
                "NickName": "清、欢",
                "HeadUrl": "http://pic.hanfugou.com//android/2019/11/6/ff83fdb886ec44388b2edd147414ee16.png"
            },
            "TopCount": 21,
            "CommCount": 0,
            "SaveCount": 0,
            "UserTop": false,
            "UserSave": false,
            "Hot": false,
            "Huiba": {
                "ID": 6499,
                "Name": "CP求带走",
                "PublicShow": false
            },
            "Huibas": [
                {
                    "ID": 6499,
                    "Name": "CP求带走",
                    "PublicShow": false
                }
            ]
        }
    ],
    "ServerTime": 1576848978,
    "Remark": {}
}