{
  "Status": "10000",
  "ErrorMessage": "成功",
  "Data": function({
    _req
  }) {
    return _req.query.id == '90678' ? {
      "Name": "霜降   吃柿子了吗？",
      "Describe": "霜须七十期同老，云水之乡。总挂冠裳。闲里光阴一倍长。况逢菊靥篱边笑，风露中香。报答秋光。自有仙人九酝觞。\n——向子諲《采桑子》\n\n出境: 客妹🍃",
      "FaceSrc": "https://pic.hanfugou.com/android/2019/9/24/f7f7b55b01c24fe8a725f6f2f0d58723.jpg",
      "Images": [{
        "ImgSrc": "https://pic.hanfugou.com/android/2019/9/24/323d88a91c8b49aba07217cdf9421bbf.jpg",
        "Width": 5760,
        "Height": 3840,
        "Size": 14157673
      }, {
        "ImgSrc": "https://pic.hanfugou.com/android/2019/9/24/f7f7b55b01c24fe8a725f6f2f0d58723.jpg",
        "Width": 5760,
        "Height": 3840,
        "Size": 20979471
      }, {
        "ImgSrc": "https://pic.hanfugou.com/android/2019/9/24/ed59f31912ee41ed8a0a7393789df84c.jpg",
        "Width": 3840,
        "Height": 5760,
        "Size": 15590168
      }, {
        "ImgSrc": "https://pic.hanfugou.com/android/2019/9/24/90702530fe5343269155be975cc5ad41.jpg",
        "Width": 3840,
        "Height": 5760,
        "Size": 9907231
      }, {
        "ImgSrc": "https://pic.hanfugou.com/android/2019/9/24/3d0ef6d77baf4a128ba74697c515e241.jpg",
        "Width": 3840,
        "Height": 5760,
        "Size": 12173898
      }, {
        "ImgSrc": "https://pic.hanfugou.com/android/2019/9/24/186157f8030543f78a65acb221562837.jpg",
        "Width": 5760,
        "Height": 3840,
        "Size": 10448876
      }, {
        "ImgSrc": "https://pic.hanfugou.com/android/2019/9/24/bf5d2acb043e43e0b437f2529993b03d.jpg",
        "Width": 3840,
        "Height": 5760,
        "Size": 13442623
      }, {
        "ImgSrc": "https://pic.hanfugou.com/android/2019/9/24/8626fad9b8804534af9d11851c80a226.jpg",
        "Width": 3840,
        "Height": 5760,
        "Size": 11069613
      }, {
        "ImgSrc": "https://pic.hanfugou.com/android/2019/9/24/b884f8e5cfb14e789ecff1e462b87ea4.jpg",
        "Width": 5760,
        "Height": 3840,
        "Size": 13713140
      }],
      "StaffData": {
        "photoer": [{
          "id": 546374,
          "name": "秦韵二雷"
        }],
        "store": [{
          "id": 0,
          "name": "秦韵摄影工作室"
        }]
      },
      "ImageCount": 9,
      "TrendShops": [],
      "Good": true,
      "GoodDatetime": "2019-10-24T15:54:08",
      "Datetime": "2019-10-24T15:38:22",
      "ID": 90678,
      "User": {
        "Gender": "女",
        "MainBgPic": null,
        "AuthenticateCode": null,
        "AuthenticateName": null,
        "AuthenticateID": 0,
        "CityNames": null,
        "Describe": "霜须七十期同老，云水之乡。总挂冠裳。闲里光阴一倍长。况逢菊靥篱边笑，风露中香。报答秋光。自有仙人九酝觞。\n——向子諲《采桑子》\n\n出境: 客妹🍃",
        "AtteCount": 0,
        "ViolationCount": 0,
        "FansCount": 0,
        "UserAtte": false,
        "GoodAlbumCount": 0,
        "Popularity": 0,
        "UseHanbi": 0,
        "Close": false,
        "Black": false,
        "NoteName": null,
        "ID": 1580662,
        "UserName": "559803441",
        "NickName": "秦韵摄影工作室",
        "HeadUrl": "https://pic.hanfugou.com//android/2019/9/21/1c85ccd6fac24f0d85857f032015b80e.jpg"
      },
      "TopCount": 80,
      "CommCount": 9,
      "SaveCount": 10,
      "UserTop": false,
      "UserSave": false,
      "Hot": true,
      "Huiba": null,
      "Huibas": null
    } : {
      "Name": "【惊鸿】",
      "Describe": "突然喜欢惊鸿一瞥这个词\n一见钟情太肤浅，\n日久生情太苍白，\n别人眉来眼去，我只看你一眼，\n此后，情书寄给山鬼，\n心事写给西风，\n可，山鬼不识字\n西风不解情。\n\n仙女出境@我不是肚子-3- \n📷 <M 99513>@好仙一颗丹药</M>\n衣服:<M 77216>@司南阁汉服</M>  \n 抄送老师<M 26037>@知竹zZ</M> 谢谢大王带我拍仙女！",
      "FaceSrc": "https://pic.hanfugou.com/android/2019/9/31/92fc27dd1d3a4a88a31c41570a1df105.jpg",
      "Images": [{
        "ImgSrc": "https://pic.hanfugou.com/android/2019/9/31/92fc27dd1d3a4a88a31c41570a1df105.jpg",
        "Width": 2000,
        "Height": 7146,
        "Size": 8602952
      }, {
        "ImgSrc": "https://pic.hanfugou.com/android/2019/9/31/96bf6b35ed9f4ce0be8137c7d75f7acb.jpg",
        "Width": 2000,
        "Height": 7998,
        "Size": 10315213
      }, {
        "ImgSrc": "https://pic.hanfugou.com/android/2019/9/31/7fda6774cb764be1b04591d4ff19cc0e.jpg",
        "Width": 2000,
        "Height": 6017,
        "Size": 8851016
      }, {
        "ImgSrc": "https://pic.hanfugou.com/android/2019/9/31/549927cc9805483d9c7b8a9cf567e195.jpg",
        "Width": 2000,
        "Height": 7517,
        "Size": 11011700
      }, {
        "ImgSrc": "https://pic.hanfugou.com/android/2019/9/31/5a7862449d524c068d27f01b09f74503.jpg",
        "Width": 1620,
        "Height": 1080,
        "Size": 196681
      }, {
        "ImgSrc": "https://pic.hanfugou.com/android/2019/9/31/9b1e1946b71e4fdf9d11a16b153f84fb.jpg",
        "Width": 2000,
        "Height": 8399,
        "Size": 9384848
      }, {
        "ImgSrc": "https://pic.hanfugou.com/android/2019/9/31/836527c278e944cf990645476a9223ac.jpg",
        "Width": 6240,
        "Height": 4160,
        "Size": 4511674
      }, {
        "ImgSrc": "https://pic.hanfugou.com/android/2019/9/31/28e1ca7e8dab4c8facac4fbcce238147.jpg",
        "Width": 4160,
        "Height": 6240,
        "Size": 15454703
      }, {
        "ImgSrc": "https://pic.hanfugou.com/android/2019/9/31/43afc92e37b4430ba6fa69e94d34d9a8.jpg",
        "Width": 6240,
        "Height": 4160,
        "Size": 4198341
      }, {
        "ImgSrc": "https://pic.hanfugou.com/android/2019/9/31/a666742309074760a0e86e8b4b35bec9.jpg",
        "Width": 6240,
        "Height": 4160,
        "Size": 5236508
      }, {
        "ImgSrc": "https://pic.hanfugou.com/android/2019/9/31/0fa7943907434870b7e9cb489e776079.jpg",
        "Width": 6240,
        "Height": 4160,
        "Size": 5223976
      }, {
        "ImgSrc": "https://pic.hanfugou.com/android/2019/9/31/565f2a1dbefd4f1788e16acea27f746a.jpg",
        "Width": 4160,
        "Height": 6240,
        "Size": 14475897
      }, {
        "ImgSrc": "https://pic.hanfugou.com/android/2019/9/31/eacce58119864514a967135ba5405091.jpg",
        "Width": 6240,
        "Height": 4160,
        "Size": 5124977
      }, {
        "ImgSrc": "https://pic.hanfugou.com/android/2019/9/31/d4c5a66f760b40edbdd76a386db263e7.jpg",
        "Width": 6240,
        "Height": 4160,
        "Size": 15516770
      }],
      "StaffData": {
        "photoer": [{
          "id": 99513,
          "name": "好仙一颗丹药"
        }],
        "store": [{
          "id": 0,
          "name": "司南阁汉服"
        }]
      },
      "ImageCount": 14,
      "TrendShops": [{
        "ID": 126153,
        "ObjectID": 91222,
        "ObjectType": "album",
        "TrendID": 2850356,
        "ShopID": 134,
        "ImgSrc": "https://pic.hanfugou.com/pc/2017/3/20/11/77ce1296179841fab51fe2c52af2e35a.jpg",
        "Name": "司南阁",
        "Link": "https://m.hanfugou.com/shop/134?from=trend",
        "Datetime": "2019-10-31T15:56:24"
      }],
      "Good": false,
      "GoodDatetime": "2019-10-31T15:56:22",
      "Datetime": "2019-10-31T15:56:22",
      "ID": 91222,
      "User": {
        "Gender": "女",
        "MainBgPic": null,
        "AuthenticateCode": null,
        "AuthenticateName": null,
        "AuthenticateID": 0,
        "CityNames": null,
        "Describe": "突然喜欢惊鸿一瞥这个词\n一见钟情太肤浅，\n日久生情太苍白，\n别人眉来眼去，我只看你一眼，\n此后，情书寄给山鬼，\n心事写给西风，\n可，山鬼不识字\n西风不解情。\n\n仙女出境@我不是肚子-3- \n📷 <M 99513>@好仙一颗丹药</M>\n衣服:<M 77216>@司南阁汉服</M>  \n 抄送老师<M 26037>@知竹zZ</M> 谢谢大王带我拍仙女！",
        "AtteCount": 0,
        "ViolationCount": 0,
        "FansCount": 0,
        "UserAtte": false,
        "GoodAlbumCount": 0,
        "Popularity": 0,
        "UseHanbi": 0,
        "Close": false,
        "Black": false,
        "NoteName": null,
        "ID": 99513,
        "UserName": "993660230",
        "NickName": "好仙一颗丹药",
        "HeadUrl": "https://pic.hanfugou.com/android/2019/1/25/f09f6fe4db104c64a3e34af3b1d329fa.jpg"
      },
      "TopCount": 388,
      "CommCount": 37,
      "SaveCount": 34,
      "UserTop": false,
      "UserSave": false,
      "Hot": true,
      "Huiba": null,
      "Huibas": null
    }
  },

  "ServerTime": 1576847221,
  "Remark": {}
}