{
  "Status": "10000",
  "ErrorMessage": "成功",
  "Data": [{
    "Name": "霜降   吃柿子了吗？",
    "Describe": "霜须七十期同老，云水之乡。总挂冠裳。闲里光阴一倍长。况逢菊靥篱边笑，风露中香。报答秋光。自有仙人九酝觞。\n——向子諲《采桑子》\n\n出境: 客妹🍃",
    "FaceSrc": "https://pic.hanfugou.com/android/2019/9/24/f7f7b55b01c24fe8a725f6f2f0d58723.jpg",
    "Images": null,
    "StaffData": {
      "photoer": [{
        "id": 546374,
        "name": "秦韵二雷"
      }],
      "store": [{
        "id": 0,
        "name": "秦韵摄影工作室"
      }]
    },
    "ImageCount": 9,
    "TrendShops": null,
    "Good": true,
    "GoodDatetime": "2019-10-24T15:54:08",
    "Datetime": "2019-10-24T15:38:22",
    "ID": 90678,
    "User": {
      "Gender": "女",
      "MainBgPic": null,
      "AuthenticateCode": null,
      "AuthenticateName": null,
      "AuthenticateID": 0,
      "CityNames": null,
      "Describe": "霜须七十期同老，云水之乡。总挂冠裳。闲里光阴一倍长。况逢菊靥篱边笑，风露中香。报答秋光。自有仙人九酝觞。\n——向子諲《采桑子》\n\n出境: 客妹🍃",
      "AtteCount": 0,
      "ViolationCount": 0,
      "FansCount": 0,
      "UserAtte": false,
      "GoodAlbumCount": 0,
      "Popularity": 0,
      "UseHanbi": 0,
      "Close": false,
      "Black": false,
      "NoteName": null,
      "ID": 1580662,
      "UserName": "559803441",
      "NickName": "秦韵摄影工作室",
      "HeadUrl": "https://pic.hanfugou.com//android/2019/9/21/1c85ccd6fac24f0d85857f032015b80e.jpg"
    },
    "TopCount": 79,
    "CommCount": 9,
    "SaveCount": 10,
    "UserTop": false,
    "UserSave": false,
    "Hot": true,
    "Huiba": null,
    "Huibas": null
  }, {
    "Name": "赛兰约拍",
    "Describe": "汉服魅力 还有很多意想不到的美",
    "FaceSrc": "https://pic.hanfugou.com/ios/2019/10/22/12/14/157171765519923.jpg",
    "Images": null,
    "StaffData": {
      "store": [{
        "id": 0,
        "name": "赛兰殿汉服•幻玲珑"
      }]
    },
    "ImageCount": 20,
    "TrendShops": null,
    "Good": true,
    "GoodDatetime": "2019-10-22T12:24:25",
    "Datetime": "2019-10-22T12:16:49",
    "ID": 90543,
    "User": {
      "Gender": "女",
      "MainBgPic": null,
      "AuthenticateCode": null,
      "AuthenticateName": null,
      "AuthenticateID": 0,
      "CityNames": null,
      "Describe": "汉服魅力 还有很多意想不到的美",
      "AtteCount": 0,
      "ViolationCount": 0,
      "FansCount": 0,
      "UserAtte": false,
      "GoodAlbumCount": 0,
      "Popularity": 0,
      "UseHanbi": 0,
      "Close": false,
      "Black": false,
      "NoteName": null,
      "ID": 1573160,
      "UserName": "242489552",
      "NickName": "琪儿琪儿",
      "HeadUrl": "https://pic.hanfugou.com/ios/2019/10/28/14/10/157224302739370.jpg"
    },
    "TopCount": 59,
    "CommCount": 4,
    "SaveCount": 1,
    "UserTop": false,
    "UserSave": false,
    "Hot": true,
    "Huiba": null,
    "Huibas": null
  }, {
    "Name": "初来乍到，九宫格探路",
    "Describe": "将军少年出武威，入掌银台护紫微。\n平明拂剑朝天去，薄暮垂鞭醉酒归。",
    "FaceSrc": "https://pic.hanfugou.com/ios/2019/10/20/17/31/157156390050789.jpg",
    "Images": null,
    "StaffData": {
      "photoer": [{
        "id": 1578063,
        "name": "挽挽歌"
      }]
    },
    "ImageCount": 9,
    "TrendShops": null,
    "Good": true,
    "GoodDatetime": "2019-10-21T15:56:05",
    "Datetime": "2019-10-20T17:33:06",
    "ID": 90463,
    "User": {
      "Gender": "男",
      "MainBgPic": null,
      "AuthenticateCode": null,
      "AuthenticateName": null,
      "AuthenticateID": 0,
      "CityNames": null,
      "Describe": "将军少年出武威，入掌银台护紫微。\n平明拂剑朝天去，薄暮垂鞭醉酒归。",
      "AtteCount": 0,
      "ViolationCount": 0,
      "FansCount": 0,
      "UserAtte": false,
      "GoodAlbumCount": 0,
      "Popularity": 0,
      "UseHanbi": 0,
      "Close": false,
      "Black": false,
      "NoteName": null,
      "ID": 1578063,
      "UserName": "218205541",
      "NickName": "挽挽歌",
      "HeadUrl": "https://pic.hanfugou.com/ios/2019/10/20/17/23/157156343393070.jpg"
    },
    "TopCount": 53,
    "CommCount": 10,
    "SaveCount": 2,
    "UserTop": false,
    "UserSave": false,
    "Hot": true,
    "Huiba": null,
    "Huibas": null
  }, {
    "Name": "胖头鱼商拍",
    "Describe": "静女其姝,俟我于城隅。爱而不见,搔首踟蹰。",
    "FaceSrc": "https://pic.hanfugou.com/android/2019/9/20/1afadbc23af042b492d1b89d8248f573.jpg",
    "Images": null,
    "StaffData": {
      "photoer": [{
        "id": 1383841,
        "name": "女摄杨斯基suki"
      }],
      "store": [{
        "id": 0,
        "name": "南国引 "
      }]
    },
    "ImageCount": 9,
    "TrendShops": null,
    "Good": true,
    "GoodDatetime": "2019-10-21T15:47:07",
    "Datetime": "2019-10-20T18:47:34",
    "ID": 90468,
    "User": {
      "Gender": "女",
      "MainBgPic": null,
      "AuthenticateCode": null,
      "AuthenticateName": null,
      "AuthenticateID": 0,
      "CityNames": null,
      "Describe": "静女其姝,俟我于城隅。爱而不见,搔首踟蹰。",
      "AtteCount": 0,
      "ViolationCount": 0,
      "FansCount": 0,
      "UserAtte": false,
      "GoodAlbumCount": 0,
      "Popularity": 0,
      "UseHanbi": 0,
      "Close": false,
      "Black": false,
      "NoteName": null,
      "ID": 1383841,
      "UserName": "768693197",
      "NickName": "女摄杨斯基suki",
      "HeadUrl": "https://pic.hanfugou.com/android/2019/6/30/9cb617c5a437420aa2862e34f1f39082.jpg"
    },
    "TopCount": 79,
    "CommCount": 8,
    "SaveCount": 2,
    "UserTop": false,
    "UserSave": false,
    "Hot": true,
    "Huiba": null,
    "Huibas": null
  }, {
    "Name": "悠悠便沉沉",
    "Describe": "本是人生无意\n为何遇着是你\n\n——望江亭（观其复）昆曲选段\n\n（云南白菜约拍）",
    "FaceSrc": "https://pic.hanfugou.com/android/2019/9/20/02d6bdbcd14d47fe8fae9d7256149e9c.jpg",
    "Images": null,
    "StaffData": {
      "photoer": [{
        "id": 1332163,
        "name": "〔千葉〕 "
      }],
      "model": [{
        "id": 0,
        "name": "王莹小姐姐"
      }],
      "store": [{
        "id": 0,
        "name": "一寸锦"
      }]
    },
    "ImageCount": 10,
    "TrendShops": null,
    "Good": true,
    "GoodDatetime": "2019-10-21T15:29:09",
    "Datetime": "2019-10-20T19:16:21",
    "ID": 90470,
    "User": {
      "Gender": "女",
      "MainBgPic": null,
      "AuthenticateCode": null,
      "AuthenticateName": null,
      "AuthenticateID": 0,
      "CityNames": null,
      "Describe": "本是人生无意\n为何遇着是你\n\n——望江亭（观其复）昆曲选段\n\n（云南白菜约拍）",
      "AtteCount": 0,
      "ViolationCount": 0,
      "FansCount": 0,
      "UserAtte": false,
      "GoodAlbumCount": 0,
      "Popularity": 0,
      "UseHanbi": 0,
      "Close": false,
      "Black": false,
      "NoteName": null,
      "ID": 1332163,
      "UserName": "858648935",
      "NickName": "〔千葉〕",
      "HeadUrl": "https://pic.hanfugou.com/android/2019/6/11/11081f0a3a264dc8bafd3bea7026be0a.jpg"
    },
    "TopCount": 40,
    "CommCount": 0,
    "SaveCount": 2,
    "UserTop": false,
    "UserSave": false,
    "Hot": true,
    "Huiba": null,
    "Huibas": null
  }, {
    "Name": "唐城返图，摄后【小屁股】微博名【彭彭_】正好有转抽活动哦!",
    "Describe": "“一切都是也有也无，真真假假”\n摄后【彭彭_】微博名",
    "FaceSrc": "https://pic.hanfugou.com/android/2019/9/20/c23f930b9ee24598a42d480aba005f72.jpg",
    "Images": null,
    "StaffData": null,
    "ImageCount": 4,
    "TrendShops": null,
    "Good": true,
    "GoodDatetime": "2019-10-21T15:17:15",
    "Datetime": "2019-10-20T21:18:07",
    "ID": 90474,
    "User": {
      "Gender": "女",
      "MainBgPic": null,
      "AuthenticateCode": null,
      "AuthenticateName": null,
      "AuthenticateID": 0,
      "CityNames": null,
      "Describe": "“一切都是也有也无，真真假假”\n摄后【彭彭_】微博名",
      "AtteCount": 0,
      "ViolationCount": 0,
      "FansCount": 0,
      "UserAtte": false,
      "GoodAlbumCount": 0,
      "Popularity": 0,
      "UseHanbi": 0,
      "Close": false,
      "Black": false,
      "NoteName": null,
      "ID": 154196,
      "UserName": "572107155",
      "NickName": "GULU",
      "HeadUrl": "https://pic.hanfugou.com/android/2019/5/20/b6b43f6fb4d0449f860f90f49df096bd.jpg"
    },
    "TopCount": 52,
    "CommCount": 5,
    "SaveCount": 1,
    "UserTop": false,
    "UserSave": false,
    "Hot": true,
    "Huiba": null,
    "Huibas": null
  }, {
    "Name": "汉服",
    "Describe": "粉黛轻点胭脂狂\n似水一笑月朦胧\n出镜：梦影\n妆面：喵呜\n发型：梦影\n摄后：不辞\n后勤：清漪\n大型面基的一次拍摄 还跟nice",
    "FaceSrc": "https://pic.hanfugou.com/android/2019/9/20/c8f8e721055f4131a89301ee38dc8ef3.jpg",
    "Images": null,
    "StaffData": null,
    "ImageCount": 11,
    "TrendShops": null,
    "Good": true,
    "GoodDatetime": "2019-10-21T15:15:51",
    "Datetime": "2019-10-20T21:31:40",
    "ID": 90475,
    "User": {
      "Gender": "女",
      "MainBgPic": null,
      "AuthenticateCode": null,
      "AuthenticateName": null,
      "AuthenticateID": 0,
      "CityNames": null,
      "Describe": "粉黛轻点胭脂狂\n似水一笑月朦胧\n出镜：梦影\n妆面：喵呜\n发型：梦影\n摄后：不辞\n后勤：清漪\n大型面基的一次拍摄 还跟nice",
      "AtteCount": 0,
      "ViolationCount": 0,
      "FansCount": 0,
      "UserAtte": false,
      "GoodAlbumCount": 0,
      "Popularity": 0,
      "UseHanbi": 0,
      "Close": false,
      "Black": false,
      "NoteName": null,
      "ID": 36265,
      "UserName": "xu1356",
      "NickName": "褶语あおう",
      "HeadUrl": "https://pic.hanfugou.com//android/2019/9/29/1f849751f2d5448689a173ff24ecef2e.jpg"
    },
    "TopCount": 28,
    "CommCount": 0,
    "SaveCount": 0,
    "UserTop": false,
    "UserSave": false,
    "Hot": true,
    "Huiba": null,
    "Huibas": null
  }, {
    "Name": "嗯嗯 是我爱的颜色",
    "Describe": "么么哒",
    "FaceSrc": "https://pic.hanfugou.com/android/2019/9/20/af4db54ef60e4b6f96522f7ebe2290c5.jpg",
    "Images": null,
    "StaffData": null,
    "ImageCount": 12,
    "TrendShops": null,
    "Good": true,
    "GoodDatetime": "2019-10-21T15:15:17",
    "Datetime": "2019-10-20T21:43:52",
    "ID": 90477,
    "User": {
      "Gender": "女",
      "MainBgPic": null,
      "AuthenticateCode": null,
      "AuthenticateName": null,
      "AuthenticateID": 0,
      "CityNames": null,
      "Describe": "么么哒",
      "AtteCount": 0,
      "ViolationCount": 0,
      "FansCount": 0,
      "UserAtte": false,
      "GoodAlbumCount": 0,
      "Popularity": 0,
      "UseHanbi": 0,
      "Close": false,
      "Black": false,
      "NoteName": null,
      "ID": 1508176,
      "UserName": "262582136",
      "NickName": "野生铲屎官一枚",
      "HeadUrl": "https://pic.hanfugou.com//android/2019/8/29/25dfbea3d0364f9bb6b2d34a9000473c.jpg"
    },
    "TopCount": 46,
    "CommCount": 3,
    "SaveCount": 0,
    "UserTop": false,
    "UserSave": false,
    "Hot": true,
    "Huiba": null,
    "Huibas": null
  }, {
    "Name": "「黄泉录·曼珠沙华」",
    "Describe": "“终有一日，你行过黄泉，得见八百里红花，株株情根深种……”",
    "FaceSrc": "https://pic.hanfugou.com/ios/2019/10/21/1/4/157159107117705.jpg",
    "Images": null,
    "StaffData": {
      "photoer": [{
        "id": 0,
        "name": "只屿渔"
      }],
      "model": [{
        "id": 1526658,
        "name": "拂雪ins一接商拍"
      }],
      "store": [{
        "id": 104103,
        "name": "上遥居"
      }]
    },
    "ImageCount": 9,
    "TrendShops": null,
    "Good": true,
    "GoodDatetime": "2019-10-21T15:05:13",
    "Datetime": "2019-10-21T01:06:54",
    "ID": 90483,
    "User": {
      "Gender": "女",
      "MainBgPic": null,
      "AuthenticateCode": null,
      "AuthenticateName": null,
      "AuthenticateID": 0,
      "CityNames": null,
      "Describe": "“终有一日，你行过黄泉，得见八百里红花，株株情根深种……”",
      "AtteCount": 0,
      "ViolationCount": 0,
      "FansCount": 0,
      "UserAtte": false,
      "GoodAlbumCount": 0,
      "Popularity": 0,
      "UseHanbi": 0,
      "Close": false,
      "Black": false,
      "NoteName": null,
      "ID": 1526658,
      "UserName": "847307794",
      "NickName": "拂雪一接12月商拍",
      "HeadUrl": "https://pic.hanfugou.com/ios/2019/10/25/18/15/157199851953649.jpg"
    },
    "TopCount": 191,
    "CommCount": 15,
    "SaveCount": 11,
    "UserTop": false,
    "UserSave": false,
    "Hot": true,
    "Huiba": null,
    "Huibas": null
  }, {
    "Name": "百花深处",
    "Describe": "十里楼台倚翠微，百花深处杜鹃啼\n惊梦觉，弄晴时。声声只道不如归",
    "FaceSrc": "https://pic.hanfugou.com/android/2019/9/21/8652622cd28a43f596108b40b515e7c6.jpg",
    "Images": null,
    "StaffData": {
      "model": [{
        "id": 169989,
        "name": "采薇小白兔"
      }],
      "store": [{
        "id": 0,
        "name": "如梦霓裳"
      }]
    },
    "ImageCount": 9,
    "TrendShops": null,
    "Good": true,
    "GoodDatetime": "2019-10-21T14:47:09",
    "Datetime": "2019-10-21T09:24:43",
    "ID": 90489,
    "User": {
      "Gender": "女",
      "MainBgPic": null,
      "AuthenticateCode": null,
      "AuthenticateName": null,
      "AuthenticateID": 0,
      "CityNames": null,
      "Describe": "十里楼台倚翠微，百花深处杜鹃啼\n惊梦觉，弄晴时。声声只道不如归",
      "AtteCount": 0,
      "ViolationCount": 0,
      "FansCount": 0,
      "UserAtte": false,
      "GoodAlbumCount": 0,
      "Popularity": 0,
      "UseHanbi": 0,
      "Close": false,
      "Black": false,
      "NoteName": null,
      "ID": 169989,
      "UserName": "478126616",
      "NickName": "采薇小白兔",
      "HeadUrl": "https://pic.hanfugou.com//android/2019/10/18/e7ccbddad78b4741b08c306d8f1e30de.jpg"
    },
    "TopCount": 32,
    "CommCount": 2,
    "SaveCount": 5,
    "UserTop": false,
    "UserSave": false,
    "Hot": true,
    "Huiba": null,
    "Huibas": null
  }],
  "ServerTime": 1576842937,
  "Remark": {}
}