{
  "Status": "10000",
  "ErrorMessage": "成功",
  "Data": [{
    "ShelvesRole": 2,
    "TypeNames": "女款套装,袒领套装",
    "OtherID": 0,
    "ShopGood": false,
    "ShopGoodDatetime": "1900-01-01T00:00:00",
    "AdminGood": true,
    "AdminGoodDatetime": "2019-12-20T16:16:31",
    "BuyStock": false,
    "Popularity": 0,
    "SyncTaobao": true,
    "Lock": false,
    "SyncErp": true,
    "DeleteDatetime": "0001-01-01T00:00:00",
    "HotSort": 1000,
    "HaveSku": true,
    "ShipDay": 0,
    "Describe": "如图",
    "Video": null,
    "Banners": null,
    "Images": null,
    "CommCount": 0,
    "SevenReturn": false,
    "Skus": null,
    "TaobaoShelves": true,
    "DiscountID": 0,
    "OutNumber": null,
    "ID": 55477,
    "Name": "【墨绯】原创正品超仙刺绣坦领上衣齐腰襦裙三件套汉服秋冬套装女",
    "FaceSrc": "https://pic.hanfugou.com/web/2019/12/20/15/4967b613e21342cc80b34cfe3fe30552.jpg",
    "BasePrice": 38.00,
    "Price": 38.00,
    "BasePriceRange": "38.0-238.0",
    "PriceRange": "38.0-238.0",
    "OtherMark": null,
    "SaveCount": 5,
    "Shop": {
      "ID": 25,
      "Name": "墨绯汉服",
      "User": {
        "Gender": null,
        "MainBgPic": null,
        "AuthenticateCode": null,
        "AuthenticateName": null,
        "AuthenticateID": 0,
        "CityNames": null,
        "Describe": null,
        "AtteCount": 0,
        "ViolationCount": 0,
        "FansCount": 2433,
        "UserAtte": false,
        "GoodAlbumCount": 0,
        "Popularity": 0,
        "UseHanbi": 0,
        "Close": false,
        "Black": false,
        "NoteName": null,
        "ID": 748,
        "UserName": null,
        "NickName": null,
        "HeadUrl": null
      },
      "LogoSrc": "https://pic.hanfugou.com/web/2019/12/6/10/6ed577433dc54778bf2c06f53460952c.jpeg",
      "GoodLogoSrc": null,
      "MainBgSrc": null,
      "CityNames": "广东,广州",
      "AtteCount": 2433,
      "UserAtte": false,
      "ProductCount": 180,
      "Products": null,
      "ShopMark": null
    },
    "Stock": 150,
    "SalesVolume": 0,
    "MonthSalesVolume": 0,
    "TaobaoID": 610357006685,
    "UserSave": false,
    "Shelves": true,
    "PostageID": 473,
    "TypeID": 27,
    "BeginDatetime": "2019-12-20T16:16:21",
    "EndDatetime": "1900-01-01T00:00:00",
    "Datetime": "2019-12-20T15:32:20"
  }, {
    "ShelvesRole": 2,
    "TypeNames": "女款套装,袒领套装",
    "OtherID": 0,
    "ShopGood": false,
    "ShopGoodDatetime": "1900-01-01T00:00:00",
    "AdminGood": true,
    "AdminGoodDatetime": "2019-12-20T16:16:26",
    "BuyStock": false,
    "Popularity": 0,
    "SyncTaobao": true,
    "Lock": false,
    "SyncErp": true,
    "DeleteDatetime": "0001-01-01T00:00:00",
    "HotSort": 1000,
    "HaveSku": true,
    "ShipDay": 0,
    "Describe": "如图",
    "Video": null,
    "Banners": null,
    "Images": null,
    "CommCount": 0,
    "SevenReturn": false,
    "Skus": null,
    "TaobaoShelves": true,
    "DiscountID": 0,
    "OutNumber": null,
    "ID": 55476,
    "Name": "【墨绯】花醉月原创传统绣花汉服坦领披帛破裙4.5m摆刺绣套装女",
    "FaceSrc": "https://pic.hanfugou.com/web/2019/12/20/15/7dafef287aa44f17800ad80c3d9b4693.jpg",
    "BasePrice": 386.00,
    "Price": 386.00,
    "BasePriceRange": "386.0",
    "PriceRange": "386.0",
    "OtherMark": null,
    "SaveCount": 6,
    "Shop": {
      "ID": 25,
      "Name": "墨绯汉服",
      "User": {
        "Gender": null,
        "MainBgPic": null,
        "AuthenticateCode": null,
        "AuthenticateName": null,
        "AuthenticateID": 0,
        "CityNames": null,
        "Describe": null,
        "AtteCount": 0,
        "ViolationCount": 0,
        "FansCount": 2433,
        "UserAtte": false,
        "GoodAlbumCount": 0,
        "Popularity": 0,
        "UseHanbi": 0,
        "Close": false,
        "Black": false,
        "NoteName": null,
        "ID": 748,
        "UserName": null,
        "NickName": null,
        "HeadUrl": null
      },
      "LogoSrc": "https://pic.hanfugou.com/web/2019/12/6/10/6ed577433dc54778bf2c06f53460952c.jpeg",
      "GoodLogoSrc": null,
      "MainBgSrc": null,
      "CityNames": "广东,广州",
      "AtteCount": 2433,
      "UserAtte": false,
      "ProductCount": 180,
      "Products": null,
      "ShopMark": null
    },
    "Stock": 40,
    "SalesVolume": 0,
    "MonthSalesVolume": 0,
    "TaobaoID": 609853056564,
    "UserSave": false,
    "Shelves": true,
    "PostageID": 473,
    "TypeID": 27,
    "BeginDatetime": "2019-12-20T16:16:19",
    "EndDatetime": "1900-01-01T00:00:00",
    "Datetime": "2019-12-20T15:32:07"
  }, {
    "ShelvesRole": 0,
    "TypeNames": "女款单品,马面",
    "OtherID": 0,
    "ShopGood": false,
    "ShopGoodDatetime": "1900-01-01T00:00:00",
    "AdminGood": true,
    "AdminGoodDatetime": "2019-12-20T10:22:15",
    "BuyStock": false,
    "Popularity": 0,
    "SyncTaobao": true,
    "Lock": false,
    "SyncErp": true,
    "DeleteDatetime": "0001-01-01T00:00:00",
    "HotSort": 1000,
    "HaveSku": true,
    "ShipDay": 0,
    "Describe": "如图",
    "Video": null,
    "Banners": null,
    "Images": null,
    "CommCount": 0,
    "SevenReturn": false,
    "Skus": null,
    "TaobaoShelves": true,
    "DiscountID": 0,
    "OutNumber": null,
    "ID": 55467,
    "Name": "云梦泽 天星轩原创汉服袄裙女暗纹百褶明制平行褶马面裙秋冬新品",
    "FaceSrc": "https://pic.hanfugou.com/web/2019/12/19/21/47c70517ddd84a2c9faca32aadef7a87.jpg",
    "BasePrice": 169.00,
    "Price": 169.00,
    "BasePriceRange": "169.0",
    "PriceRange": "169.0",
    "OtherMark": null,
    "SaveCount": 3,
    "Shop": {
      "ID": 1065,
      "Name": "天星轩汉服",
      "User": {
        "Gender": null,
        "MainBgPic": null,
        "AuthenticateCode": null,
        "AuthenticateName": null,
        "AuthenticateID": 0,
        "CityNames": null,
        "Describe": null,
        "AtteCount": 0,
        "ViolationCount": 0,
        "FansCount": 794,
        "UserAtte": false,
        "GoodAlbumCount": 0,
        "Popularity": 0,
        "UseHanbi": 0,
        "Close": false,
        "Black": false,
        "NoteName": null,
        "ID": 598836,
        "UserName": null,
        "NickName": null,
        "HeadUrl": null
      },
      "LogoSrc": "https://pic.hanfugou.com/web/2019/3/12/14/0e11f892020844f6a8b8aba9fe48f4c9.jpeg",
      "GoodLogoSrc": null,
      "MainBgSrc": null,
      "CityNames": "陕西,西安",
      "AtteCount": 794,
      "UserAtte": false,
      "ProductCount": 50,
      "Products": null,
      "ShopMark": null
    },
    "Stock": 1197,
    "SalesVolume": 0,
    "MonthSalesVolume": 0,
    "TaobaoID": 610360726157,
    "UserSave": false,
    "Shelves": true,
    "PostageID": 351,
    "TypeID": 38,
    "BeginDatetime": "2019-12-20T10:22:13",
    "EndDatetime": "1900-01-01T00:00:00",
    "Datetime": "2019-12-19T21:38:15"
  }, {
    "ShelvesRole": 0,
    "TypeNames": "女款单品,褶裙",
    "OtherID": 0,
    "ShopGood": false,
    "ShopGoodDatetime": "1900-01-01T00:00:00",
    "AdminGood": true,
    "AdminGoodDatetime": "2019-12-20T10:17:31",
    "BuyStock": false,
    "Popularity": 0,
    "SyncTaobao": true,
    "Lock": false,
    "SyncErp": true,
    "DeleteDatetime": "0001-01-01T00:00:00",
    "HotSort": 1000,
    "HaveSku": true,
    "ShipDay": 0,
    "Describe": "如图",
    "Video": null,
    "Banners": null,
    "Images": null,
    "CommCount": 0,
    "SevenReturn": false,
    "Skus": null,
    "TaobaoShelves": true,
    "DiscountID": 0,
    "OutNumber": null,
    "ID": 55465,
    "Name": "原创素色明制马面裙纯色一片式齐腰白褶裙春夏秋日常汉服女全褶裙",
    "FaceSrc": "https://pic.hanfugou.com/web/2019/12/19/19/d8392a6eb7a24598820ab369b99b114f.jpg",
    "BasePrice": 78.00,
    "Price": 78.00,
    "BasePriceRange": "78.0-99.0",
    "PriceRange": "78.0-99.0",
    "OtherMark": null,
    "SaveCount": 35,
    "Shop": {
      "ID": 2518,
      "Name": "微雨惊蛰汉服",
      "User": {
        "Gender": null,
        "MainBgPic": null,
        "AuthenticateCode": null,
        "AuthenticateName": null,
        "AuthenticateID": 0,
        "CityNames": null,
        "Describe": null,
        "AtteCount": 0,
        "ViolationCount": 0,
        "FansCount": 25,
        "UserAtte": false,
        "GoodAlbumCount": 0,
        "Popularity": 0,
        "UseHanbi": 0,
        "Close": false,
        "Black": false,
        "NoteName": null,
        "ID": 1670915,
        "UserName": null,
        "NickName": null,
        "HeadUrl": null
      },
      "LogoSrc": "https://pic.hanfugou.com/web/2019/12/11/21/63d402d83dcc4bbcaffb5883de35829d.jpeg",
      "GoodLogoSrc": null,
      "MainBgSrc": null,
      "CityNames": "四川,成都",
      "AtteCount": 25,
      "UserAtte": false,
      "ProductCount": 6,
      "Products": null,
      "ShopMark": null
    },
    "Stock": 7917,
    "SalesVolume": 1,
    "MonthSalesVolume": 0,
    "TaobaoID": 610205343205,
    "UserSave": false,
    "Shelves": true,
    "PostageID": 480,
    "TypeID": 39,
    "BeginDatetime": "2019-12-20T10:17:16",
    "EndDatetime": "1900-01-01T00:00:00",
    "Datetime": "2019-12-19T19:53:19"
  }, {
    "ShelvesRole": 0,
    "TypeNames": "内衣/中衣,中衣/裤/裙",
    "OtherID": 0,
    "ShopGood": false,
    "ShopGoodDatetime": "1900-01-01T00:00:00",
    "AdminGood": true,
    "AdminGoodDatetime": "2019-12-20T10:17:34",
    "BuyStock": false,
    "Popularity": 0,
    "SyncTaobao": true,
    "Lock": false,
    "SyncErp": true,
    "DeleteDatetime": "0001-01-01T00:00:00",
    "HotSort": 1000,
    "HaveSku": true,
    "ShipDay": 0,
    "Describe": "如图",
    "Video": null,
    "Banners": null,
    "Images": null,
    "CommCount": 0,
    "SevenReturn": false,
    "Skus": null,
    "TaobaoShelves": true,
    "DiscountID": 0,
    "OutNumber": null,
    "ID": 55463,
    "Name": "加绒保暖中衣中裤日常汉服男女同款不倒绒居家禅修练功服贴",
    "FaceSrc": "https://pic.hanfugou.com/web/2019/12/19/19/fef8c86bdf4a42a28c8a0d683c485a64.jpg",
    "BasePrice": 49.50,
    "Price": 49.50,
    "BasePriceRange": "49.5",
    "PriceRange": "49.5",
    "OtherMark": null,
    "SaveCount": 13,
    "Shop": {
      "ID": 2518,
      "Name": "微雨惊蛰汉服",
      "User": {
        "Gender": null,
        "MainBgPic": null,
        "AuthenticateCode": null,
        "AuthenticateName": null,
        "AuthenticateID": 0,
        "CityNames": null,
        "Describe": null,
        "AtteCount": 0,
        "ViolationCount": 0,
        "FansCount": 25,
        "UserAtte": false,
        "GoodAlbumCount": 0,
        "Popularity": 0,
        "UseHanbi": 0,
        "Close": false,
        "Black": false,
        "NoteName": null,
        "ID": 1670915,
        "UserName": null,
        "NickName": null,
        "HeadUrl": null
      },
      "LogoSrc": "https://pic.hanfugou.com/web/2019/12/11/21/63d402d83dcc4bbcaffb5883de35829d.jpeg",
      "GoodLogoSrc": null,
      "MainBgSrc": null,
      "CityNames": "四川,成都",
      "AtteCount": 25,
      "UserAtte": false,
      "ProductCount": 6,
      "Products": null,
      "ShopMark": null
    },
    "Stock": 1210,
    "SalesVolume": 2,
    "MonthSalesVolume": 0,
    "TaobaoID": 609923399163,
    "UserSave": false,
    "Shelves": true,
    "PostageID": 481,
    "TypeID": 43,
    "BeginDatetime": "2019-12-20T10:17:05",
    "EndDatetime": "1900-01-01T00:00:00",
    "Datetime": "2019-12-19T19:52:54"
  }, {
    "ShelvesRole": 0,
    "TypeNames": "女款单品,上袄",
    "OtherID": 0,
    "ShopGood": false,
    "ShopGoodDatetime": "1900-01-01T00:00:00",
    "AdminGood": true,
    "AdminGoodDatetime": "2019-12-20T10:18:25",
    "BuyStock": false,
    "Popularity": 0,
    "SyncTaobao": true,
    "Lock": false,
    "SyncErp": true,
    "DeleteDatetime": "0001-01-01T00:00:00",
    "HotSort": 1000,
    "HaveSku": true,
    "ShipDay": 0,
    "Describe": "<p>小可爱们注意谷雨和芒种颜色哟 谷雨偏黄 芒种是白色的！！！</p>",
    "Video": null,
    "Banners": null,
    "Images": null,
    "CommCount": 0,
    "SevenReturn": false,
    "Skus": null,
    "TaobaoShelves": true,
    "DiscountID": 0,
    "OutNumber": null,
    "ID": 55462,
    "Name": "明制汉服女微雨惊蛰原创提花立领对襟短袄琵琶袖配马面裙 非 ",
    "FaceSrc": "https://pic.hanfugou.com/web/2019/12/19/19/c8f462300ca34237be3d12c3f79f9374.jpg",
    "BasePrice": 118.00,
    "Price": 118.00,
    "BasePriceRange": "118.0",
    "PriceRange": "118.0",
    "OtherMark": null,
    "SaveCount": 21,
    "Shop": {
      "ID": 2518,
      "Name": "微雨惊蛰汉服",
      "User": {
        "Gender": null,
        "MainBgPic": null,
        "AuthenticateCode": null,
        "AuthenticateName": null,
        "AuthenticateID": 0,
        "CityNames": null,
        "Describe": null,
        "AtteCount": 0,
        "ViolationCount": 0,
        "FansCount": 25,
        "UserAtte": false,
        "GoodAlbumCount": 0,
        "Popularity": 0,
        "UseHanbi": 0,
        "Close": false,
        "Black": false,
        "NoteName": null,
        "ID": 1670915,
        "UserName": null,
        "NickName": null,
        "HeadUrl": null
      },
      "LogoSrc": "https://pic.hanfugou.com/web/2019/12/11/21/63d402d83dcc4bbcaffb5883de35829d.jpeg",
      "GoodLogoSrc": null,
      "MainBgSrc": null,
      "CityNames": "四川,成都",
      "AtteCount": 25,
      "UserAtte": false,
      "ProductCount": 6,
      "Products": null,
      "ShopMark": null
    },
    "Stock": 4939,
    "SalesVolume": 0,
    "MonthSalesVolume": 0,
    "TaobaoID": 609674774019,
    "UserSave": false,
    "Shelves": true,
    "PostageID": 480,
    "TypeID": 33,
    "BeginDatetime": "2019-12-20T10:16:56",
    "EndDatetime": "1900-01-01T00:00:00",
    "Datetime": "2019-12-19T19:52:43"
  }, {
    "ShelvesRole": 0,
    "TypeNames": "女款单品,上袄",
    "OtherID": 0,
    "ShopGood": false,
    "ShopGoodDatetime": "1900-01-01T00:00:00",
    "AdminGood": true,
    "AdminGoodDatetime": "2019-12-20T10:18:24",
    "BuyStock": false,
    "Popularity": 0,
    "SyncTaobao": true,
    "Lock": false,
    "SyncErp": true,
    "DeleteDatetime": "0001-01-01T00:00:00",
    "HotSort": 1000,
    "HaveSku": true,
    "ShipDay": 0,
    "Describe": "<p>微雨惊蛰汉服平铺验证！！！！</p>",
    "Video": null,
    "Banners": null,
    "Images": null,
    "CommCount": 0,
    "SevenReturn": false,
    "Skus": null,
    "TaobaoShelves": true,
    "DiscountID": 0,
    "OutNumber": null,
    "ID": 55460,
    "Name": "【微雨惊蛰】汉服交领袄裙    对襟立领短袄   平铺图",
    "FaceSrc": "https://pic.hanfugou.com/web/2019/12/19/19/50d919bf03444660b98303b5650b64ad.jpg",
    "BasePrice": 999.00,
    "Price": 999.00,
    "BasePriceRange": "999.0",
    "PriceRange": "999.0",
    "OtherMark": null,
    "SaveCount": 0,
    "Shop": {
      "ID": 2518,
      "Name": "微雨惊蛰汉服",
      "User": {
        "Gender": null,
        "MainBgPic": null,
        "AuthenticateCode": null,
        "AuthenticateName": null,
        "AuthenticateID": 0,
        "CityNames": null,
        "Describe": null,
        "AtteCount": 0,
        "ViolationCount": 0,
        "FansCount": 25,
        "UserAtte": false,
        "GoodAlbumCount": 0,
        "Popularity": 0,
        "UseHanbi": 0,
        "Close": false,
        "Black": false,
        "NoteName": null,
        "ID": 1670915,
        "UserName": null,
        "NickName": null,
        "HeadUrl": null
      },
      "LogoSrc": "https://pic.hanfugou.com/web/2019/12/11/21/63d402d83dcc4bbcaffb5883de35829d.jpeg",
      "GoodLogoSrc": null,
      "MainBgSrc": null,
      "CityNames": "四川,成都",
      "AtteCount": 25,
      "UserAtte": false,
      "ProductCount": 6,
      "Products": null,
      "ShopMark": null
    },
    "Stock": 1,
    "SalesVolume": 0,
    "MonthSalesVolume": 0,
    "TaobaoID": 586188848732,
    "UserSave": false,
    "Shelves": true,
    "PostageID": 480,
    "TypeID": 33,
    "BeginDatetime": "2019-12-19T21:06:39",
    "EndDatetime": "1900-01-01T00:00:00",
    "Datetime": "2019-12-19T19:52:06"
  }, {
    "ShelvesRole": 0,
    "TypeNames": "专拍,其它",
    "OtherID": 0,
    "ShopGood": false,
    "ShopGoodDatetime": "1900-01-01T00:00:00",
    "AdminGood": true,
    "AdminGoodDatetime": "2019-12-20T11:02:59",
    "BuyStock": false,
    "Popularity": 0,
    "SyncTaobao": true,
    "Lock": false,
    "SyncErp": true,
    "DeleteDatetime": "0001-01-01T00:00:00",
    "HotSort": 1000,
    "HaveSku": false,
    "ShipDay": 0,
    "Describe": "如图",
    "Video": null,
    "Banners": null,
    "Images": null,
    "CommCount": 0,
    "SevenReturn": false,
    "Skus": null,
    "TaobaoShelves": true,
    "DiscountID": 0,
    "OutNumber": "CHZB01",
    "ID": 55458,
    "Name": "卡婷礼盒",
    "FaceSrc": "https://pic.hanfugou.com/web/2019/12/19/19/4c63a7b287c447d3893b2b5e972063df.jpg",
    "BasePrice": 999.00,
    "Price": 999.00,
    "BasePriceRange": "999.0",
    "PriceRange": "999.0",
    "OtherMark": null,
    "SaveCount": 5,
    "Shop": {
      "ID": 12,
      "Name": "重回汉唐汉服店",
      "User": {
        "Gender": null,
        "MainBgPic": null,
        "AuthenticateCode": null,
        "AuthenticateName": null,
        "AuthenticateID": 0,
        "CityNames": null,
        "Describe": null,
        "AtteCount": 0,
        "ViolationCount": 0,
        "FansCount": 58708,
        "UserAtte": false,
        "GoodAlbumCount": 0,
        "Popularity": 0,
        "UseHanbi": 0,
        "Close": false,
        "Black": false,
        "NoteName": null,
        "ID": 14595,
        "UserName": null,
        "NickName": null,
        "HeadUrl": null
      },
      "LogoSrc": "https://pic.hanfugou.com/pc/2019/4/11/15/855f7ba48d1940cc8d518e8020afec22.png",
      "GoodLogoSrc": null,
      "MainBgSrc": null,
      "CityNames": "四川,成都",
      "AtteCount": 58708,
      "UserAtte": false,
      "ProductCount": 335,
      "Products": null,
      "ShopMark": null
    },
    "Stock": 100,
    "SalesVolume": 0,
    "MonthSalesVolume": 0,
    "TaobaoID": 610589063746,
    "UserSave": false,
    "Shelves": true,
    "PostageID": 138,
    "TypeID": 100,
    "BeginDatetime": "2019-12-20T11:02:57",
    "EndDatetime": "1900-01-01T00:00:00",
    "Datetime": "2019-12-19T19:40:46"
  }, {
    "ShelvesRole": 0,
    "TypeNames": "童装,襦裙/袄裙/衣裳",
    "OtherID": 0,
    "ShopGood": false,
    "ShopGoodDatetime": "1900-01-01T00:00:00",
    "AdminGood": true,
    "AdminGoodDatetime": "2019-12-19T15:54:50",
    "BuyStock": false,
    "Popularity": 0,
    "SyncTaobao": true,
    "Lock": false,
    "SyncErp": true,
    "DeleteDatetime": "0001-01-01T00:00:00",
    "HotSort": 1000,
    "HaveSku": true,
    "ShipDay": 0,
    "Describe": "如图",
    "Video": null,
    "Banners": null,
    "Images": null,
    "CommCount": 0,
    "SevenReturn": false,
    "Skus": null,
    "TaobaoShelves": true,
    "DiscountID": 0,
    "OutNumber": null,
    "ID": 55451,
    "Name": "原创传统汉服女童交领裙儿童中国风童装小孩子演出服中式服装",
    "FaceSrc": "https://pic.hanfugou.com/web/2019/12/19/15/93e4bbc5db904daebaa187e74a6f16ce.jpg",
    "BasePrice": 98.00,
    "Price": 98.00,
    "BasePriceRange": "98.0-296.0",
    "PriceRange": "98.0-296.0",
    "OtherMark": null,
    "SaveCount": 2,
    "Shop": {
      "ID": 833,
      "Name": "汉家小童",
      "User": {
        "Gender": null,
        "MainBgPic": null,
        "AuthenticateCode": null,
        "AuthenticateName": null,
        "AuthenticateID": 0,
        "CityNames": null,
        "Describe": null,
        "AtteCount": 0,
        "ViolationCount": 0,
        "FansCount": 1299,
        "UserAtte": false,
        "GoodAlbumCount": 0,
        "Popularity": 0,
        "UseHanbi": 0,
        "Close": false,
        "Black": false,
        "NoteName": null,
        "ID": 379794,
        "UserName": null,
        "NickName": null,
        "HeadUrl": null
      },
      "LogoSrc": "https://pic.hanfugou.com/web/2018/12/11/19/7822037934164ab59874932fc3a07c4a.png",
      "GoodLogoSrc": null,
      "MainBgSrc": null,
      "CityNames": "广东,东莞",
      "AtteCount": 1299,
      "UserAtte": false,
      "ProductCount": 123,
      "Products": null,
      "ShopMark": null
    },
    "Stock": 4200,
    "SalesVolume": 0,
    "MonthSalesVolume": 0,
    "TaobaoID": 610543679200,
    "UserSave": false,
    "Shelves": true,
    "PostageID": 0,
    "TypeID": 121,
    "BeginDatetime": "2019-12-19T15:54:25",
    "EndDatetime": "1900-01-01T00:00:00",
    "Datetime": "2019-12-19T15:17:46"
  }, {
    "ShelvesRole": 0,
    "TypeNames": "童装,圆领/曲裾/曳撒/直裾",
    "OtherID": 0,
    "ShopGood": false,
    "ShopGoodDatetime": "1900-01-01T00:00:00",
    "AdminGood": true,
    "AdminGoodDatetime": "2019-12-19T15:54:33",
    "BuyStock": false,
    "Popularity": 0,
    "SyncTaobao": true,
    "Lock": false,
    "SyncErp": true,
    "DeleteDatetime": "0001-01-01T00:00:00",
    "HotSort": 1000,
    "HaveSku": true,
    "ShipDay": 0,
    "Describe": "如图",
    "Video": null,
    "Banners": null,
    "Images": null,
    "CommCount": 0,
    "SevenReturn": false,
    "Skus": null,
    "TaobaoShelves": true,
    "DiscountID": 0,
    "OutNumber": null,
    "ID": 55450,
    "Name": "汉家小童传统汉服贴里睚眦男孩女孩古风女童装儿童演出服连衣裙",
    "FaceSrc": "https://pic.hanfugou.com/web/2019/12/19/15/4d267ec99ef4401b8cd7c6fbd7026c2c.jpg",
    "BasePrice": 278.00,
    "Price": 278.00,
    "BasePriceRange": "278.0-298.0",
    "PriceRange": "278.0-298.0",
    "OtherMark": null,
    "SaveCount": 0,
    "Shop": {
      "ID": 833,
      "Name": "汉家小童",
      "User": {
        "Gender": null,
        "MainBgPic": null,
        "AuthenticateCode": null,
        "AuthenticateName": null,
        "AuthenticateID": 0,
        "CityNames": null,
        "Describe": null,
        "AtteCount": 0,
        "ViolationCount": 0,
        "FansCount": 1299,
        "UserAtte": false,
        "GoodAlbumCount": 0,
        "Popularity": 0,
        "UseHanbi": 0,
        "Close": false,
        "Black": false,
        "NoteName": null,
        "ID": 379794,
        "UserName": null,
        "NickName": null,
        "HeadUrl": null
      },
      "LogoSrc": "https://pic.hanfugou.com/web/2018/12/11/19/7822037934164ab59874932fc3a07c4a.png",
      "GoodLogoSrc": null,
      "MainBgSrc": null,
      "CityNames": "广东,东莞",
      "AtteCount": 1299,
      "UserAtte": false,
      "ProductCount": 123,
      "Products": null,
      "ShopMark": null
    },
    "Stock": 1400,
    "SalesVolume": 0,
    "MonthSalesVolume": 0,
    "TaobaoID": 610314902762,
    "UserSave": false,
    "Shelves": true,
    "PostageID": 0,
    "TypeID": 128,
    "BeginDatetime": "2019-12-19T15:54:36",
    "EndDatetime": "1900-01-01T00:00:00",
    "Datetime": "2019-12-19T15:17:34"
  }],
  "ServerTime": 1576844003,
  "Remark": {
    "count": 5331
  }
}