{
  "Status": "10000",
  "ErrorMessage": "成功",
  "Data": [{
    "ID": 37222,
    "Name": "轻汉坊（鱼莲说）原创明制袄裙琵琶袖刺绣单层日常秋冬袄裙汉服",
    "FaceSrc": "https://pic.hanfugou.com/web/2019/6/13/17/a30dc7fe554a468391a437ba4a0bbacb.jpg",
    "BasePrice": 158.00,
    "Price": 158.00,
    "BasePriceRange": "158.0",
    "PriceRange": "158.0",
    "OtherMark": null,
    "SaveCount": 43469,
    "Shop": {
      "ID": 949,
      "Name": "轻汉坊",
      "User": {
        "Gender": null,
        "MainBgPic": null,
        "AuthenticateCode": null,
        "AuthenticateName": null,
        "AuthenticateID": 0,
        "CityNames": null,
        "Describe": null,
        "AtteCount": 0,
        "ViolationCount": 0,
        "FansCount": 37713,
        "UserAtte": false,
        "GoodAlbumCount": 0,
        "Popularity": 0,
        "UseHanbi": 0,
        "Close": false,
        "Black": false,
        "NoteName": null,
        "ID": 352504,
        "UserName": null,
        "NickName": null,
        "HeadUrl": null
      },
      "LogoSrc": "https://pic.hanfugou.com/web/2019/2/12/10/7f9b4182db9145c0b7e640a06413a8ed.jpeg",
      "GoodLogoSrc": null,
      "MainBgSrc": null,
      "CityNames": "北京,朝阳",
      "AtteCount": 37713,
      "UserAtte": false,
      "ProductCount": 17,
      "Products": null,
      "ShopMark": null
    },
    "Stock": 6798,
    "SalesVolume": 6900,
    "MonthSalesVolume": 623,
    "TaobaoID": 581958873568,
    "UserSave": false,
    "Shelves": true,
    "PostageID": 0,
    "TypeID": 64,
    "BeginDatetime": "2019-12-13T00:00:12",
    "EndDatetime": "0001-01-01T00:00:00",
    "Datetime": "2019-02-15T14:11:18"
  }, {
    "ID": 50779,
    "Name": "呦呦鹿鸣 云梦蝶 原创汉服女绣花立领斜襟长配纯色裙日常秋冬日常",
    "FaceSrc": "https://pic.hanfugou.com/web/2019/9/27/21/8ce52ee557eb4fcab048b33492cf21fc.jpg",
    "BasePrice": 158.00,
    "Price": 158.00,
    "BasePriceRange": "158.0",
    "PriceRange": "158.0",
    "OtherMark": null,
    "SaveCount": 5217,
    "Shop": {
      "ID": 866,
      "Name": "呦呦鹿鸣",
      "User": {
        "Gender": null,
        "MainBgPic": null,
        "AuthenticateCode": null,
        "AuthenticateName": null,
        "AuthenticateID": 0,
        "CityNames": null,
        "Describe": null,
        "AtteCount": 0,
        "ViolationCount": 0,
        "FansCount": 19089,
        "UserAtte": false,
        "GoodAlbumCount": 0,
        "Popularity": 0,
        "UseHanbi": 0,
        "Close": false,
        "Black": false,
        "NoteName": null,
        "ID": 392220,
        "UserName": null,
        "NickName": null,
        "HeadUrl": null
      },
      "LogoSrc": "https://pic.hanfugou.com/web/2018/12/23/21/af944065e8b1453f8b9d7cf7355ecb43.jpeg",
      "GoodLogoSrc": null,
      "MainBgSrc": null,
      "CityNames": "江苏,徐州",
      "AtteCount": 19089,
      "UserAtte": false,
      "ProductCount": 10,
      "Products": null,
      "ShopMark": null
    },
    "Stock": 4806,
    "SalesVolume": 518,
    "MonthSalesVolume": 190,
    "TaobaoID": 604472639765,
    "UserSave": false,
    "Shelves": true,
    "PostageID": 301,
    "TypeID": 64,
    "BeginDatetime": "2019-12-13T00:01:30",
    "EndDatetime": "0001-01-01T00:00:00",
    "Datetime": "2019-09-27T21:35:04"
  }, {
    "ID": 54673,
    "Name": "轻汉坊 原创汉服超值【福袋】惊喜白菜价现货",
    "FaceSrc": "https://pic.hanfugou.com/web/2019/12/6/18/0b902a93f49548738b98f5ff37757f2e.jpg",
    "BasePrice": 19.00,
    "Price": 19.00,
    "BasePriceRange": "19.0-99.0",
    "PriceRange": "19.0-99.0",
    "OtherMark": null,
    "SaveCount": 200,
    "Shop": {
      "ID": 949,
      "Name": "轻汉坊",
      "User": {
        "Gender": null,
        "MainBgPic": null,
        "AuthenticateCode": null,
        "AuthenticateName": null,
        "AuthenticateID": 0,
        "CityNames": null,
        "Describe": null,
        "AtteCount": 0,
        "ViolationCount": 0,
        "FansCount": 37713,
        "UserAtte": false,
        "GoodAlbumCount": 0,
        "Popularity": 0,
        "UseHanbi": 0,
        "Close": false,
        "Black": false,
        "NoteName": null,
        "ID": 352504,
        "UserName": null,
        "NickName": null,
        "HeadUrl": null
      },
      "LogoSrc": "https://pic.hanfugou.com/web/2019/2/12/10/7f9b4182db9145c0b7e640a06413a8ed.jpeg",
      "GoodLogoSrc": null,
      "MainBgSrc": null,
      "CityNames": "北京,朝阳",
      "AtteCount": 37713,
      "UserAtte": false,
      "ProductCount": 17,
      "Products": null,
      "ShopMark": null
    },
    "Stock": 9626,
    "SalesVolume": 72,
    "MonthSalesVolume": 0,
    "TaobaoID": 609675499031,
    "UserSave": false,
    "Shelves": true,
    "PostageID": 0,
    "TypeID": 101,
    "BeginDatetime": "2019-12-07T11:35:49",
    "EndDatetime": "0001-01-01T00:00:00",
    "Datetime": "2019-12-06T18:39:26"
  }, {
    "ID": 41272,
    "Name": "【呦呦鹿鸣】（韩十一）原创设计传统汉服 烫金 齐胸襦裙齐腰襦裙",
    "FaceSrc": "https://pic.hanfugou.com/web/2019/6/13/17/9fa69e74a1194ef485721b04b885902b.jpg",
    "BasePrice": 79.00,
    "Price": 79.00,
    "BasePriceRange": "79.0-99.0",
    "PriceRange": "79.0-99.0",
    "OtherMark": null,
    "SaveCount": 16898,
    "Shop": {
      "ID": 866,
      "Name": "呦呦鹿鸣",
      "User": {
        "Gender": null,
        "MainBgPic": null,
        "AuthenticateCode": null,
        "AuthenticateName": null,
        "AuthenticateID": 0,
        "CityNames": null,
        "Describe": null,
        "AtteCount": 0,
        "ViolationCount": 0,
        "FansCount": 19089,
        "UserAtte": false,
        "GoodAlbumCount": 0,
        "Popularity": 0,
        "UseHanbi": 0,
        "Close": false,
        "Black": false,
        "NoteName": null,
        "ID": 392220,
        "UserName": null,
        "NickName": null,
        "HeadUrl": null
      },
      "LogoSrc": "https://pic.hanfugou.com/web/2018/12/23/21/af944065e8b1453f8b9d7cf7355ecb43.jpeg",
      "GoodLogoSrc": null,
      "MainBgSrc": null,
      "CityNames": "江苏,徐州",
      "AtteCount": 19089,
      "UserAtte": false,
      "ProductCount": 10,
      "Products": null,
      "ShopMark": null
    },
    "Stock": 25153,
    "SalesVolume": 2095,
    "MonthSalesVolume": 250,
    "TaobaoID": 594127806328,
    "UserSave": false,
    "Shelves": true,
    "PostageID": 301,
    "TypeID": 26,
    "BeginDatetime": "2019-12-13T00:01:30",
    "EndDatetime": "0001-01-01T00:00:00",
    "Datetime": "2019-05-12T12:30:56"
  }, {
    "ID": 35430,
    "Name": "故人归原创发簪古风簪子日常小清新古代头饰步摇流苏淑女汉服百搭",
    "FaceSrc": "https://pic.hanfugou.com/web/2019/7/29/23/387aa1545deb46b689df4c29f714d4c1.jpg",
    "BasePrice": 19.80,
    "Price": 19.80,
    "BasePriceRange": "19.8",
    "PriceRange": "19.8",
    "OtherMark": null,
    "SaveCount": 7191,
    "Shop": {
      "ID": 816,
      "Name": "故人归古风手作",
      "User": {
        "Gender": null,
        "MainBgPic": null,
        "AuthenticateCode": null,
        "AuthenticateName": null,
        "AuthenticateID": 0,
        "CityNames": null,
        "Describe": null,
        "AtteCount": 0,
        "ViolationCount": 0,
        "FansCount": 20681,
        "UserAtte": false,
        "GoodAlbumCount": 0,
        "Popularity": 0,
        "UseHanbi": 0,
        "Close": false,
        "Black": false,
        "NoteName": null,
        "ID": 364797,
        "UserName": null,
        "NickName": null,
        "HeadUrl": null
      },
      "LogoSrc": "https://pic.hanfugou.com/web/2019/10/26/15/3e2360e51c0f4709b162614b49618ad6.jpeg",
      "GoodLogoSrc": null,
      "MainBgSrc": null,
      "CityNames": "湖南,长沙",
      "AtteCount": 20681,
      "UserAtte": false,
      "ProductCount": 108,
      "Products": null,
      "ShopMark": null
    },
    "Stock": 1821,
    "SalesVolume": 688,
    "MonthSalesVolume": 76,
    "TaobaoID": 578928310751,
    "UserSave": false,
    "Shelves": true,
    "PostageID": 284,
    "TypeID": 74,
    "BeginDatetime": "2019-12-14T23:59:59",
    "EndDatetime": "0001-01-01T00:00:00",
    "Datetime": "2018-12-10T02:12:33"
  }, {
    "ID": 49007,
    "Name": "【呦呦鹿鸣】（白鹿青崖）原创汉服设计  重工刺绣 齐胸襦裙 春秋",
    "FaceSrc": "https://pic.hanfugou.com/web/2019/8/21/21/02f870417bae45469552b20d53a95db6.jpg",
    "BasePrice": 168.00,
    "Price": 168.00,
    "BasePriceRange": "168.0-178.0",
    "PriceRange": "168.0-178.0",
    "OtherMark": null,
    "SaveCount": 13950,
    "Shop": {
      "ID": 866,
      "Name": "呦呦鹿鸣",
      "User": {
        "Gender": null,
        "MainBgPic": null,
        "AuthenticateCode": null,
        "AuthenticateName": null,
        "AuthenticateID": 0,
        "CityNames": null,
        "Describe": null,
        "AtteCount": 0,
        "ViolationCount": 0,
        "FansCount": 19089,
        "UserAtte": false,
        "GoodAlbumCount": 0,
        "Popularity": 0,
        "UseHanbi": 0,
        "Close": false,
        "Black": false,
        "NoteName": null,
        "ID": 392220,
        "UserName": null,
        "NickName": null,
        "HeadUrl": null
      },
      "LogoSrc": "https://pic.hanfugou.com/web/2018/12/23/21/af944065e8b1453f8b9d7cf7355ecb43.jpeg",
      "GoodLogoSrc": null,
      "MainBgSrc": null,
      "CityNames": "江苏,徐州",
      "AtteCount": 19089,
      "UserAtte": false,
      "ProductCount": 10,
      "Products": null,
      "ShopMark": null
    },
    "Stock": 15730,
    "SalesVolume": 925,
    "MonthSalesVolume": 323,
    "TaobaoID": 601261922315,
    "UserSave": false,
    "Shelves": true,
    "PostageID": 301,
    "TypeID": 26,
    "BeginDatetime": "2019-12-13T00:01:30",
    "EndDatetime": "0001-01-01T00:00:00",
    "Datetime": "2019-08-21T21:04:01"
  }, {
    "ID": 37787,
    "Name": "池夏 曼珠沙华:洛离 原创改良汉服彼岸花提花长袄6米摆织金马面裙",
    "FaceSrc": "https://pic.hanfugou.com/web/2019/11/18/1/09c9d5c942ad4fdc90ce3e03ab5409d2.jpg",
    "BasePrice": 158.00,
    "Price": 158.00,
    "BasePriceRange": "158.0-188.0",
    "PriceRange": "158.0-188.0",
    "OtherMark": null,
    "SaveCount": 18534,
    "Shop": {
      "ID": 994,
      "Name": "池夏",
      "User": {
        "Gender": null,
        "MainBgPic": null,
        "AuthenticateCode": null,
        "AuthenticateName": null,
        "AuthenticateID": 0,
        "CityNames": null,
        "Describe": null,
        "AtteCount": 0,
        "ViolationCount": 0,
        "FansCount": 63733,
        "UserAtte": false,
        "GoodAlbumCount": 0,
        "Popularity": 0,
        "UseHanbi": 0,
        "Close": false,
        "Black": false,
        "NoteName": null,
        "ID": 596271,
        "UserName": null,
        "NickName": null,
        "HeadUrl": null
      },
      "LogoSrc": "https://pic.hanfugou.com/web/2019/2/26/22/833248872fcf419c9e7f4a8b1160cc51.jpeg",
      "GoodLogoSrc": null,
      "MainBgSrc": null,
      "CityNames": "安徽,合肥",
      "AtteCount": 63733,
      "UserAtte": false,
      "ProductCount": 192,
      "Products": null,
      "ShopMark": null
    },
    "Stock": 10377,
    "SalesVolume": 1325,
    "MonthSalesVolume": 225,
    "TaobaoID": 586127605366,
    "UserSave": false,
    "Shelves": true,
    "PostageID": 311,
    "TypeID": 64,
    "BeginDatetime": "2019-11-13T00:25:20",
    "EndDatetime": "0001-01-01T00:00:00",
    "Datetime": "2019-02-27T00:47:59"
  }, {
    "ID": 36958,
    "Name": "故人归原创设计古风小璎珞少女手工古风项链汉服项圈配饰包邮",
    "FaceSrc": "https://pic.hanfugou.com/web/2019/6/13/19/d896f476fcdd4d1889a6171bd0bee8a4.jpg",
    "BasePrice": 19.90,
    "Price": 19.90,
    "BasePriceRange": "19.9-59.7",
    "PriceRange": "19.9-59.7",
    "OtherMark": null,
    "SaveCount": 4932,
    "Shop": {
      "ID": 816,
      "Name": "故人归古风手作",
      "User": {
        "Gender": null,
        "MainBgPic": null,
        "AuthenticateCode": null,
        "AuthenticateName": null,
        "AuthenticateID": 0,
        "CityNames": null,
        "Describe": null,
        "AtteCount": 0,
        "ViolationCount": 0,
        "FansCount": 20681,
        "UserAtte": false,
        "GoodAlbumCount": 0,
        "Popularity": 0,
        "UseHanbi": 0,
        "Close": false,
        "Black": false,
        "NoteName": null,
        "ID": 364797,
        "UserName": null,
        "NickName": null,
        "HeadUrl": null
      },
      "LogoSrc": "https://pic.hanfugou.com/web/2019/10/26/15/3e2360e51c0f4709b162614b49618ad6.jpeg",
      "GoodLogoSrc": null,
      "MainBgSrc": null,
      "CityNames": "湖南,长沙",
      "AtteCount": 20681,
      "UserAtte": false,
      "ProductCount": 108,
      "Products": null,
      "ShopMark": null
    },
    "Stock": 466,
    "SalesVolume": 950,
    "MonthSalesVolume": 81,
    "TaobaoID": 586563474295,
    "UserSave": false,
    "Shelves": true,
    "PostageID": 285,
    "TypeID": 75,
    "BeginDatetime": "2019-12-14T23:59:59",
    "EndDatetime": "0001-01-01T00:00:00",
    "Datetime": "2019-01-25T15:52:38"
  }, {
    "ID": 35428,
    "Name": "汉元素头饰汉服古风发饰可爱少女心流苏发梳对梳手工制作",
    "FaceSrc": "https://pic.hanfugou.com/web/2019/6/13/20/584c8d4b062843e0a6aa20a23b66b8ca.jpg",
    "BasePrice": 12.80,
    "Price": 12.80,
    "BasePriceRange": "12.8-25.6",
    "PriceRange": "12.8-25.6",
    "OtherMark": null,
    "SaveCount": 3417,
    "Shop": {
      "ID": 816,
      "Name": "故人归古风手作",
      "User": {
        "Gender": null,
        "MainBgPic": null,
        "AuthenticateCode": null,
        "AuthenticateName": null,
        "AuthenticateID": 0,
        "CityNames": null,
        "Describe": null,
        "AtteCount": 0,
        "ViolationCount": 0,
        "FansCount": 20681,
        "UserAtte": false,
        "GoodAlbumCount": 0,
        "Popularity": 0,
        "UseHanbi": 0,
        "Close": false,
        "Black": false,
        "NoteName": null,
        "ID": 364797,
        "UserName": null,
        "NickName": null,
        "HeadUrl": null
      },
      "LogoSrc": "https://pic.hanfugou.com/web/2019/10/26/15/3e2360e51c0f4709b162614b49618ad6.jpeg",
      "GoodLogoSrc": null,
      "MainBgSrc": null,
      "CityNames": "湖南,长沙",
      "AtteCount": 20681,
      "UserAtte": false,
      "ProductCount": 108,
      "Products": null,
      "ShopMark": null
    },
    "Stock": 124,
    "SalesVolume": 644,
    "MonthSalesVolume": 15,
    "TaobaoID": 578803937126,
    "UserSave": false,
    "Shelves": true,
    "PostageID": 284,
    "TypeID": 74,
    "BeginDatetime": "2019-12-14T23:59:59",
    "EndDatetime": "0001-01-01T00:00:00",
    "Datetime": "2018-12-10T02:12:11"
  }],
  "ServerTime": 1576844003,
  "Remark": {}
}