{
  "Status": "10000",
  "ErrorMessage": "成功",
  "Data": [{
    "ID": 143,
    "User": {
      "Gender": null,
      "MainBgPic": null,
      "AuthenticateCode": null,
      "AuthenticateName": null,
      "AuthenticateID": 0,
      "CityNames": null,
      "Describe": null,
      "AtteCount": 0,
      "ViolationCount": 0,
      "FansCount": 0,
      "UserAtte": false,
      "GoodAlbumCount": 0,
      "Popularity": 0,
      "UseHanbi": 0,
      "Close": false,
      "Black": false,
      "NoteName": null,
      "ID": 16725,
      "UserName": null,
      "NickName": "楸月白",
      "HeadUrl": "https://pic.hanfugou.com//android/2019/11/8/79fb2d3292b74346b3b4e6a01a256e87.jpg"
    },
    "Title": "抗寒开挂装丨拥有TA们，再冷也能走出拉轰气场",
    "Content": "<p>寒风里瑟瑟发抖，裹着球球，笨重移动？仙女仙男冬日怎能如此放纵自己！温度风度必须两手都要抓，都美过春夏秋绝不能落下冬。安排上这些外披，轻松抵抗寒风，拉轰出行。</p>",
    "FaceUrl": "https://pic.hanfugou.com/web/2019/12/15/11/6919c6b12b554055ac327be67c1e8589.png",
    "ProductIDs": "54152,52968,53183,53917,54634,55200,53150,53276,54804,55028,55116,55176",
    "Products": [{
      "ID": 55200,
      "Name": "采梦集原创正版重工绣花连帽长红黑色4米大摆冬汉服斗篷 人鱼神仙",
      "FaceSrc": "https://pic.hanfugou.com/web/2019/12/12/6/186710fc3b404a54966ad1f0f0e82d5b.jpg",
      "BasePrice": 75.00,
      "Price": 75.00,
      "BasePriceRange": "75.0-489.0",
      "PriceRange": "75.0-489.0",
      "OtherMark": null,
      "SaveCount": 103,
      "Shop": {
        "ID": 686,
        "Name": "采梦集",
        "User": {
          "Gender": null,
          "MainBgPic": null,
          "AuthenticateCode": null,
          "AuthenticateName": null,
          "AuthenticateID": 0,
          "CityNames": null,
          "Describe": null,
          "AtteCount": 0,
          "ViolationCount": 0,
          "FansCount": 20277,
          "UserAtte": false,
          "GoodAlbumCount": 0,
          "Popularity": 0,
          "UseHanbi": 0,
          "Close": false,
          "Black": false,
          "NoteName": null,
          "ID": 299170,
          "UserName": null,
          "NickName": null,
          "HeadUrl": null
        },
        "LogoSrc": "https://pic.hanfugou.com/web/2019/8/1/14/29569338ad454fbb90db854b9b647a0e.jpeg",
        "GoodLogoSrc": null,
        "MainBgSrc": null,
        "CityNames": "湖北,武汉",
        "AtteCount": 20277,
        "UserAtte": false,
        "ProductCount": 107,
        "Products": null,
        "ShopMark": null
      },
      "Stock": 200,
      "SalesVolume": 0,
      "MonthSalesVolume": 0,
      "TaobaoID": 609398144101,
      "UserSave": false,
      "Shelves": true,
      "PostageID": 255,
      "TypeID": 50,
      "BeginDatetime": "2019-12-12T10:34:58",
      "EndDatetime": "0001-01-01T00:00:00",
      "Datetime": "2019-12-12T06:28:06"
    }, {
      "ID": 55176,
      "Name": "重回汉唐金缕歌明制披风秋冬重工刺绣大袖衫加厚保暖汉服女款外套",
      "FaceSrc": "https://pic.hanfugou.com/web/2019/12/12/6/5cf6169fd85147e0b15bd34955f46bc3.jpg",
      "BasePrice": 464.55,
      "Price": 464.55,
      "BasePriceRange": "464.55",
      "PriceRange": "464.55",
      "OtherMark": null,
      "SaveCount": 78,
      "Shop": {
        "ID": 12,
        "Name": "重回汉唐汉服店",
        "User": {
          "Gender": null,
          "MainBgPic": null,
          "AuthenticateCode": null,
          "AuthenticateName": null,
          "AuthenticateID": 0,
          "CityNames": null,
          "Describe": null,
          "AtteCount": 0,
          "ViolationCount": 0,
          "FansCount": 58708,
          "UserAtte": false,
          "GoodAlbumCount": 0,
          "Popularity": 0,
          "UseHanbi": 0,
          "Close": false,
          "Black": false,
          "NoteName": null,
          "ID": 14595,
          "UserName": null,
          "NickName": null,
          "HeadUrl": null
        },
        "LogoSrc": "https://pic.hanfugou.com/pc/2019/4/11/15/855f7ba48d1940cc8d518e8020afec22.png",
        "GoodLogoSrc": null,
        "MainBgSrc": null,
        "CityNames": "四川,成都",
        "AtteCount": 58708,
        "UserAtte": false,
        "ProductCount": 335,
        "Products": null,
        "ShopMark": null
      },
      "Stock": 81,
      "SalesVolume": 0,
      "MonthSalesVolume": 0,
      "TaobaoID": 609019471781,
      "UserSave": false,
      "Shelves": true,
      "PostageID": 138,
      "TypeID": 36,
      "BeginDatetime": "2019-12-12T10:38:08",
      "EndDatetime": "0001-01-01T00:00:00",
      "Datetime": "2019-12-12T06:01:33"
    }, {
      "ID": 55116,
      "Name": "汉尚华莲屠苏正品原创汉服女明制披风梅花刺绣冬季保暖外套双色款",
      "FaceSrc": "https://pic.hanfugou.com/web/2019/12/12/5/6467317fd8634d158d28e50d1678b63b.jpg",
      "BasePrice": 588.00,
      "Price": 588.00,
      "BasePriceRange": "588.0",
      "PriceRange": "588.0",
      "OtherMark": null,
      "SaveCount": 101,
      "Shop": {
        "ID": 13,
        "Name": "汉尚华莲汉服",
        "User": {
          "Gender": null,
          "MainBgPic": null,
          "AuthenticateCode": null,
          "AuthenticateName": null,
          "AuthenticateID": 0,
          "CityNames": null,
          "Describe": null,
          "AtteCount": 0,
          "ViolationCount": 0,
          "FansCount": 101174,
          "UserAtte": false,
          "GoodAlbumCount": 0,
          "Popularity": 0,
          "UseHanbi": 0,
          "Close": false,
          "Black": false,
          "NoteName": null,
          "ID": 32313,
          "UserName": null,
          "NickName": null,
          "HeadUrl": null
        },
        "LogoSrc": "https://pic.hanfugou.com/pc/2016/9/8/11/37120405a7a44faaa52fa690dd8df9a6.jpg",
        "GoodLogoSrc": null,
        "MainBgSrc": null,
        "CityNames": "广东,广州",
        "AtteCount": 101174,
        "UserAtte": false,
        "ProductCount": 173,
        "Products": null,
        "ShopMark": null
      },
      "Stock": 2185,
      "SalesVolume": 0,
      "MonthSalesVolume": 0,
      "TaobaoID": 608157884810,
      "UserSave": false,
      "Shelves": true,
      "PostageID": 54,
      "TypeID": 36,
      "BeginDatetime": "2019-12-12T11:02:18",
      "EndDatetime": "0001-01-01T00:00:00",
      "Datetime": "2019-12-12T05:21:26"
    }, {
      "ID": 55028,
      "Name": "徐娇织羽集【鹿雪千山·皎月】披风交领袄半身裙汉服元素重工刺绣",
      "FaceSrc": "https://pic.hanfugou.com/web/2019/12/12/1/57a83037f6f24532b24311a96ee31771.jpg",
      "BasePrice": 605.44,
      "Price": 605.44,
      "BasePriceRange": "255.2-605.44",
      "PriceRange": "255.2-605.44",
      "OtherMark": null,
      "SaveCount": 50,
      "Shop": {
        "ID": 1865,
        "Name": "织羽集",
        "User": {
          "Gender": null,
          "MainBgPic": null,
          "AuthenticateCode": null,
          "AuthenticateName": null,
          "AuthenticateID": 0,
          "CityNames": null,
          "Describe": null,
          "AtteCount": 0,
          "ViolationCount": 0,
          "FansCount": 828,
          "UserAtte": false,
          "GoodAlbumCount": 0,
          "Popularity": 0,
          "UseHanbi": 0,
          "Close": false,
          "Black": false,
          "NoteName": null,
          "ID": 1387340,
          "UserName": null,
          "NickName": null,
          "HeadUrl": null
        },
        "LogoSrc": "https://pic.hanfugou.com/web/2019/8/1/16/4415863321fb4a0f8452f4ad64786665.jpeg",
        "GoodLogoSrc": null,
        "MainBgSrc": null,
        "CityNames": "浙江,杭州",
        "AtteCount": 828,
        "UserAtte": false,
        "ProductCount": 102,
        "Products": null,
        "ShopMark": null
      },
      "Stock": 322,
      "SalesVolume": 0,
      "MonthSalesVolume": 0,
      "TaobaoID": 608431102894,
      "UserSave": false,
      "Shelves": true,
      "PostageID": 0,
      "TypeID": 80,
      "BeginDatetime": "2019-12-12T11:58:48",
      "EndDatetime": "0001-01-01T00:00:00",
      "Datetime": "2019-12-12T01:23:16"
    }, {
      "ID": 54804,
      "Name": "泠泠七弦 新品凤凰彼岸花原创汉服 红颜醉精致绣花春秋款披风定金",
      "FaceSrc": "https://pic.hanfugou.com/web/2019/12/8/17/21de58a2dc484b81887d9e5168369577.jpg",
      "BasePrice": 200.00,
      "Price": 200.00,
      "BasePriceRange": "200.0",
      "PriceRange": "200.0",
      "OtherMark": null,
      "SaveCount": 33,
      "Shop": {
        "ID": 2146,
        "Name": "泠泠七弦原创汉服",
        "User": {
          "Gender": null,
          "MainBgPic": null,
          "AuthenticateCode": null,
          "AuthenticateName": null,
          "AuthenticateID": 0,
          "CityNames": null,
          "Describe": null,
          "AtteCount": 0,
          "ViolationCount": 0,
          "FansCount": 125,
          "UserAtte": false,
          "GoodAlbumCount": 0,
          "Popularity": 0,
          "UseHanbi": 0,
          "Close": false,
          "Black": false,
          "NoteName": null,
          "ID": 385835,
          "UserName": null,
          "NickName": null,
          "HeadUrl": null
        },
        "LogoSrc": "https://pic.hanfugou.com/web/2019/9/19/10/6df465eb045e4a319f86c1c5f9016cb4.jpeg",
        "GoodLogoSrc": null,
        "MainBgSrc": null,
        "CityNames": "北京,朝阳",
        "AtteCount": 125,
        "UserAtte": false,
        "ProductCount": 20,
        "Products": null,
        "ShopMark": null
      },
      "Stock": 288,
      "SalesVolume": 0,
      "MonthSalesVolume": 0,
      "TaobaoID": 610010375726,
      "UserSave": false,
      "Shelves": true,
      "PostageID": 456,
      "TypeID": 98,
      "BeginDatetime": "2019-12-09T10:59:26",
      "EndDatetime": "0001-01-01T00:00:00",
      "Datetime": "2019-12-08T15:19:08"
    }, {
      "ID": 54634,
      "Name": "【初八】新款原创正品汉服绣花毛呢加毛带帽长斗篷保暖秋冬",
      "FaceSrc": "https://pic.hanfugou.com/web/2019/12/3/23/1ff9656ed76245febd683b92dc553aae.jpg",
      "BasePrice": 398.00,
      "Price": 398.00,
      "BasePriceRange": "398.0",
      "PriceRange": "398.0",
      "OtherMark": null,
      "SaveCount": 42,
      "Shop": {
        "ID": 25,
        "Name": "墨绯汉服",
        "User": {
          "Gender": null,
          "MainBgPic": null,
          "AuthenticateCode": null,
          "AuthenticateName": null,
          "AuthenticateID": 0,
          "CityNames": null,
          "Describe": null,
          "AtteCount": 0,
          "ViolationCount": 0,
          "FansCount": 2433,
          "UserAtte": false,
          "GoodAlbumCount": 0,
          "Popularity": 0,
          "UseHanbi": 0,
          "Close": false,
          "Black": false,
          "NoteName": null,
          "ID": 748,
          "UserName": null,
          "NickName": null,
          "HeadUrl": null
        },
        "LogoSrc": "https://pic.hanfugou.com/web/2019/12/6/10/6ed577433dc54778bf2c06f53460952c.jpeg",
        "GoodLogoSrc": null,
        "MainBgSrc": null,
        "CityNames": "广东,广州",
        "AtteCount": 2433,
        "UserAtte": false,
        "ProductCount": 180,
        "Products": null,
        "ShopMark": null
      },
      "Stock": 63,
      "SalesVolume": 0,
      "MonthSalesVolume": 0,
      "TaobaoID": 609438643513,
      "UserSave": false,
      "Shelves": true,
      "PostageID": 473,
      "TypeID": 50,
      "BeginDatetime": "2019-12-04T10:18:01",
      "EndDatetime": "0001-01-01T00:00:00",
      "Datetime": "2019-12-03T23:14:23"
    }, {
      "ID": 54152,
      "Name": "重回汉唐卿故原创汉服中长款连帽斗篷外套女秋冬加绒保暖日常披风",
      "FaceSrc": "https://pic.hanfugou.com/web/2019/11/22/1/b1e6d3deb3384b27ab8941cee80e7020.jpg",
      "BasePrice": 298.00,
      "Price": 298.00,
      "BasePriceRange": "298.0",
      "PriceRange": "298.0",
      "OtherMark": null,
      "SaveCount": 247,
      "Shop": {
        "ID": 12,
        "Name": "重回汉唐汉服店",
        "User": {
          "Gender": null,
          "MainBgPic": null,
          "AuthenticateCode": null,
          "AuthenticateName": null,
          "AuthenticateID": 0,
          "CityNames": null,
          "Describe": null,
          "AtteCount": 0,
          "ViolationCount": 0,
          "FansCount": 58708,
          "UserAtte": false,
          "GoodAlbumCount": 0,
          "Popularity": 0,
          "UseHanbi": 0,
          "Close": false,
          "Black": false,
          "NoteName": null,
          "ID": 14595,
          "UserName": null,
          "NickName": null,
          "HeadUrl": null
        },
        "LogoSrc": "https://pic.hanfugou.com/pc/2019/4/11/15/855f7ba48d1940cc8d518e8020afec22.png",
        "GoodLogoSrc": null,
        "MainBgSrc": null,
        "CityNames": "四川,成都",
        "AtteCount": 58708,
        "UserAtte": false,
        "ProductCount": 335,
        "Products": null,
        "ShopMark": null
      },
      "Stock": 59,
      "SalesVolume": 0,
      "MonthSalesVolume": 0,
      "TaobaoID": 607038700665,
      "UserSave": false,
      "Shelves": true,
      "PostageID": 138,
      "TypeID": 50,
      "BeginDatetime": "2019-11-22T10:58:53",
      "EndDatetime": "0001-01-01T00:00:00",
      "Datetime": "2019-11-22T01:39:47"
    }, {
      "ID": 53917,
      "Name": "念词 千秋万岁 原创汉服斗篷女毛呢中长款加绒厚冬季款保暖外套",
      "FaceSrc": "https://pic.hanfugou.com/web/2019/12/11/12/07a1d62e0d054a3ba6ca7f0951a649f7.jpg",
      "BasePrice": 189.00,
      "Price": 189.00,
      "BasePriceRange": "189.0",
      "PriceRange": "189.0",
      "OtherMark": null,
      "SaveCount": 134,
      "Shop": {
        "ID": 2307,
        "Name": "念词原创汉服",
        "User": {
          "Gender": null,
          "MainBgPic": null,
          "AuthenticateCode": null,
          "AuthenticateName": null,
          "AuthenticateID": 0,
          "CityNames": null,
          "Describe": null,
          "AtteCount": 0,
          "ViolationCount": 0,
          "FansCount": 189,
          "UserAtte": false,
          "GoodAlbumCount": 0,
          "Popularity": 0,
          "UseHanbi": 0,
          "Close": false,
          "Black": false,
          "NoteName": null,
          "ID": 1364161,
          "UserName": null,
          "NickName": null,
          "HeadUrl": null
        },
        "LogoSrc": "https://pic.hanfugou.com/web/2019/10/24/16/9e7d8ae11f9547379f25430afd21a28c.jpeg",
        "GoodLogoSrc": null,
        "MainBgSrc": null,
        "CityNames": "四川,成都",
        "AtteCount": 189,
        "UserAtte": false,
        "ProductCount": 12,
        "Products": null,
        "ShopMark": null
      },
      "Stock": 318,
      "SalesVolume": 9,
      "MonthSalesVolume": 0,
      "TaobaoID": 607438597811,
      "UserSave": false,
      "Shelves": true,
      "PostageID": 460,
      "TypeID": 98,
      "BeginDatetime": "2019-11-25T11:14:04",
      "EndDatetime": "0001-01-01T00:00:00",
      "Datetime": "2019-11-19T21:29:27"
    }, {
      "ID": 53276,
      "Name": "宴山亭原创汉服秋冬新品【立冬】绣花披风交领短袄齐腰裙汉服套装",
      "FaceSrc": "https://pic.hanfugou.com/web/2019/11/11/1/6bbb9dad52fa4819acf9693e91371d56.jpg",
      "BasePrice": 68.00,
      "Price": 68.00,
      "BasePriceRange": "68.0-158.0",
      "PriceRange": "68.0-158.0",
      "OtherMark": null,
      "SaveCount": 89,
      "Shop": {
        "ID": 2099,
        "Name": "宴山亭",
        "User": {
          "Gender": null,
          "MainBgPic": null,
          "AuthenticateCode": null,
          "AuthenticateName": null,
          "AuthenticateID": 0,
          "CityNames": null,
          "Describe": null,
          "AtteCount": 0,
          "ViolationCount": 0,
          "FansCount": 4198,
          "UserAtte": false,
          "GoodAlbumCount": 0,
          "Popularity": 0,
          "UseHanbi": 0,
          "Close": false,
          "Black": false,
          "NoteName": null,
          "ID": 14526,
          "UserName": null,
          "NickName": null,
          "HeadUrl": null
        },
        "LogoSrc": "https://pic.hanfugou.com/web/2019/9/9/16/42555037505346f2a3b11eb48be1c79c.jpeg",
        "GoodLogoSrc": null,
        "MainBgSrc": null,
        "CityNames": "江苏,南京",
        "AtteCount": 4198,
        "UserAtte": false,
        "ProductCount": 27,
        "Products": null,
        "ShopMark": null
      },
      "Stock": 5891,
      "SalesVolume": 0,
      "MonthSalesVolume": 0,
      "TaobaoID": 607298345949,
      "UserSave": false,
      "Shelves": true,
      "PostageID": 417,
      "TypeID": 64,
      "BeginDatetime": "2019-11-11T01:52:44",
      "EndDatetime": "0001-01-01T00:00:00",
      "Datetime": "2019-11-11T01:46:39"
    }, {
      "ID": 53183,
      "Name": "黎落阁千秋汉服斗篷女冬原创长款连帽刺绣春秋季红色毛呢披风外套",
      "FaceSrc": "https://pic.hanfugou.com/web/2019/11/11/1/8c10924cea1b4b2d8a6264b87916f9fc.jpg",
      "BasePrice": 168.00,
      "Price": 151.20,
      "BasePriceRange": "168.00",
      "PriceRange": "151.20",
      "OtherMark": "闪购",
      "SaveCount": 203,
      "Shop": {
        "ID": 685,
        "Name": "黎落阁汉服",
        "User": {
          "Gender": null,
          "MainBgPic": null,
          "AuthenticateCode": null,
          "AuthenticateName": null,
          "AuthenticateID": 0,
          "CityNames": null,
          "Describe": null,
          "AtteCount": 0,
          "ViolationCount": 0,
          "FansCount": 7685,
          "UserAtte": false,
          "GoodAlbumCount": 0,
          "Popularity": 0,
          "UseHanbi": 0,
          "Close": false,
          "Black": false,
          "NoteName": null,
          "ID": 298423,
          "UserName": null,
          "NickName": null,
          "HeadUrl": null
        },
        "LogoSrc": "https://pic.hanfugou.com/web/2018/10/8/17/fcd4d18810a24551862f3f95dfbec8c3.jpeg",
        "GoodLogoSrc": null,
        "MainBgSrc": null,
        "CityNames": "四川,成都",
        "AtteCount": 7685,
        "UserAtte": false,
        "ProductCount": 33,
        "Products": null,
        "ShopMark": null
      },
      "Stock": 16,
      "SalesVolume": 14,
      "MonthSalesVolume": 4,
      "TaobaoID": 606416522116,
      "UserSave": false,
      "Shelves": true,
      "PostageID": 0,
      "TypeID": 50,
      "BeginDatetime": "2019-12-22T12:00:00",
      "EndDatetime": "0001-01-01T00:00:00",
      "Datetime": "2019-11-11T01:12:14"
    }, {
      "ID": 53150,
      "Name": "如梦霓裳原创汉服女明制披风锦绣牡丹花刺绣大袖衫外搭过年装秋冬",
      "FaceSrc": "https://pic.hanfugou.com/web/2019/11/12/4/888693331ee647cdb9ad11297002c8c0.jpg",
      "BasePrice": 488.00,
      "Price": 488.00,
      "BasePriceRange": "488.0-588.0",
      "PriceRange": "488.0-588.0",
      "OtherMark": null,
      "SaveCount": 34,
      "Shop": {
        "ID": 793,
        "Name": "如梦霓裳",
        "User": {
          "Gender": null,
          "MainBgPic": null,
          "AuthenticateCode": null,
          "AuthenticateName": null,
          "AuthenticateID": 0,
          "CityNames": null,
          "Describe": null,
          "AtteCount": 0,
          "ViolationCount": 0,
          "FansCount": 21093,
          "UserAtte": false,
          "GoodAlbumCount": 0,
          "Popularity": 0,
          "UseHanbi": 0,
          "Close": false,
          "Black": false,
          "NoteName": null,
          "ID": 343374,
          "UserName": null,
          "NickName": null,
          "HeadUrl": null
        },
        "LogoSrc": "https://pic.hanfugou.com/pc/2019/2/1/17/948d3acb03a442e8b4830119315e7fd2.jpg",
        "GoodLogoSrc": null,
        "MainBgSrc": null,
        "CityNames": "北京,通州",
        "AtteCount": 21093,
        "UserAtte": false,
        "ProductCount": 264,
        "Products": null,
        "ShopMark": null
      },
      "Stock": 1206,
      "SalesVolume": 0,
      "MonthSalesVolume": 0,
      "TaobaoID": 606886917454,
      "UserSave": false,
      "Shelves": true,
      "PostageID": 279,
      "TypeID": 36,
      "BeginDatetime": "2019-12-13T00:01:04",
      "EndDatetime": "0001-01-01T00:00:00",
      "Datetime": "2019-11-11T00:55:44"
    }, {
      "ID": 52968,
      "Name": "【砚滨纱】新品长款绣花斗篷加绒毛呢大毛领可拆卸团购百蝶二批",
      "FaceSrc": "https://pic.hanfugou.com/web/2019/11/11/4/d9920ed56571434d960ed936eba55fa5.jpg",
      "BasePrice": 299.00,
      "Price": 299.00,
      "BasePriceRange": "299.0",
      "PriceRange": "299.0",
      "OtherMark": null,
      "SaveCount": 44,
      "Shop": {
        "ID": 1817,
        "Name": "砚滨纱汉服",
        "User": {
          "Gender": null,
          "MainBgPic": null,
          "AuthenticateCode": null,
          "AuthenticateName": null,
          "AuthenticateID": 0,
          "CityNames": null,
          "Describe": null,
          "AtteCount": 0,
          "ViolationCount": 0,
          "FansCount": 3105,
          "UserAtte": false,
          "GoodAlbumCount": 0,
          "Popularity": 0,
          "UseHanbi": 0,
          "Close": false,
          "Black": false,
          "NoteName": null,
          "ID": 124120,
          "UserName": null,
          "NickName": null,
          "HeadUrl": null
        },
        "LogoSrc": "https://pic.hanfugou.com/web/2019/7/27/20/2655884b722e449493e5c97f6fbdbafb.jpeg",
        "GoodLogoSrc": null,
        "MainBgSrc": null,
        "CityNames": "四川,成都",
        "AtteCount": 3105,
        "UserAtte": false,
        "ProductCount": 64,
        "Products": null,
        "ShopMark": null
      },
      "Stock": 127,
      "SalesVolume": 0,
      "MonthSalesVolume": 0,
      "TaobaoID": 607137300554,
      "UserSave": false,
      "Shelves": true,
      "PostageID": 402,
      "TypeID": 50,
      "BeginDatetime": "2019-11-10T21:16:34",
      "EndDatetime": "0001-01-01T00:00:00",
      "Datetime": "2019-11-09T17:18:14"
    }],
    "ClickCount": 9075,
    "Check": true,
    "Datetime": "2019-12-15T11:14:29"
  }, {
    "ID": 142,
    "User": {
      "Gender": null,
      "MainBgPic": null,
      "AuthenticateCode": null,
      "AuthenticateName": null,
      "AuthenticateID": 0,
      "CityNames": null,
      "Describe": null,
      "AtteCount": 0,
      "ViolationCount": 0,
      "FansCount": 0,
      "UserAtte": false,
      "GoodAlbumCount": 0,
      "Popularity": 0,
      "UseHanbi": 0,
      "Close": false,
      "Black": false,
      "NoteName": null,
      "ID": 16725,
      "UserName": null,
      "NickName": "楸月白",
      "HeadUrl": "https://pic.hanfugou.com//android/2019/11/8/79fb2d3292b74346b3b4e6a01a256e87.jpg"
    },
    "Title": "冬日保暖攻略丨同袍过冬绝不冷，汉服内外暗藏玄机",
    "Content": "<p>很多人总是对同袍冬日穿汉服表示出不可思议，这么大冷天一定要美丽冻人吗？不不，是因为你不知道同袍的汉服内外都暗藏玄机呢～冬天这么穿依旧也能温暖美丽。</p>",
    "FaceUrl": "https://pic.hanfugou.com/web/2019/12/7/22/623056b9cbee4c90bbe8ccce182d2f78.png",
    "ProductIDs": "52900,53032,53126,54222,51267,53990,54167,52502,50841,53077,52582,53096",
    "Products": [{
      "ID": 54222,
      "Name": "「汉嗣」汉服 灯芯绒短比甲",
      "FaceSrc": "https://pic.hanfugou.com/web/2019/11/18/20/fb191134b3b54261b78a2a9c22f449d0.jpg",
      "BasePrice": 290.00,
      "Price": 290.00,
      "BasePriceRange": "290.0-355.0",
      "PriceRange": "290.0-355.0",
      "OtherMark": null,
      "SaveCount": 32,
      "Shop": {
        "ID": 42,
        "Name": "汉嗣汉服",
        "User": {
          "Gender": null,
          "MainBgPic": null,
          "AuthenticateCode": null,
          "AuthenticateName": null,
          "AuthenticateID": 0,
          "CityNames": null,
          "Describe": null,
          "AtteCount": 0,
          "ViolationCount": 0,
          "FansCount": 326,
          "UserAtte": false,
          "GoodAlbumCount": 0,
          "Popularity": 0,
          "UseHanbi": 0,
          "Close": false,
          "Black": false,
          "NoteName": null,
          "ID": 79091,
          "UserName": null,
          "NickName": null,
          "HeadUrl": null
        },
        "LogoSrc": "https://pic.hanfugou.com/pc/2016/10/12/19/bce1c3e6f4684431b99f0e9285bd62dc.jpg",
        "GoodLogoSrc": null,
        "MainBgSrc": null,
        "CityNames": "广西,桂林",
        "AtteCount": 326,
        "UserAtte": false,
        "ProductCount": 1,
        "Products": null,
        "ShopMark": null
      },
      "Stock": 29,
      "SalesVolume": 0,
      "MonthSalesVolume": 0,
      "TaobaoID": 608481017797,
      "UserSave": false,
      "Shelves": false,
      "PostageID": 21,
      "TypeID": 35,
      "BeginDatetime": "2019-12-18T19:08:27",
      "EndDatetime": "0001-01-01T00:00:00",
      "Datetime": "2019-11-25T14:34:23"
    }, {
      "ID": 54167,
      "Name": "传统汉服女日常百搭方领对襟半袖明制双面毛呢子外套秋冬 非 ",
      "FaceSrc": "https://pic.hanfugou.com/web/2019/12/7/20/3790c181e2234eea86f553d2b954c232.jpg",
      "BasePrice": 158.00,
      "Price": 158.00,
      "BasePriceRange": "158.0",
      "PriceRange": "158.0",
      "OtherMark": null,
      "SaveCount": 351,
      "Shop": {
        "ID": 2339,
        "Name": "兴雅阁汉服",
        "User": {
          "Gender": null,
          "MainBgPic": null,
          "AuthenticateCode": null,
          "AuthenticateName": null,
          "AuthenticateID": 0,
          "CityNames": null,
          "Describe": null,
          "AtteCount": 0,
          "ViolationCount": 0,
          "FansCount": 467,
          "UserAtte": false,
          "GoodAlbumCount": 0,
          "Popularity": 0,
          "UseHanbi": 0,
          "Close": false,
          "Black": false,
          "NoteName": null,
          "ID": 261173,
          "UserName": null,
          "NickName": null,
          "HeadUrl": null
        },
        "LogoSrc": "https://pic.hanfugou.com/web/2019/10/29/21/f77ae65ed541471fafc639efd6405a8f.png",
        "GoodLogoSrc": null,
        "MainBgSrc": null,
        "CityNames": "四川,成都",
        "AtteCount": 467,
        "UserAtte": false,
        "ProductCount": 25,
        "Products": null,
        "ShopMark": null
      },
      "Stock": 211,
      "SalesVolume": 15,
      "MonthSalesVolume": 0,
      "TaobaoID": 608682359224,
      "UserSave": false,
      "Shelves": true,
      "PostageID": 453,
      "TypeID": 31,
      "BeginDatetime": "2019-11-24T12:30:56",
      "EndDatetime": "0001-01-01T00:00:00",
      "Datetime": "2019-11-23T12:51:45"
    }, {
      "ID": 53990,
      "Name": "【新品预售】蕾丝圈金纯色加绒方领半袖明制外搭",
      "FaceSrc": "https://pic.hanfugou.com/web/2019/11/20/12/9dd014b34e1f47be98d6894b5a16d0b9.jpg",
      "BasePrice": 79.00,
      "Price": 79.00,
      "BasePriceRange": "79.0-999.0",
      "PriceRange": "79.0-999.0",
      "OtherMark": null,
      "SaveCount": 512,
      "Shop": {
        "ID": 2409,
        "Name": "汉华庭汉服",
        "User": {
          "Gender": null,
          "MainBgPic": null,
          "AuthenticateCode": null,
          "AuthenticateName": null,
          "AuthenticateID": 0,
          "CityNames": null,
          "Describe": null,
          "AtteCount": 0,
          "ViolationCount": 0,
          "FansCount": 529,
          "UserAtte": false,
          "GoodAlbumCount": 0,
          "Popularity": 0,
          "UseHanbi": 0,
          "Close": false,
          "Black": false,
          "NoteName": null,
          "ID": 1619132,
          "UserName": null,
          "NickName": null,
          "HeadUrl": null
        },
        "LogoSrc": "https://pic.hanfugou.com/web/2019/11/12/14/39d0243297ff414685abdd87aa1edf4d.jpeg",
        "GoodLogoSrc": null,
        "MainBgSrc": null,
        "CityNames": "广东,深圳",
        "AtteCount": 529,
        "UserAtte": false,
        "ProductCount": 11,
        "Products": null,
        "ShopMark": null
      },
      "Stock": 591,
      "SalesVolume": 49,
      "MonthSalesVolume": 0,
      "TaobaoID": 607335257274,
      "UserSave": false,
      "Shelves": true,
      "PostageID": 461,
      "TypeID": 31,
      "BeginDatetime": "2019-12-08T23:59:59",
      "EndDatetime": "0001-01-01T00:00:00",
      "Datetime": "2019-11-20T12:19:55"
    }, {
      "ID": 53126,
      "Name": "【红景天】花朝记合作款×相宜本草华裳九州明制比甲琵琶袖袄裙秋",
      "FaceSrc": "https://pic.hanfugou.com/web/2019/11/12/0/77428b53ebe342569b7c234a5f485d1e.jpg",
      "BasePrice": 178.00,
      "Price": 178.00,
      "BasePriceRange": "178.0-298.0",
      "PriceRange": "178.0-298.0",
      "OtherMark": null,
      "SaveCount": 131,
      "Shop": {
        "ID": 8,
        "Name": "花朝记",
        "User": {
          "Gender": null,
          "MainBgPic": null,
          "AuthenticateCode": null,
          "AuthenticateName": null,
          "AuthenticateID": 0,
          "CityNames": null,
          "Describe": null,
          "AtteCount": 0,
          "ViolationCount": 0,
          "FansCount": 47481,
          "UserAtte": false,
          "GoodAlbumCount": 0,
          "Popularity": 0,
          "UseHanbi": 0,
          "Close": false,
          "Black": false,
          "NoteName": null,
          "ID": 76731,
          "UserName": null,
          "NickName": null,
          "HeadUrl": null
        },
        "LogoSrc": "https://pic.hanfugou.com/pc/2016/9/1/17/98a6fc2a2a574caf88a37b37e06d49a3.jpg",
        "GoodLogoSrc": null,
        "MainBgSrc": null,
        "CityNames": "安徽,合肥",
        "AtteCount": 47481,
        "UserAtte": false,
        "ProductCount": 275,
        "Products": null,
        "ShopMark": null
      },
      "Stock": 437,
      "SalesVolume": 0,
      "MonthSalesVolume": 0,
      "TaobaoID": 607347057820,
      "UserSave": false,
      "Shelves": true,
      "PostageID": 2,
      "TypeID": 11,
      "BeginDatetime": "2019-11-11T00:51:00",
      "EndDatetime": "0001-01-01T00:00:00",
      "Datetime": "2019-11-11T00:36:16"
    }, {
      "ID": 53096,
      "Name": "【山海阁】原创设计汉服女方领半袖毛呢里衬明制秋冬学生日常披袄",
      "FaceSrc": "https://pic.hanfugou.com/web/2019/11/10/20/28d93502ba60439bb5322fe4cf5e1d0d.jpg",
      "BasePrice": 215.00,
      "Price": 215.00,
      "BasePriceRange": "215",
      "PriceRange": "215",
      "OtherMark": null,
      "SaveCount": 57,
      "Shop": {
        "ID": 640,
        "Name": "山海阁",
        "User": {
          "Gender": null,
          "MainBgPic": null,
          "AuthenticateCode": null,
          "AuthenticateName": null,
          "AuthenticateID": 0,
          "CityNames": null,
          "Describe": null,
          "AtteCount": 0,
          "ViolationCount": 0,
          "FansCount": 533,
          "UserAtte": false,
          "GoodAlbumCount": 0,
          "Popularity": 0,
          "UseHanbi": 0,
          "Close": false,
          "Black": false,
          "NoteName": null,
          "ID": 273800,
          "UserName": null,
          "NickName": null,
          "HeadUrl": null
        },
        "LogoSrc": "https://pic.hanfugou.com/web/2018/9/10/20/540726cb04d946cfbb47367ff07a1311.jpeg",
        "GoodLogoSrc": null,
        "MainBgSrc": null,
        "CityNames": "辽宁,朝阳",
        "AtteCount": 533,
        "UserAtte": false,
        "ProductCount": 15,
        "Products": null,
        "ShopMark": null
      },
      "Stock": 592,
      "SalesVolume": 0,
      "MonthSalesVolume": 0,
      "TaobaoID": 607185256760,
      "UserSave": false,
      "Shelves": true,
      "PostageID": 427,
      "TypeID": 31,
      "BeginDatetime": "2019-11-18T10:40:13",
      "EndDatetime": "0001-01-01T00:00:00",
      "Datetime": "2019-11-10T20:43:52"
    }, {
      "ID": 53077,
      "Name": "【福鹿记】汉服紫灰披袄 岁寒三友明制方领对襟圆领半袖袄裙",
      "FaceSrc": "https://pic.hanfugou.com/web/2019/11/10/19/139cb3f4f9d64ddda49790dede3eb099.jpg",
      "BasePrice": 358.00,
      "Price": 358.00,
      "BasePriceRange": "358.0-408.0",
      "PriceRange": "358.0-408.0",
      "OtherMark": null,
      "SaveCount": 23,
      "Shop": {
        "ID": 47,
        "Name": "福鹿记",
        "User": {
          "Gender": null,
          "MainBgPic": null,
          "AuthenticateCode": null,
          "AuthenticateName": null,
          "AuthenticateID": 0,
          "CityNames": null,
          "Describe": null,
          "AtteCount": 0,
          "ViolationCount": 0,
          "FansCount": 241,
          "UserAtte": false,
          "GoodAlbumCount": 0,
          "Popularity": 0,
          "UseHanbi": 0,
          "Close": false,
          "Black": false,
          "NoteName": null,
          "ID": 81454,
          "UserName": null,
          "NickName": null,
          "HeadUrl": null
        },
        "LogoSrc": "https://pic.hanfugou.com/web/2019/12/7/11/6a4ba160f2a34501bccf64f16e3a7a11.jpeg",
        "GoodLogoSrc": null,
        "MainBgSrc": null,
        "CityNames": "上海,静安",
        "AtteCount": 241,
        "UserAtte": false,
        "ProductCount": 23,
        "Products": null,
        "ShopMark": null
      },
      "Stock": 184,
      "SalesVolume": 0,
      "MonthSalesVolume": 0,
      "TaobaoID": 607414370443,
      "UserSave": false,
      "Shelves": true,
      "PostageID": 0,
      "TypeID": 31,
      "BeginDatetime": "2019-12-13T00:00:10",
      "EndDatetime": "0001-01-01T00:00:00",
      "Datetime": "2019-11-10T19:35:55"
    }, {
      "ID": 53032,
      "Name": "【团香雪】花朝记毛呢比甲蝴蝶牡丹刺绣对襟短袄全刺绣4.5m马面",
      "FaceSrc": "https://pic.hanfugou.com/web/2019/11/12/0/e9ad11ff11f249caa5886b1b6a66396d.jpg",
      "BasePrice": 248.00,
      "Price": 248.00,
      "BasePriceRange": "248.0-868.0",
      "PriceRange": "248.0-868.0",
      "OtherMark": null,
      "SaveCount": 120,
      "Shop": {
        "ID": 8,
        "Name": "花朝记",
        "User": {
          "Gender": null,
          "MainBgPic": null,
          "AuthenticateCode": null,
          "AuthenticateName": null,
          "AuthenticateID": 0,
          "CityNames": null,
          "Describe": null,
          "AtteCount": 0,
          "ViolationCount": 0,
          "FansCount": 47481,
          "UserAtte": false,
          "GoodAlbumCount": 0,
          "Popularity": 0,
          "UseHanbi": 0,
          "Close": false,
          "Black": false,
          "NoteName": null,
          "ID": 76731,
          "UserName": null,
          "NickName": null,
          "HeadUrl": null
        },
        "LogoSrc": "https://pic.hanfugou.com/pc/2016/9/1/17/98a6fc2a2a574caf88a37b37e06d49a3.jpg",
        "GoodLogoSrc": null,
        "MainBgSrc": null,
        "CityNames": "安徽,合肥",
        "AtteCount": 47481,
        "UserAtte": false,
        "ProductCount": 275,
        "Products": null,
        "ShopMark": null
      },
      "Stock": 174,
      "SalesVolume": 0,
      "MonthSalesVolume": 0,
      "TaobaoID": 607583806250,
      "UserSave": false,
      "Shelves": true,
      "PostageID": 2,
      "TypeID": 64,
      "BeginDatetime": "2019-11-11T00:00:00",
      "EndDatetime": "0001-01-01T00:00:00",
      "Datetime": "2019-11-10T17:23:43"
    }, {
      "ID": 52900,
      "Name": "徐娇织羽集岁与君同交领袄比甲半身裙双色可选汉服元素加厚冬装",
      "FaceSrc": "https://pic.hanfugou.com/web/2019/11/13/14/0824cd0a750043ebaef9df4733180bec.jpg",
      "BasePrice": 185.00,
      "Price": 185.00,
      "BasePriceRange": "185.0-303.0",
      "PriceRange": "185.0-303.0",
      "OtherMark": null,
      "SaveCount": 68,
      "Shop": {
        "ID": 1865,
        "Name": "织羽集",
        "User": {
          "Gender": null,
          "MainBgPic": null,
          "AuthenticateCode": null,
          "AuthenticateName": null,
          "AuthenticateID": 0,
          "CityNames": null,
          "Describe": null,
          "AtteCount": 0,
          "ViolationCount": 0,
          "FansCount": 828,
          "UserAtte": false,
          "GoodAlbumCount": 0,
          "Popularity": 0,
          "UseHanbi": 0,
          "Close": false,
          "Black": false,
          "NoteName": null,
          "ID": 1387340,
          "UserName": null,
          "NickName": null,
          "HeadUrl": null
        },
        "LogoSrc": "https://pic.hanfugou.com/web/2019/8/1/16/4415863321fb4a0f8452f4ad64786665.jpeg",
        "GoodLogoSrc": null,
        "MainBgSrc": null,
        "CityNames": "浙江,杭州",
        "AtteCount": 828,
        "UserAtte": false,
        "ProductCount": 102,
        "Products": null,
        "ShopMark": null
      },
      "Stock": 107,
      "SalesVolume": 3,
      "MonthSalesVolume": 0,
      "TaobaoID": 606397569921,
      "UserSave": false,
      "Shelves": true,
      "PostageID": 443,
      "TypeID": 80,
      "BeginDatetime": "2019-12-13T00:00:46",
      "EndDatetime": "0001-01-01T00:00:00",
      "Datetime": "2019-11-09T15:15:34"
    }, {
      "ID": 52582,
      "Name": "半袖汉服明制方领毛呢绒领冬加厚日常短衣半臂披袄外套 园游系列",
      "FaceSrc": "https://pic.hanfugou.com/web/2019/11/4/13/b092e3b67b7c41c9a0ac887388e7463c.png",
      "BasePrice": 199.00,
      "Price": 199.00,
      "BasePriceRange": "199.0",
      "PriceRange": "199.0",
      "OtherMark": null,
      "SaveCount": 137,
      "Shop": {
        "ID": 906,
        "Name": "羽落纱",
        "User": {
          "Gender": null,
          "MainBgPic": null,
          "AuthenticateCode": null,
          "AuthenticateName": null,
          "AuthenticateID": 0,
          "CityNames": null,
          "Describe": null,
          "AtteCount": 0,
          "ViolationCount": 0,
          "FansCount": 8015,
          "UserAtte": false,
          "GoodAlbumCount": 0,
          "Popularity": 0,
          "UseHanbi": 0,
          "Close": false,
          "Black": false,
          "NoteName": null,
          "ID": 414265,
          "UserName": null,
          "NickName": null,
          "HeadUrl": null
        },
        "LogoSrc": "https://pic.hanfugou.com/web/2019/1/18/15/f81e502846c94dfba86d64e816fd794f.jpeg",
        "GoodLogoSrc": null,
        "MainBgSrc": null,
        "CityNames": "浙江,杭州",
        "AtteCount": 8015,
        "UserAtte": false,
        "ProductCount": 28,
        "Products": null,
        "ShopMark": null
      },
      "Stock": 129,
      "SalesVolume": 0,
      "MonthSalesVolume": 0,
      "TaobaoID": 607516391920,
      "UserSave": false,
      "Shelves": true,
      "PostageID": 353,
      "TypeID": 31,
      "BeginDatetime": "2019-12-13T00:00:00",
      "EndDatetime": "0001-01-01T00:00:00",
      "Datetime": "2019-11-04T13:47:29"
    }, {
      "ID": 52502,
      "Name": "华兴唐秋冬明制汉服毛呢方领袄半袖披袄传统服饰软绵绵现货",
      "FaceSrc": "https://pic.hanfugou.com/web/2019/11/1/21/a60e7c24b7954485ad382d722d084dfb.jpg",
      "BasePrice": 128.00,
      "Price": 128.00,
      "BasePriceRange": "128.0",
      "PriceRange": "128.0",
      "OtherMark": null,
      "SaveCount": 106,
      "Shop": {
        "ID": 1,
        "Name": "华兴唐汉服",
        "User": {
          "Gender": null,
          "MainBgPic": null,
          "AuthenticateCode": null,
          "AuthenticateName": null,
          "AuthenticateID": 0,
          "CityNames": null,
          "Describe": null,
          "AtteCount": 0,
          "ViolationCount": 0,
          "FansCount": 6578,
          "UserAtte": false,
          "GoodAlbumCount": 0,
          "Popularity": 0,
          "UseHanbi": 0,
          "Close": false,
          "Black": false,
          "NoteName": null,
          "ID": 7272,
          "UserName": null,
          "NickName": null,
          "HeadUrl": null
        },
        "LogoSrc": "https://pic.hanfugou.com/pc/2016/8/31/11/dbcdd9b086ca4d13ba86c1de12947468.jpg",
        "GoodLogoSrc": null,
        "MainBgSrc": null,
        "CityNames": "广东,深圳",
        "AtteCount": 6578,
        "UserAtte": false,
        "ProductCount": 90,
        "Products": null,
        "ShopMark": null
      },
      "Stock": 192,
      "SalesVolume": 3,
      "MonthSalesVolume": 1,
      "TaobaoID": 607183530969,
      "UserSave": false,
      "Shelves": true,
      "PostageID": 0,
      "TypeID": 31,
      "BeginDatetime": "2019-11-02T10:15:03",
      "EndDatetime": "0001-01-01T00:00:00",
      "Datetime": "2019-11-01T21:41:14"
    }, {
      "ID": 51267,
      "Name": "衫袂语汉服小暖洋明制方领半袖中长袄毛呢冬季百搭大衣保暖百搭",
      "FaceSrc": "https://pic.hanfugou.com/web/2019/11/21/21/358d6c17d530452a8a2d66eacbb439e6.jpg",
      "BasePrice": 3.00,
      "Price": 3.00,
      "BasePriceRange": "3.0-136.0",
      "PriceRange": "3.0-136.0",
      "OtherMark": null,
      "SaveCount": 208,
      "Shop": {
        "ID": 840,
        "Name": "衫袂语",
        "User": {
          "Gender": null,
          "MainBgPic": null,
          "AuthenticateCode": null,
          "AuthenticateName": null,
          "AuthenticateID": 0,
          "CityNames": null,
          "Describe": null,
          "AtteCount": 0,
          "ViolationCount": 0,
          "FansCount": 1121,
          "UserAtte": false,
          "GoodAlbumCount": 0,
          "Popularity": 0,
          "UseHanbi": 0,
          "Close": false,
          "Black": false,
          "NoteName": null,
          "ID": 382416,
          "UserName": null,
          "NickName": null,
          "HeadUrl": null
        },
        "LogoSrc": "https://pic.hanfugou.com/web/2018/12/14/15/53a87ffb14ab459a921b2e3efcd9026b.png",
        "GoodLogoSrc": null,
        "MainBgSrc": null,
        "CityNames": "广东,佛山",
        "AtteCount": 1121,
        "UserAtte": false,
        "ProductCount": 26,
        "Products": null,
        "ShopMark": null
      },
      "Stock": 180,
      "SalesVolume": 18,
      "MonthSalesVolume": 3,
      "TaobaoID": 605295574538,
      "UserSave": false,
      "Shelves": true,
      "PostageID": 0,
      "TypeID": 31,
      "BeginDatetime": "2019-11-10T00:40:02",
      "EndDatetime": "0001-01-01T00:00:00",
      "Datetime": "2019-10-09T13:03:44"
    }, {
      "ID": 50841,
      "Name": "宴山亭原创汉服 【百猫坊】秋冬猫咪绣花圆领毛呢披袄齐腰裙第4批",
      "FaceSrc": "https://pic.hanfugou.com/web/2019/9/29/12/5e5f88102b6a476da9a373ff6ffce017.jpg",
      "BasePrice": 68.00,
      "Price": 68.00,
      "BasePriceRange": "68.0-188.0",
      "PriceRange": "68.0-188.0",
      "OtherMark": null,
      "SaveCount": 169,
      "Shop": {
        "ID": 2099,
        "Name": "宴山亭",
        "User": {
          "Gender": null,
          "MainBgPic": null,
          "AuthenticateCode": null,
          "AuthenticateName": null,
          "AuthenticateID": 0,
          "CityNames": null,
          "Describe": null,
          "AtteCount": 0,
          "ViolationCount": 0,
          "FansCount": 4198,
          "UserAtte": false,
          "GoodAlbumCount": 0,
          "Popularity": 0,
          "UseHanbi": 0,
          "Close": false,
          "Black": false,
          "NoteName": null,
          "ID": 14526,
          "UserName": null,
          "NickName": null,
          "HeadUrl": null
        },
        "LogoSrc": "https://pic.hanfugou.com/web/2019/9/9/16/42555037505346f2a3b11eb48be1c79c.jpeg",
        "GoodLogoSrc": null,
        "MainBgSrc": null,
        "CityNames": "江苏,南京",
        "AtteCount": 4198,
        "UserAtte": false,
        "ProductCount": 27,
        "Products": null,
        "ShopMark": null
      },
      "Stock": 2963,
      "SalesVolume": 8,
      "MonthSalesVolume": 3,
      "TaobaoID": 603997205804,
      "UserSave": false,
      "Shelves": true,
      "PostageID": 417,
      "TypeID": 98,
      "BeginDatetime": "2019-09-29T19:44:52",
      "EndDatetime": "0001-01-01T00:00:00",
      "Datetime": "2019-09-29T12:25:32"
    }],
    "ClickCount": 15712,
    "Check": true,
    "Datetime": "2019-12-07T08:45:16"
  }, {
    "ID": 141,
    "User": {
      "Gender": null,
      "MainBgPic": null,
      "AuthenticateCode": null,
      "AuthenticateName": null,
      "AuthenticateID": 0,
      "CityNames": null,
      "Describe": null,
      "AtteCount": 0,
      "ViolationCount": 0,
      "FansCount": 0,
      "UserAtte": false,
      "GoodAlbumCount": 0,
      "Popularity": 0,
      "UseHanbi": 0,
      "Close": false,
      "Black": false,
      "NoteName": null,
      "ID": 16725,
      "UserName": null,
      "NickName": "楸月白",
      "HeadUrl": "https://pic.hanfugou.com//android/2019/11/8/79fb2d3292b74346b3b4e6a01a256e87.jpg"
    },
    "Title": "绒毛恋语丨毛绒绒系配饰，软萌你的冰雪心",
    "Content": "<p>降温了，这种时候对毛绒绒的物品真的完全没有抵抗力！温暖，可爱，软乎乎的总让人忍不住想亲近，想摸一摸。在夏天毛绒绒的配饰或许与衣服厚度不够相配，到了冬天简直就是这类饰品的百搭天堂！可仙可甜可贵气，必须安排一下 =∩ω∩=</p>",
    "FaceUrl": "https://pic.hanfugou.com/web/2019/12/2/9/d25384b4dd4e4508b3b0ed8eb896cece.png",
    "ProductIDs": "53195,53208,38333,43284,47151,50272,51112,52771,53201,53196,53330,53658",
    "Products": [{
      "ID": 53658,
      "Name": "子衣明堂汉服秋冬配饰女士仿皮草毛毛领子单面带球围仿兔毛保暖围",
      "FaceSrc": "https://pic.hanfugou.com/web/2019/11/18/19/7373a7992609433095ff0347395e998b.jpg",
      "BasePrice": 38.00,
      "Price": 38.00,
      "BasePriceRange": "38.0",
      "PriceRange": "38.0",
      "OtherMark": null,
      "SaveCount": 238,
      "Shop": {
        "ID": 17,
        "Name": "子衣明堂",
        "User": {
          "Gender": null,
          "MainBgPic": null,
          "AuthenticateCode": null,
          "AuthenticateName": null,
          "AuthenticateID": 0,
          "CityNames": null,
          "Describe": null,
          "AtteCount": 0,
          "ViolationCount": 0,
          "FansCount": 2356,
          "UserAtte": false,
          "GoodAlbumCount": 0,
          "Popularity": 0,
          "UseHanbi": 0,
          "Close": false,
          "Black": false,
          "NoteName": null,
          "ID": 14470,
          "UserName": null,
          "NickName": null,
          "HeadUrl": null
        },
        "LogoSrc": "https://pic.hanfugou.com/pc/2016/9/19/20/bc0829ff0b994979a22a4723e0ccec13.jpg",
        "GoodLogoSrc": null,
        "MainBgSrc": null,
        "CityNames": "江西,南昌",
        "AtteCount": 2356,
        "UserAtte": false,
        "ProductCount": 50,
        "Products": null,
        "ShopMark": null
      },
      "Stock": 52,
      "SalesVolume": 6,
      "MonthSalesVolume": 0,
      "TaobaoID": 608251434318,
      "UserSave": false,
      "Shelves": true,
      "PostageID": 37,
      "TypeID": 111,
      "BeginDatetime": "2019-12-12T01:25:21",
      "EndDatetime": "0001-01-01T00:00:00",
      "Datetime": "2019-11-18T19:22:33"
    }, {
      "ID": 53330,
      "Name": "辰小兮原创设计专业儿童汉服配饰毛球发夹仙气古风流苏迷你兔小茸",
      "FaceSrc": "https://pic.hanfugou.com/web/2019/11/11/2/f7d975df314a4fd6bae5dce088e15198.jpg",
      "BasePrice": 29.00,
      "Price": 29.00,
      "BasePriceRange": "29.0-58.0",
      "PriceRange": "29.0-58.0",
      "OtherMark": null,
      "SaveCount": 150,
      "Shop": {
        "ID": 1536,
        "Name": "辰小兮原创儿童首饰",
        "User": {
          "Gender": null,
          "MainBgPic": null,
          "AuthenticateCode": null,
          "AuthenticateName": null,
          "AuthenticateID": 0,
          "CityNames": null,
          "Describe": null,
          "AtteCount": 0,
          "ViolationCount": 0,
          "FansCount": 326,
          "UserAtte": false,
          "GoodAlbumCount": 0,
          "Popularity": 0,
          "UseHanbi": 0,
          "Close": false,
          "Black": false,
          "NoteName": null,
          "ID": 95033,
          "UserName": null,
          "NickName": null,
          "HeadUrl": null
        },
        "LogoSrc": "https://pic.hanfugou.com/web/2019/6/18/22/aea1f42ccd2741b0997e8a9fe720fc79.jpeg",
        "GoodLogoSrc": null,
        "MainBgSrc": null,
        "CityNames": "内蒙古,赤峰",
        "AtteCount": 326,
        "UserAtte": false,
        "ProductCount": 47,
        "Products": null,
        "ShopMark": null
      },
      "Stock": 89,
      "SalesVolume": 0,
      "MonthSalesVolume": 0,
      "TaobaoID": 607797363816,
      "UserSave": false,
      "Shelves": true,
      "PostageID": 378,
      "TypeID": 131,
      "BeginDatetime": "2019-11-12T16:32:30",
      "EndDatetime": "0001-01-01T00:00:00",
      "Datetime": "2019-11-11T02:26:54"
    }, {
      "ID": 53208,
      "Name": "风雪初晴汉服配饰原创手工羽毛边夹古风发夹可爱流苏对夹发饰绵绵",
      "FaceSrc": "https://pic.hanfugou.com/web/2019/11/11/1/f64a3763436d4ba79f498a90e44aa28a.jpg",
      "BasePrice": 29.00,
      "Price": 29.00,
      "BasePriceRange": "29.0",
      "PriceRange": "29.0",
      "OtherMark": null,
      "SaveCount": 175,
      "Shop": {
        "ID": 182,
        "Name": "风雪初晴",
        "User": {
          "Gender": null,
          "MainBgPic": null,
          "AuthenticateCode": null,
          "AuthenticateName": null,
          "AuthenticateID": 0,
          "CityNames": null,
          "Describe": null,
          "AtteCount": 0,
          "ViolationCount": 0,
          "FansCount": 13756,
          "UserAtte": false,
          "GoodAlbumCount": 0,
          "Popularity": 0,
          "UseHanbi": 0,
          "Close": false,
          "Black": false,
          "NoteName": null,
          "ID": 105405,
          "UserName": null,
          "NickName": null,
          "HeadUrl": null
        },
        "LogoSrc": "https://pic.hanfugou.com/pc/2017/5/22/13/25b8e8c557ae4cc0b232b07f3baa623e.png",
        "GoodLogoSrc": null,
        "MainBgSrc": null,
        "CityNames": "北京,大兴",
        "AtteCount": 13756,
        "UserAtte": false,
        "ProductCount": 208,
        "Products": null,
        "ShopMark": null
      },
      "Stock": 206,
      "SalesVolume": 5,
      "MonthSalesVolume": 0,
      "TaobaoID": 607679671885,
      "UserSave": false,
      "Shelves": true,
      "PostageID": 95,
      "TypeID": 74,
      "BeginDatetime": "2019-11-11T01:25:10",
      "EndDatetime": "0001-01-01T00:00:00",
      "Datetime": "2019-11-11T01:23:43"
    }, {
      "ID": 53201,
      "Name": "风雪初晴原创手工抹额汉服配饰头巾古风毛绒发饰昭君套朔雪卧兔儿",
      "FaceSrc": "https://pic.hanfugou.com/web/2019/11/11/1/ca76d53e794d49d5844b268e7d9cd6ad.jpg",
      "BasePrice": 49.00,
      "Price": 49.00,
      "BasePriceRange": "49.0",
      "PriceRange": "49.0",
      "OtherMark": null,
      "SaveCount": 69,
      "Shop": {
        "ID": 182,
        "Name": "风雪初晴",
        "User": {
          "Gender": null,
          "MainBgPic": null,
          "AuthenticateCode": null,
          "AuthenticateName": null,
          "AuthenticateID": 0,
          "CityNames": null,
          "Describe": null,
          "AtteCount": 0,
          "ViolationCount": 0,
          "FansCount": 13756,
          "UserAtte": false,
          "GoodAlbumCount": 0,
          "Popularity": 0,
          "UseHanbi": 0,
          "Close": false,
          "Black": false,
          "NoteName": null,
          "ID": 105405,
          "UserName": null,
          "NickName": null,
          "HeadUrl": null
        },
        "LogoSrc": "https://pic.hanfugou.com/pc/2017/5/22/13/25b8e8c557ae4cc0b232b07f3baa623e.png",
        "GoodLogoSrc": null,
        "MainBgSrc": null,
        "CityNames": "北京,大兴",
        "AtteCount": 13756,
        "UserAtte": false,
        "ProductCount": 208,
        "Products": null,
        "ShopMark": null
      },
      "Stock": 34,
      "SalesVolume": 2,
      "MonthSalesVolume": 1,
      "TaobaoID": 607466490161,
      "UserSave": false,
      "Shelves": true,
      "PostageID": 95,
      "TypeID": 51,
      "BeginDatetime": "2019-11-11T01:20:16",
      "EndDatetime": "0001-01-01T00:00:00",
      "Datetime": "2019-11-11T01:18:51"
    }, {
      "ID": 53196,
      "Name": "风雪初晴原创设计汉服配饰毛球发夹发梳流苏仙气古典风边夹兔小茸",
      "FaceSrc": "https://pic.hanfugou.com/web/2019/11/11/1/f83f93df25ec4a42984cb092b8afb73c.jpg",
      "BasePrice": 42.00,
      "Price": 42.00,
      "BasePriceRange": "42.0-79.0",
      "PriceRange": "42.0-79.0",
      "OtherMark": null,
      "SaveCount": 145,
      "Shop": {
        "ID": 182,
        "Name": "风雪初晴",
        "User": {
          "Gender": null,
          "MainBgPic": null,
          "AuthenticateCode": null,
          "AuthenticateName": null,
          "AuthenticateID": 0,
          "CityNames": null,
          "Describe": null,
          "AtteCount": 0,
          "ViolationCount": 0,
          "FansCount": 13756,
          "UserAtte": false,
          "GoodAlbumCount": 0,
          "Popularity": 0,
          "UseHanbi": 0,
          "Close": false,
          "Black": false,
          "NoteName": null,
          "ID": 105405,
          "UserName": null,
          "NickName": null,
          "HeadUrl": null
        },
        "LogoSrc": "https://pic.hanfugou.com/pc/2017/5/22/13/25b8e8c557ae4cc0b232b07f3baa623e.png",
        "GoodLogoSrc": null,
        "MainBgSrc": null,
        "CityNames": "北京,大兴",
        "AtteCount": 13756,
        "UserAtte": false,
        "ProductCount": 208,
        "Products": null,
        "ShopMark": null
      },
      "Stock": 184,
      "SalesVolume": 9,
      "MonthSalesVolume": 0,
      "TaobaoID": 607178381132,
      "UserSave": false,
      "Shelves": true,
      "PostageID": 95,
      "TypeID": 74,
      "BeginDatetime": "2019-11-11T01:18:24",
      "EndDatetime": "0001-01-01T00:00:00",
      "Datetime": "2019-11-11T01:16:44"
    }, {
      "ID": 53195,
      "Name": "风雪初晴汉服配饰原创lolita流苏腰佩古典风冬季羽毛禁步 绒绒",
      "FaceSrc": "https://pic.hanfugou.com/web/2019/11/29/10/8affa25a90544187bbe4460277bd39b1.jpg",
      "BasePrice": 89.00,
      "Price": 89.00,
      "BasePriceRange": "89.0",
      "PriceRange": "89.0",
      "OtherMark": null,
      "SaveCount": 78,
      "Shop": {
        "ID": 182,
        "Name": "风雪初晴",
        "User": {
          "Gender": null,
          "MainBgPic": null,
          "AuthenticateCode": null,
          "AuthenticateName": null,
          "AuthenticateID": 0,
          "CityNames": null,
          "Describe": null,
          "AtteCount": 0,
          "ViolationCount": 0,
          "FansCount": 13756,
          "UserAtte": false,
          "GoodAlbumCount": 0,
          "Popularity": 0,
          "UseHanbi": 0,
          "Close": false,
          "Black": false,
          "NoteName": null,
          "ID": 105405,
          "UserName": null,
          "NickName": null,
          "HeadUrl": null
        },
        "LogoSrc": "https://pic.hanfugou.com/pc/2017/5/22/13/25b8e8c557ae4cc0b232b07f3baa623e.png",
        "GoodLogoSrc": null,
        "MainBgSrc": null,
        "CityNames": "北京,大兴",
        "AtteCount": 13756,
        "UserAtte": false,
        "ProductCount": 208,
        "Products": null,
        "ShopMark": null
      },
      "Stock": 68,
      "SalesVolume": 1,
      "MonthSalesVolume": 1,
      "TaobaoID": 607177237905,
      "UserSave": false,
      "Shelves": true,
      "PostageID": 95,
      "TypeID": 59,
      "BeginDatetime": "2019-11-11T01:17:59",
      "EndDatetime": "0001-01-01T00:00:00",
      "Datetime": "2019-11-11T01:16:26"
    }, {
      "ID": 52771,
      "Name": "故人归 毛球发扣古风束发小发扣女头饰盘发发饰插饰汉服发扣",
      "FaceSrc": "https://pic.hanfugou.com/web/2019/11/7/16/102b8afee23d4770a4e7a1eab80171ad.jpg",
      "BasePrice": 8.90,
      "Price": 8.90,
      "BasePriceRange": "8.9",
      "PriceRange": "8.9",
      "OtherMark": null,
      "SaveCount": 66,
      "Shop": {
        "ID": 816,
        "Name": "故人归古风手作",
        "User": {
          "Gender": null,
          "MainBgPic": null,
          "AuthenticateCode": null,
          "AuthenticateName": null,
          "AuthenticateID": 0,
          "CityNames": null,
          "Describe": null,
          "AtteCount": 0,
          "ViolationCount": 0,
          "FansCount": 20696,
          "UserAtte": false,
          "GoodAlbumCount": 0,
          "Popularity": 0,
          "UseHanbi": 0,
          "Close": false,
          "Black": false,
          "NoteName": null,
          "ID": 364797,
          "UserName": null,
          "NickName": null,
          "HeadUrl": null
        },
        "LogoSrc": "https://pic.hanfugou.com/web/2019/10/26/15/3e2360e51c0f4709b162614b49618ad6.jpeg",
        "GoodLogoSrc": null,
        "MainBgSrc": null,
        "CityNames": "湖南,长沙",
        "AtteCount": 20696,
        "UserAtte": false,
        "ProductCount": 108,
        "Products": null,
        "ShopMark": null
      },
      "Stock": 167,
      "SalesVolume": 26,
      "MonthSalesVolume": 2,
      "TaobaoID": 607288317182,
      "UserSave": false,
      "Shelves": true,
      "PostageID": 284,
      "TypeID": 74,
      "BeginDatetime": "2019-12-13T00:00:40",
      "EndDatetime": "0001-01-01T00:00:00",
      "Datetime": "2019-11-07T16:19:18"
    }, {
      "ID": 51112,
      "Name": "漱玉词汉服#新款秋冬加厚加长大毛领围巾披肩保暖 汉服配饰",
      "FaceSrc": "https://pic.hanfugou.com/web/2019/11/29/8/aae55240825e47d686cc3d003ee4d19e.jpg",
      "BasePrice": 88.00,
      "Price": 88.00,
      "BasePriceRange": "88.0",
      "PriceRange": "88.0",
      "OtherMark": null,
      "SaveCount": 94,
      "Shop": {
        "ID": 810,
        "Name": "漱玉词汉服",
        "User": {
          "Gender": null,
          "MainBgPic": null,
          "AuthenticateCode": null,
          "AuthenticateName": null,
          "AuthenticateID": 0,
          "CityNames": null,
          "Describe": null,
          "AtteCount": 0,
          "ViolationCount": 0,
          "FansCount": 3869,
          "UserAtte": false,
          "GoodAlbumCount": 0,
          "Popularity": 0,
          "UseHanbi": 0,
          "Close": false,
          "Black": false,
          "NoteName": null,
          "ID": 156779,
          "UserName": null,
          "NickName": null,
          "HeadUrl": null
        },
        "LogoSrc": "https://pic.hanfugou.com/web/2019/6/6/17/b03f833880e24d25962d8588b49cfe39.jpeg",
        "GoodLogoSrc": null,
        "MainBgSrc": null,
        "CityNames": "广东,东莞",
        "AtteCount": 3869,
        "UserAtte": false,
        "ProductCount": 39,
        "Products": null,
        "ShopMark": null
      },
      "Stock": 58,
      "SalesVolume": 4,
      "MonthSalesVolume": 1,
      "TaobaoID": 604475272262,
      "UserSave": false,
      "Shelves": true,
      "PostageID": 0,
      "TypeID": 111,
      "BeginDatetime": "2019-10-08T10:46:53",
      "EndDatetime": "0001-01-01T00:00:00",
      "Datetime": "2019-10-07T15:34:47"
    }, {
      "ID": 50272,
      "Name": "【云起锦绣】可爱多多   毛绒对夹  可爱风  汉服配饰头饰",
      "FaceSrc": "https://pic.hanfugou.com/web/2019/11/4/21/653ead570a904986a933d125b73b1e7b.jpeg",
      "BasePrice": 26.00,
      "Price": 26.00,
      "BasePriceRange": "26",
      "PriceRange": "26",
      "OtherMark": null,
      "SaveCount": 70,
      "Shop": {
        "ID": 287,
        "Name": "云起锦绣",
        "User": {
          "Gender": null,
          "MainBgPic": null,
          "AuthenticateCode": null,
          "AuthenticateName": null,
          "AuthenticateID": 0,
          "CityNames": null,
          "Describe": null,
          "AtteCount": 0,
          "ViolationCount": 0,
          "FansCount": 1993,
          "UserAtte": false,
          "GoodAlbumCount": 0,
          "Popularity": 0,
          "UseHanbi": 0,
          "Close": false,
          "Black": false,
          "NoteName": null,
          "ID": 18270,
          "UserName": null,
          "NickName": null,
          "HeadUrl": null
        },
        "LogoSrc": "https://pic.hanfugou.com/pc/2017/11/1/11/3174eb372cb34ddc8587cb78d7fe9d5e.jpg",
        "GoodLogoSrc": null,
        "MainBgSrc": null,
        "CityNames": "福建,宁德",
        "AtteCount": 1993,
        "UserAtte": false,
        "ProductCount": 47,
        "Products": null,
        "ShopMark": null
      },
      "Stock": 2666657,
      "SalesVolume": 9,
      "MonthSalesVolume": 0,
      "TaobaoID": 0,
      "UserSave": false,
      "Shelves": false,
      "PostageID": 0,
      "TypeID": 74,
      "BeginDatetime": "2019-12-18T11:22:45",
      "EndDatetime": "0001-01-01T00:00:00",
      "Datetime": "2019-09-16T22:38:30"
    }, {
      "ID": 47151,
      "Name": "她说汉服拾花纪毛球发夹寒酥边夹发夹汉服周边古风发夹汉服配饰",
      "FaceSrc": "https://pic.hanfugou.com/web/2019/7/30/21/5ceec23a844948cdb23c0f87840b82f8.jpg",
      "BasePrice": 34.84,
      "Price": 34.84,
      "BasePriceRange": "34.84",
      "PriceRange": "34.84",
      "OtherMark": null,
      "SaveCount": 75,
      "Shop": {
        "ID": 187,
        "Name": "拾花纪",
        "User": {
          "Gender": null,
          "MainBgPic": null,
          "AuthenticateCode": null,
          "AuthenticateName": null,
          "AuthenticateID": 0,
          "CityNames": null,
          "Describe": null,
          "AtteCount": 0,
          "ViolationCount": 0,
          "FansCount": 761,
          "UserAtte": false,
          "GoodAlbumCount": 0,
          "Popularity": 0,
          "UseHanbi": 0,
          "Close": false,
          "Black": false,
          "NoteName": null,
          "ID": 92246,
          "UserName": null,
          "NickName": null,
          "HeadUrl": null
        },
        "LogoSrc": "https://pic.hanfugou.com/pc/2017/5/26/18/45c11f56bb984f90b008b72cad47cc19.jpg",
        "GoodLogoSrc": null,
        "MainBgSrc": null,
        "CityNames": "浙江,杭州",
        "AtteCount": 761,
        "UserAtte": false,
        "ProductCount": 71,
        "Products": null,
        "ShopMark": null
      },
      "Stock": 39,
      "SalesVolume": 5,
      "MonthSalesVolume": 1,
      "TaobaoID": 599195006792,
      "UserSave": false,
      "Shelves": true,
      "PostageID": 88,
      "TypeID": 74,
      "BeginDatetime": "2019-07-25T10:39:05",
      "EndDatetime": "0001-01-01T00:00:00",
      "Datetime": "2019-07-21T17:58:54"
    }, {
      "ID": 43284,
      "Name": "汉尚华莲汉服女配饰百搭双色毛球穗子头饰发夹可爱日常道具",
      "FaceSrc": "https://pic.hanfugou.com/web/2019/6/13/17/6bb2fbbbc840421591ec3fb4771e7bb5.jpg",
      "BasePrice": 13.80,
      "Price": 13.80,
      "BasePriceRange": "13.8",
      "PriceRange": "13.8",
      "OtherMark": null,
      "SaveCount": 160,
      "Shop": {
        "ID": 13,
        "Name": "汉尚华莲汉服",
        "User": {
          "Gender": null,
          "MainBgPic": null,
          "AuthenticateCode": null,
          "AuthenticateName": null,
          "AuthenticateID": 0,
          "CityNames": null,
          "Describe": null,
          "AtteCount": 0,
          "ViolationCount": 0,
          "FansCount": 101174,
          "UserAtte": false,
          "GoodAlbumCount": 0,
          "Popularity": 0,
          "UseHanbi": 0,
          "Close": false,
          "Black": false,
          "NoteName": null,
          "ID": 32313,
          "UserName": null,
          "NickName": null,
          "HeadUrl": null
        },
        "LogoSrc": "https://pic.hanfugou.com/pc/2016/9/8/11/37120405a7a44faaa52fa690dd8df9a6.jpg",
        "GoodLogoSrc": null,
        "MainBgSrc": null,
        "CityNames": "广东,广州",
        "AtteCount": 101174,
        "UserAtte": false,
        "ProductCount": 173,
        "Products": null,
        "ShopMark": null
      },
      "Stock": 13,
      "SalesVolume": 14,
      "MonthSalesVolume": 0,
      "TaobaoID": 540612708689,
      "UserSave": false,
      "Shelves": true,
      "PostageID": 54,
      "TypeID": 74,
      "BeginDatetime": "2019-05-31T17:02:26",
      "EndDatetime": "0001-01-01T00:00:00",
      "Datetime": "2019-05-31T16:07:58"
    }, {
      "ID": 38333,
      "Name": "【包邮】团子西临月珍珠毛球球可爱日常耳夹耳饰 loiita/汉服服饰",
      "FaceSrc": "https://pic.hanfugou.com/web/2019/6/13/19/a79fd24db7cf4428ac95d47b23a9d798.jpg",
      "BasePrice": 36.80,
      "Price": 36.80,
      "BasePriceRange": "36.8-38.8",
      "PriceRange": "36.8-38.8",
      "OtherMark": null,
      "SaveCount": 59,
      "Shop": {
        "ID": 332,
        "Name": "西临月古风原创",
        "User": {
          "Gender": null,
          "MainBgPic": null,
          "AuthenticateCode": null,
          "AuthenticateName": null,
          "AuthenticateID": 0,
          "CityNames": null,
          "Describe": null,
          "AtteCount": 0,
          "ViolationCount": 0,
          "FansCount": 784,
          "UserAtte": false,
          "GoodAlbumCount": 0,
          "Popularity": 0,
          "UseHanbi": 0,
          "Close": false,
          "Black": false,
          "NoteName": null,
          "ID": 66512,
          "UserName": null,
          "NickName": null,
          "HeadUrl": null
        },
        "LogoSrc": "https://pic.hanfugou.com/pc/2017/12/25/23/4e786ad0e0b14c7e808947f57486847d.jpg",
        "GoodLogoSrc": null,
        "MainBgSrc": null,
        "CityNames": "河南,平顶山",
        "AtteCount": 784,
        "UserAtte": false,
        "ProductCount": 63,
        "Products": null,
        "ShopMark": null
      },
      "Stock": 27,
      "SalesVolume": 4,
      "MonthSalesVolume": 0,
      "TaobaoID": 0,
      "UserSave": false,
      "Shelves": true,
      "PostageID": 0,
      "TypeID": 74,
      "BeginDatetime": "2019-10-13T12:11:43",
      "EndDatetime": "0001-01-01T00:00:00",
      "Datetime": "2019-03-12T17:42:58"
    }],
    "ClickCount": 12703,
    "Check": true,
    "Datetime": "2019-12-02T09:26:45"
  }],
  "ServerTime": 1576844003,
  "Remark": {}
}