{
  "Status": "10000",
  "ErrorMessage": "成功",
  "Data": [{
    "ID": 2749,
    "User": {
      "Gender": "女",
      "MainBgPic": null,
      "AuthenticateCode": null,
      "AuthenticateName": null,
      "AuthenticateID": 0,
      "CityNames": null,
      "Describe": "背灯和月就花阴，已是十年踪迹十年心。",
      "AtteCount": 0,
      "ViolationCount": 0,
      "FansCount": 0,
      "UserAtte": false,
      "GoodAlbumCount": 0,
      "Popularity": 0,
      "UseHanbi": 0,
      "Close": false,
      "Black": false,
      "NoteName": null,
      "ID": 61921,
      "UserName": "21048474",
      "NickName": "李岚筝",
      "HeadUrl": "https://pic.hanfugou.com/secret/2016/8/22/16/5d6d460cb03c40308750c9dfd71bd45c.jpg"
    },
    "Name": "袍子们有男票了么",
    "Describe": "刚刚有没多久",
    "ImageSrcs": ["https://pic.hanfugou.com/android/2017/1/9/118519868ffe4b76ba70e8d0231f0589.jpg"],
    "FaceSrc": null,
    "Images": [{
      "ImgSrc": "https://pic.hanfugou.com/android/2017/1/9/118519868ffe4b76ba70e8d0231f0589.jpg",
      "Width": 1728,
      "Height": 2304,
      "Size": 1547750
    }],
    "UserCount": 21,
    "TopicFollow": false,
    "TrendCount": 318,
    "Reply": null,
    "ReplyText": "我虽然没有男票，但有老公",
    "ReplyPic": "https://pic.hanfugou.com/android/2019/9/11/9d2bdf79010b47ee88ceb372b4caab7a.jpg",
    "TrendShops": null,
    "LastDatetime": "2019-10-12T13:47:43",
    "Hot": false,
    "HotDatetime": "2017-02-09T21:43:12",
    "AdminDown": false,
    "Huiba": {
      "ID": 6523,
      "Name": "情感树洞",
      "PublicShow": false
    },
    "Datetime": "2017-02-09T21:06:34"
  }],
  "ServerTime": 1576844933,
  "Remark": {}
}