{
  "Status": "10000",
  "ErrorMessage": "成功",
  "Data": function({
    _req
  }) {
    return _req.query.id == '605688' ? {
      "Topic": {
        "ID": 142934,
        "User": {
          "Gender": "女",
          "MainBgPic": null,
          "AuthenticateCode": null,
          "AuthenticateName": null,
          "AuthenticateID": 0,
          "CityNames": null,
          "Describe": "君子如兰      三坑少女      野生袍子",
          "AtteCount": 0,
          "ViolationCount": 0,
          "FansCount": 0,
          "UserAtte": false,
          "GoodAlbumCount": 0,
          "Popularity": 0,
          "UseHanbi": 0,
          "Close": false,
          "Black": false,
          "NoteName": null,
          "ID": 429521,
          "UserName": null,
          "NickName": "夏华茗蝉",
          "HeadUrl": "https://pic.hanfugou.com//android/2019/10/5/0ab042d3ee7b4102ac8c6aa0c6da1e84.jpg"
        },
        "Name": "山寨汉服和正版汉服究竟区别在哪里，为什么那么多人讨厌山寨汉服？",
        "Describe": "山寨汉服究竟输在那里？新手袍子发问而已，勿喷😂😂",
        "ImageSrcs": null,
        "FaceSrc": "https://pic.hanfugou.com/android/2019/6/30/89b2e32b2e134d08b300e82329e89ef2.jpg",
        "Images": null,
        "UserCount": 30,
        "TopicFollow": false,
        "TrendCount": 74,
        "Reply": null,
        "ReplyText": null,
        "ReplyPic": null,
        "TrendShops": null,
        "LastDatetime": "2019-12-15T02:58:34",
        "Hot": false,
        "HotDatetime": "0001-01-01T00:00:00",
        "AdminDown": false,
        "Huiba": {
          "ID": 7098,
          "Name": "山寨汉服和正版汉服究竟区别在哪里，为什么那么多人讨厌山寨汉服？",
          "PublicShow": false
        },
        "Datetime": "2019-07-30T14:37:49"
      },
      "FaceSrc": "https://pic.hanfugou.com/android/2019/6/30/89b2e32b2e134d08b300e82329e89ef2.jpg",
      "Images": [{
        "ImgSrc": "https://pic.hanfugou.com/android/2019/6/30/89b2e32b2e134d08b300e82329e89ef2.jpg",
        "Width": 426,
        "Height": 422,
        "Size": 23633
      }, {
        "ImgSrc": "https://pic.hanfugou.com/android/2019/6/30/4597c9325145405a8a67dd5bb1038d64.jpg",
        "Width": 580,
        "Height": 436,
        "Size": 19150
      }],
      "Content": "说个现实点的比喻，一个biao子的整容成你的样子玩着你的男朋友，糟蹋着你的家庭，最后做的坏事还要怪罪到你的头上。\n意思就是一些山店把自己包装成原创，骗着你的钱，骗着你的信任，最后布料绣花不好还要怪到真正的原创店铺上，你说气不气人",
      "TrendShops": [],
      "ImageSrcs": ["https://pic.hanfugou.com/android/2019/6/30/89b2e32b2e134d08b300e82329e89ef2.jpg", "https://pic.hanfugou.com/android/2019/6/30/4597c9325145405a8a67dd5bb1038d64.jpg"],
      "UserCount": 30,
      "Datetime": "2019-07-30T14:37:49",
      "ID": 605688,
      "User": {
        "Gender": "女",
        "MainBgPic": null,
        "AuthenticateCode": null,
        "AuthenticateName": null,
        "AuthenticateID": 0,
        "CityNames": null,
        "Describe": "君子如兰      三坑少女      野生袍子",
        "AtteCount": 0,
        "ViolationCount": 0,
        "FansCount": 0,
        "UserAtte": false,
        "GoodAlbumCount": 0,
        "Popularity": 0,
        "UseHanbi": 0,
        "Close": false,
        "Black": false,
        "NoteName": null,
        "ID": 429521,
        "UserName": null,
        "NickName": "夏华茗蝉",
        "HeadUrl": "https://pic.hanfugou.com//android/2019/10/5/0ab042d3ee7b4102ac8c6aa0c6da1e84.jpg"
      },
      "TopCount": 433,
      "CommCount": 20,
      "SaveCount": 27,
      "UserTop": false,
      "UserSave": false,
      "Hot": false,
      "Huiba": null,
      "Huibas": null
    } : {
      "Topic": {
        "ID": 86098,
        "User": {
          "Gender": "女",
          "MainBgPic": null,
          "AuthenticateCode": null,
          "AuthenticateName": null,
          "AuthenticateID": 0,
          "CityNames": null,
          "Describe": "该同袍还不知道怎么描述寄己 (╯▽╰)╭",
          "AtteCount": 0,
          "ViolationCount": 0,
          "FansCount": 0,
          "UserAtte": false,
          "GoodAlbumCount": 0,
          "Popularity": 0,
          "UseHanbi": 0,
          "Close": false,
          "Black": false,
          "NoteName": null,
          "ID": 728192,
          "UserName": null,
          "NickName": "易籽",
          "HeadUrl": "https://pic.hanfugou.com/android/2019/2/29/5a033a3e4c9346ba8b6b50c7dbaa5702.jpg"
        },
        "Name": "[深夜话题] 你入坑的第一套汉服是山还是正，第一次穿汉服出门是什么感受，遇到过什么记忆深刻的事。",
        "Describe": "我入坑的第一套是山，当时也不懂山正。\n第一次穿的时候也没化妆什么的，就自己看视频弄发型弄了半天，弄好发型快要出门的时候，特别慌，然而我是个很神奇的人，出门前贼慌，出门后特别自然，完全没感觉有什么。近视的同袍记住诀窍，出门别戴眼镜，这样就看不到路人异样的眼光。\n当时还没有抖音，路人都说我是白娘子🙃\n那天坐公交车，下车的时候才发现我齐胸掉了！！疯掉！车上的人肯定都看见了，哭瞎，现在想到都还想挖个地洞钻进去。\n\n晚安，小仙女们。",
        "ImageSrcs": null,
        "FaceSrc": null,
        "Images": null,
        "UserCount": 15,
        "TopicFollow": false,
        "TrendCount": 216,
        "Reply": null,
        "ReplyText": null,
        "ReplyPic": null,
        "TrendShops": null,
        "LastDatetime": "2019-12-25T14:29:13",
        "Hot": false,
        "HotDatetime": "0001-01-01T00:00:00",
        "AdminDown": false,
        "Huiba": {
          "ID": 0,
          "Name": "[深夜话题] 你入坑的第一套汉服是山还是正，第一次穿汉服出门是什么感受，遇到过什么记忆深刻的事。",
          "PublicShow": false
        },
        "Datetime": "2019-04-12T18:07:11"
      },
      "FaceSrc": null,
      "Images": [],
      "Content": "第一套汉服是鱼莲说，正的\n今天算是我第一次穿汉服出门，其实也就是出去小区去超市帮妈妈买东西，我正在镜子前面努力的学习编头发，而且我正好穿着鱼莲说在臭美😂我妈妈就让我出去买东西，刚好把头发编好，出门前把我紧张的声音都在抖，还是我妈和我外婆鼓励我出去，然后我就出门了，没有收到什么恶意的眼光，超市的小姐姐还说：怎么穿这么漂亮的衣服啊？我就回答说：复兴汉服。还问我在哪里买的，超市的其他人也觉得汉服特别好看，笑的很和气，丝毫没有异样的眼光，出来的时候正好赶上小学放学，学生都往家走，小区人特别多，然后……注目礼就出来了，一个小男孩还发出了惊呼声，但不是被吓到的那种，感觉挺好的，我出去的时候一直低着头，但回来的时候因为有了超市小姐姐的夸奖，瞬间有了底气的，就挺直腰抬起头走了，回到家我外婆还怪我说干嘛低着头😂就应该挺直腰板走，那么好看的衣服就应该让他们看看",
      "TrendShops": [],
      "ImageSrcs": [],
      "UserCount": 15,
      "Datetime": "2019-04-12T18:07:11",
      "ID": 444274,
      "User": {
        "Gender": "女",
        "MainBgPic": null,
        "AuthenticateCode": null,
        "AuthenticateName": null,
        "AuthenticateID": 0,
        "CityNames": null,
        "Describe": "该同袍还不知道怎么描述寄己 (╯▽╰)╭",
        "AtteCount": 0,
        "ViolationCount": 0,
        "FansCount": 0,
        "UserAtte": false,
        "GoodAlbumCount": 0,
        "Popularity": 0,
        "UseHanbi": 0,
        "Close": false,
        "Black": false,
        "NoteName": null,
        "ID": 728192,
        "UserName": null,
        "NickName": "易籽",
        "HeadUrl": "https://pic.hanfugou.com/android/2019/2/29/5a033a3e4c9346ba8b6b50c7dbaa5702.jpg"
      },
      "TopCount": 33,
      "CommCount": 6,
      "SaveCount": 0,
      "UserTop": false,
      "UserSave": false,
      "Hot": false,
      "Huiba": null,
      "Huibas": null
    }
  },
  "ServerTime": 1576849482,
  "Remark": {}
}