{
  "Status": "10000",
  "ErrorMessage": "成功",
  "Data": [{
    "ID": 32135,
    "User": {
      "Gender": "男",
      "MainBgPic": null,
      "AuthenticateCode": "indiv",
      "AuthenticateName": null,
      "AuthenticateID": 0,
      "CityNames": null,
      "Describe": "汉服日常党，极简主义者",
      "AtteCount": 0,
      "ViolationCount": 0,
      "FansCount": 0,
      "UserAtte": false,
      "GoodAlbumCount": 0,
      "Popularity": 0,
      "UseHanbi": 0,
      "Close": false,
      "Black": false,
      "NoteName": null,
      "ID": 1,
      "UserName": "laosha",
      "NickName": "老沙",
      "HeadUrl": "https://pic.hanfugou.com/ios/2019/8/21/21/39/156639475807472.jpg"
    },
    "Name": "你最喜欢的一句古诗词是什么",
    "Describe": "小楼一夜听春雨，深巷明朝卖杏花。",
    "ImageSrcs": ["https://pic.hanfugou.com/android/2019/0/31/45b30d3ae8c54676888499f3e5fb34e4.jpg"],
    "FaceSrc": "https://pic.hanfugou.com/android/2019/0/31/45b30d3ae8c54676888499f3e5fb34e4.jpg",
    "Images": [{
      "ImgSrc": "https://pic.hanfugou.com/android/2019/0/31/45b30d3ae8c54676888499f3e5fb34e4.jpg",
      "Width": 200,
      "Height": 200,
      "Size": 0
    }],
    "UserCount": 207,
    "TopicFollow": false,
    "TrendCount": 1066,
    "Reply": null,
    "ReplyText": "锦瑟无端五十弦，一弦一柱思华年银烛秋光冷画屏，轻罗小扇扑流萤",
    "ReplyPic": null,
    "TrendShops": null,
    "LastDatetime": "2019-12-20T19:48:34",
    "Hot": true,
    "HotDatetime": "1900-01-01T00:00:00",
    "AdminDown": false,
    "Huiba": {
      "ID": 6640,
      "Name": "诗词",
      "PublicShow": false
    },
    "Datetime": "2019-01-31T15:24:39"
  }, {
    "ID": 33457,
    "User": {
      "Gender": "女",
      "MainBgPic": null,
      "AuthenticateCode": null,
      "AuthenticateName": null,
      "AuthenticateID": 0,
      "CityNames": null,
      "Describe": "实名diss汉韵阁芙蓉和布许，哦现在最讨厌的还多了一个麻袋",
      "AtteCount": 0,
      "ViolationCount": 0,
      "FansCount": 0,
      "UserAtte": false,
      "GoodAlbumCount": 0,
      "Popularity": 0,
      "UseHanbi": 0,
      "Close": false,
      "Black": false,
      "NoteName": null,
      "ID": 461044,
      "UserName": "251662459",
      "NickName": "水色微凉寒西厢",
      "HeadUrl": "https://pic.hanfugou.com/android/2019/1/1/df63b283be5b490fa3b1e290a033ba88.jpg"
    },
    "Name": "有没有玩飞花令的同袍啊",
    "Describe": "主题：花\n我先来，忽如一夜春风来，千树万树梨花开",
    "ImageSrcs": [],
    "FaceSrc": null,
    "Images": [],
    "UserCount": 12,
    "TopicFollow": false,
    "TrendCount": 112,
    "Reply": null,
    "ReplyText": "人间四月芳菲尽，山寺桃花始盛开",
    "ReplyPic": null,
    "TrendShops": null,
    "LastDatetime": "2019-12-20T19:36:39",
    "Hot": true,
    "HotDatetime": "1900-01-01T00:00:00",
    "AdminDown": false,
    "Huiba": {
      "ID": 6640,
      "Name": "诗词",
      "PublicShow": false
    },
    "Datetime": "2019-02-04T21:40:08"
  }, {
    "ID": 11259,
    "User": {
      "Gender": "女",
      "MainBgPic": null,
      "AuthenticateCode": null,
      "AuthenticateName": null,
      "AuthenticateID": 0,
      "CityNames": null,
      "Describe": "北方有佳人，绝世而独立。一顾倾人城，再顾倾人国。宁不知倾城与倾国，佳人难再得。",
      "AtteCount": 0,
      "ViolationCount": 0,
      "FansCount": 0,
      "UserAtte": false,
      "GoodAlbumCount": 0,
      "Popularity": 0,
      "UseHanbi": 0,
      "Close": false,
      "Black": false,
      "NoteName": null,
      "ID": 141179,
      "UserName": "741694997",
      "NickName": "红衣°枯骨i",
      "HeadUrl": "https://pic.hanfugou.com/android/2017/10/2/b4214901b6c548bd8d8a41e24222a530.jpg"
    },
    "Name": "袍子们都在哪个城市啊？？",
    "Describe": "袍子们在哪个城市或哪个省？[疑问]",
    "ImageSrcs": [],
    "FaceSrc": null,
    "Images": [],
    "UserCount": 7,
    "TopicFollow": false,
    "TrendCount": 393,
    "Reply": null,
    "ReplyText": "饶平人在汕头",
    "ReplyPic": null,
    "TrendShops": null,
    "LastDatetime": "2019-12-20T19:28:32",
    "Hot": true,
    "HotDatetime": "1900-01-01T00:00:00",
    "AdminDown": false,
    "Huiba": {
      "ID": 0,
      "Name": "袍子们都在哪个城市啊？？",
      "PublicShow": false
    },
    "Datetime": "2018-06-14T00:00:05"
  }, {
    "ID": 46608,
    "User": {
      "Gender": "女",
      "MainBgPic": null,
      "AuthenticateCode": null,
      "AuthenticateName": null,
      "AuthenticateID": 0,
      "CityNames": null,
      "Describe": "",
      "AtteCount": 0,
      "ViolationCount": 0,
      "FansCount": 0,
      "UserAtte": false,
      "GoodAlbumCount": 0,
      "Popularity": 0,
      "UseHanbi": 0,
      "Close": false,
      "Black": false,
      "NoteName": null,
      "ID": 582983,
      "UserName": "758415577",
      "NickName": "summer啦",
      "HeadUrl": "https://pic.hanfugou.com/android/2019/1/23/a6cb642f68a545bdb75542d99e790a37.jpg"
    },
    "Name": "求问山还是正，第一次买了这套，怕是山，好方好方",
    "Describe": "在淘宝的华小夏商店里找的",
    "ImageSrcs": ["https://pic.hanfugou.com/android/2019/1/24/999e55d0fbd24f6bbe1a28e643a7745c.jpg", "https://pic.hanfugou.com/android/2019/1/24/74da595783194c19923d59e94aff85c2.jpg"],
    "FaceSrc": "https://pic.hanfugou.com/android/2019/1/24/999e55d0fbd24f6bbe1a28e643a7745c.jpg",
    "Images": [{
      "ImgSrc": "https://pic.hanfugou.com/android/2019/1/24/999e55d0fbd24f6bbe1a28e643a7745c.jpg",
      "Width": 1080,
      "Height": 1920,
      "Size": 0
    }, {
      "ImgSrc": "https://pic.hanfugou.com/android/2019/1/24/74da595783194c19923d59e94aff85c2.jpg",
      "Width": 1080,
      "Height": 1920,
      "Size": 0
    }],
    "UserCount": 1,
    "TopicFollow": false,
    "TrendCount": 79,
    "Reply": null,
    "ReplyText": "山",
    "ReplyPic": null,
    "TrendShops": null,
    "LastDatetime": "2019-12-20T19:16:22",
    "Hot": true,
    "HotDatetime": "1900-01-01T00:00:00",
    "AdminDown": false,
    "Huiba": {
      "ID": 6531,
      "Name": "萌新问答",
      "PublicShow": false
    },
    "Datetime": "2019-02-24T13:51:12"
  }, {
    "ID": 34746,
    "User": {
      "Gender": "女",
      "MainBgPic": null,
      "AuthenticateCode": null,
      "AuthenticateName": null,
      "AuthenticateID": 0,
      "CityNames": null,
      "Describe": "所有的失望都源于我满腔的过度期待.",
      "AtteCount": 0,
      "ViolationCount": 0,
      "FansCount": 0,
      "UserAtte": false,
      "GoodAlbumCount": 0,
      "Popularity": 0,
      "UseHanbi": 0,
      "Close": false,
      "Black": false,
      "NoteName": null,
      "ID": 482029,
      "UserName": "223455286",
      "NickName": "瑶瑶是妳女友.",
      "HeadUrl": "https://pic.hanfugou.com/android/2019/1/6/6476b792dfcf42c8b771c527a2df2cc8.jpg"
    },
    "Name": "问一下这个是不是山？",
    "Describe": "我已经买了但是不知道是不是山我看不出来",
    "ImageSrcs": ["https://pic.hanfugou.com/android/2019/1/7/395a43da69c34e3f8c718f8a04479978.jpg", "https://pic.hanfugou.com/android/2019/1/7/4807dad4768b418ea48daca16d049e05.jpg"],
    "FaceSrc": "https://pic.hanfugou.com/android/2019/1/7/395a43da69c34e3f8c718f8a04479978.jpg",
    "Images": [{
      "ImgSrc": "https://pic.hanfugou.com/android/2019/1/7/395a43da69c34e3f8c718f8a04479978.jpg",
      "Width": 720,
      "Height": 1520,
      "Size": 0
    }, {
      "ImgSrc": "https://pic.hanfugou.com/android/2019/1/7/4807dad4768b418ea48daca16d049e05.jpg",
      "Width": 720,
      "Height": 1520,
      "Size": 0
    }],
    "UserCount": 2,
    "TopicFollow": false,
    "TrendCount": 82,
    "Reply": null,
    "ReplyText": "山的哦",
    "ReplyPic": null,
    "TrendShops": null,
    "LastDatetime": "2019-12-20T19:15:51",
    "Hot": true,
    "HotDatetime": "1900-01-01T00:00:00",
    "AdminDown": false,
    "Huiba": {
      "ID": 7098,
      "Name": "山寨鉴定",
      "PublicShow": false
    },
    "Datetime": "2019-02-07T11:56:26"
  }, {
    "ID": 4473,
    "User": {
      "Gender": "男",
      "MainBgPic": null,
      "AuthenticateCode": null,
      "AuthenticateName": null,
      "AuthenticateID": 0,
      "CityNames": null,
      "Describe": "",
      "AtteCount": 0,
      "ViolationCount": 0,
      "FansCount": 0,
      "UserAtte": false,
      "GoodAlbumCount": 0,
      "Popularity": 0,
      "UseHanbi": 0,
      "Close": false,
      "Black": false,
      "NoteName": null,
      "ID": 104863,
      "UserName": "985312942",
      "NickName": "昵称被重置104863",
      "HeadUrl": "https://pic.hanfugou.com/android/2017/6/7/ec64f4410b59438bbadfc26e8a9e5e63.jpg"
    },
    "Name": "袍子们喜欢的作者有？",
    "Describe": "\n全部是耽美小说作者[流泪]\n（*＾ワ＾*）墙er喜欢鱼危，现名黑眼圈的一位作者。准确说是喜欢她的希伯莱天堂系列（耽美）[咆哮]\n傻白甜类喜欢雨田君，额，需要自带避雷针，但是因为看的第一本傻白甜是她的，所以一直挺喜欢，起名废。\n以及无名夜，她的某一本书带领墙er打开新世界。",
    "ImageSrcs": [],
    "FaceSrc": null,
    "Images": [],
    "UserCount": 31,
    "TopicFollow": false,
    "TrendCount": 286,
    "Reply": null,
    "ReplyText": "穆丹枫啊，我的心头好",
    "ReplyPic": null,
    "TrendShops": null,
    "LastDatetime": "2019-12-20T19:06:02",
    "Hot": true,
    "HotDatetime": "2017-06-17T08:07:10",
    "AdminDown": false,
    "Huiba": {
      "ID": 6566,
      "Name": "文学",
      "PublicShow": false
    },
    "Datetime": "2017-06-16T22:59:15"
  }, {
    "ID": 7656,
    "User": {
      "Gender": "女",
      "MainBgPic": null,
      "AuthenticateCode": null,
      "AuthenticateName": null,
      "AuthenticateID": 0,
      "CityNames": null,
      "Describe": "仗尽天涯惊风雨",
      "AtteCount": 0,
      "ViolationCount": 0,
      "FansCount": 0,
      "UserAtte": false,
      "GoodAlbumCount": 0,
      "Popularity": 0,
      "UseHanbi": 0,
      "Close": false,
      "Black": false,
      "NoteName": null,
      "ID": 158794,
      "UserName": "520273841",
      "NickName": "实名diss池夏",
      "HeadUrl": "https://pic.hanfugou.com/android/2019/7/13/4e3c747c81ee45b4b1e6d3a1e2c8a903.jpg"
    },
    "Name": "各位在场大佬多少岁？",
    "Describe": "我今年六月份16岁，买汉服天天托初中同学买。高中的同学，关系难处。高一。进群看同袍活动，掐一下年龄不敢去。汉服的钱都是我自己赚钱买的。我知道大佬们应该差不多都成年了。想寻一个和我差不多年龄的同袍，不是男朋友(敲黑板)。\n\n轻喷，小白  瑟瑟发抖",
    "ImageSrcs": ["https://pic.hanfugou.com/android/2018/1/21/ee00fb682a3f4c08bc0325d4463695c8.jpg"],
    "FaceSrc": "https://pic.hanfugou.com/android/2018/1/21/ee00fb682a3f4c08bc0325d4463695c8.jpg",
    "Images": [{
      "ImgSrc": "https://pic.hanfugou.com/android/2018/1/21/ee00fb682a3f4c08bc0325d4463695c8.jpg",
      "Width": 895,
      "Height": 640,
      "Size": 0
    }],
    "UserCount": 3,
    "TopicFollow": false,
    "TrendCount": 208,
    "Reply": null,
    "ReplyText": "大一十八岁就看看",
    "ReplyPic": null,
    "TrendShops": null,
    "LastDatetime": "2019-12-20T16:22:15",
    "Hot": true,
    "HotDatetime": "1900-01-01T00:00:00",
    "AdminDown": false,
    "Huiba": {
      "ID": 6562,
      "Name": "袍子支招",
      "PublicShow": false
    },
    "Datetime": "2018-02-21T09:25:26"
  }, {
    "ID": 12731,
    "User": {
      "Gender": "男",
      "MainBgPic": null,
      "AuthenticateCode": null,
      "AuthenticateName": null,
      "AuthenticateID": 0,
      "CityNames": null,
      "Describe": "",
      "AtteCount": 0,
      "ViolationCount": 0,
      "FansCount": 0,
      "UserAtte": false,
      "GoodAlbumCount": 0,
      "Popularity": 0,
      "UseHanbi": 0,
      "Close": false,
      "Black": false,
      "NoteName": null,
      "ID": 188741,
      "UserName": "729151303",
      "NickName": "汉服头条",
      "HeadUrl": "https://pic.hanfugou.com/android/2018/3/19/616e59d0f9d14528b8ce5839efe45bea.jpg"
    },
    "Name": "袍子们都在哪里呀，留下现居地，相同地区我们面基可好？",
    "Describe": "头条君目前现居在:重庆大学城",
    "ImageSrcs": [],
    "FaceSrc": null,
    "Images": [],
    "UserCount": 45,
    "TopicFollow": false,
    "TrendCount": 1500,
    "Reply": null,
    "ReplyText": "上学是安徽黄山，放假是安徽亳州",
    "ReplyPic": "https://pic.hanfugou.com/android/2019/11/20/2e5ac8f4be304c0aa32488abc9964feb.jpg",
    "TrendShops": null,
    "LastDatetime": "2019-12-20T16:20:39",
    "Hot": true,
    "HotDatetime": "1900-01-01T00:00:00",
    "AdminDown": false,
    "Huiba": {
      "ID": 7251,
      "Name": "碎碎念",
      "PublicShow": false
    },
    "Datetime": "2018-08-03T10:52:37"
  }, {
    "ID": 156445,
    "User": {
      "Gender": "男",
      "MainBgPic": null,
      "AuthenticateCode": null,
      "AuthenticateName": null,
      "AuthenticateID": 0,
      "CityNames": null,
      "Describe": "一只话少随和脾气好还常驻深广，的蓄发『汉服麻豆』，欢迎勾搭&约拍，商业合作请私信滴滴。",
      "AtteCount": 0,
      "ViolationCount": 0,
      "FansCount": 0,
      "UserAtte": false,
      "GoodAlbumCount": 0,
      "Popularity": 0,
      "UseHanbi": 0,
      "Close": false,
      "Black": false,
      "NoteName": null,
      "ID": 88108,
      "UserName": "978136319",
      "NickName": "空山祈语",
      "HeadUrl": "https://pic.hanfugou.com/android/2019/3/24/594fa145613440bda4c71b93704263af.jpg"
    },
    "Name": "来～商业互吹彩虹屁来一发✓",
    "Describe": "网络冲浪或在街上看到了一些穿着汉服的美少年&美少女你会怎么夸？",
    "ImageSrcs": ["https://pic.hanfugou.com/android/2019/11/20/034e942a813a43398e6a50c0e9241386.jpg"],
    "FaceSrc": "https://pic.hanfugou.com/android/2019/11/20/034e942a813a43398e6a50c0e9241386.jpg",
    "Images": [{
      "ImgSrc": "https://pic.hanfugou.com/android/2019/11/20/034e942a813a43398e6a50c0e9241386.jpg",
      "Width": 1280,
      "Height": 720,
      "Size": 41551
    }],
    "UserCount": 1,
    "TopicFollow": false,
    "TrendCount": 4,
    "Reply": null,
    "ReplyText": "小仙女儿~你穿我家衣服的样子真好看~",
    "ReplyPic": null,
    "TrendShops": null,
    "LastDatetime": "2019-12-20T15:41:31",
    "Hot": true,
    "HotDatetime": "2019-12-20T14:21:40",
    "AdminDown": false,
    "Huiba": {
      "ID": 0,
      "Name": "来～商业互吹彩虹屁来一发✓",
      "PublicShow": false
    },
    "Datetime": "2019-12-20T14:20:09"
  }, {
    "ID": 152276,
    "User": {
      "Gender": "女",
      "MainBgPic": null,
      "AuthenticateCode": null,
      "AuthenticateName": null,
      "AuthenticateID": 0,
      "CityNames": null,
      "Describe": "转朱阁原创汉服，传承中华服饰之美",
      "AtteCount": 0,
      "ViolationCount": 0,
      "FansCount": 0,
      "UserAtte": false,
      "GoodAlbumCount": 0,
      "Popularity": 0,
      "UseHanbi": 0,
      "Close": false,
      "Black": false,
      "NoteName": null,
      "ID": 946454,
      "UserName": "982860811",
      "NickName": "转朱阁原创汉服",
      "HeadUrl": "https://pic.hanfugou.com/ios/2019/11/6/19/26/157303958151298.jpg"
    },
    "Name": "求汉服兼职模特！",
    "Describe": "咱家缺模特，样衣出来还没定模特拍，捉急",
    "ImageSrcs": [],
    "FaceSrc": null,
    "Images": [],
    "UserCount": 47,
    "TopicFollow": false,
    "TrendCount": 83,
    "Reply": null,
    "ReplyText": "摄影师，戳我主页加QQ看样片，给君仙泽，落花笺，净燃，玺光司制等拍过商图，种草图，人台图等等，欢迎寄拍，模特戳我看，要种草叽也有，就是小贵，拍平面，拍抖音安利饰视屏皆可",
    "ReplyPic": null,
    "TrendShops": null,
    "LastDatetime": "2019-12-20T15:40:37",
    "Hot": true,
    "HotDatetime": "2019-11-12T12:35:44",
    "AdminDown": false,
    "Huiba": {
      "ID": 6924,
      "Name": "商品问询",
      "PublicShow": false
    },
    "Datetime": "2019-11-12T01:26:31"
  }],
  "ServerTime": 1576843061,
  "Remark": {}
}