{
  "Status": "10000",
  "ErrorMessage": "成功",
  "Data": [{
    "ID": 274292,
    "UserID": 985319,
    "Topic": {
      "ID": 142934,
      "User": {
        "Gender": null,
        "MainBgPic": null,
        "AuthenticateCode": null,
        "AuthenticateName": null,
        "AuthenticateID": 0,
        "CityNames": null,
        "Describe": null,
        "AtteCount": 0,
        "ViolationCount": 0,
        "FansCount": 0,
        "UserAtte": false,
        "GoodAlbumCount": 0,
        "Popularity": 0,
        "UseHanbi": 0,
        "Close": false,
        "Black": false,
        "NoteName": null,
        "ID": 985319,
        "UserName": null,
        "NickName": null,
        "HeadUrl": null
      },
      "Name": "山寨汉服和正版汉服究竟区别在哪里，为什么那么多人讨厌山寨汉服？",
      "Describe": null,
      "ImageSrcs": null,
      "FaceSrc": null,
      "Images": null,
      "UserCount": 30,
      "TopicFollow": false,
      "TrendCount": 74,
      "Reply": null,
      "ReplyText": null,
      "ReplyPic": null,
      "TrendShops": null,
      "LastDatetime": "2019-12-15T02:58:34",
      "Hot": false,
      "HotDatetime": "0001-01-01T00:00:00",
      "AdminDown": false,
      "Huiba": null,
      "Datetime": "2019-07-30T16:38:11"
    },
    "NoReadCount": 4,
    "Datetime": "2019-07-30T16:38:11"
  }],
  "ServerTime": 1576844264,
  "Remark": {}
}