{
  "Status": "10000",
  "ErrorMessage": "成功",
  "Data": function({
    _req
  }) {
    return _req.query.id == '142934' ? {
      "ID": 142934,
      "User": {
        "Gender": "女",
        "MainBgPic": null,
        "AuthenticateCode": null,
        "AuthenticateName": null,
        "AuthenticateID": 0,
        "CityNames": null,
        "Describe": "",
        "AtteCount": 0,
        "ViolationCount": 0,
        "FansCount": 0,
        "UserAtte": false,
        "GoodAlbumCount": 0,
        "Popularity": 0,
        "UseHanbi": 0,
        "Close": false,
        "Black": false,
        "NoteName": null,
        "ID": 1377390,
        "UserName": "559040649",
        "NickName": "云烟去之渺渺",
        "HeadUrl": "https://pic.hanfugou.com/android/2019/6/28/cfc30f0bb5c04130b83eb947df253c7c.jpg"
      },
      "Name": "山寨汉服和正版汉服究竟区别在哪里，为什么那么多人讨厌山寨汉服？",
      "Describe": "山寨汉服究竟输在那里？新手袍子发问而已，勿喷😂😂",
      "ImageSrcs": ["https://pic.hanfugou.com/android/2019/6/30/51948bfd054c42fd87ebc2519a26da66.jpg", "https://pic.hanfugou.com/android/2019/6/30/1293cd07c24649cf84285ddb823cbcb3.png", "https://pic.hanfugou.com/android/2019/6/30/d4bcf63b81464c66901417e6f6e0befe.png", "https://pic.hanfugou.com/android/2019/6/30/d457ee4594a04ccf844216f696956bdf.png"],
      "FaceSrc": "https://pic.hanfugou.com/android/2019/6/30/51948bfd054c42fd87ebc2519a26da66.jpg",
      "Images": [{
        "ImgSrc": "https://pic.hanfugou.com/android/2019/6/30/51948bfd054c42fd87ebc2519a26da66.jpg",
        "Width": 600,
        "Height": 600,
        "Size": 204343
      }, {
        "ImgSrc": "https://pic.hanfugou.com/android/2019/6/30/1293cd07c24649cf84285ddb823cbcb3.png",
        "Width": 720,
        "Height": 1280,
        "Size": 493644
      }, {
        "ImgSrc": "https://pic.hanfugou.com/android/2019/6/30/d4bcf63b81464c66901417e6f6e0befe.png",
        "Width": 720,
        "Height": 1280,
        "Size": 814802
      }, {
        "ImgSrc": "https://pic.hanfugou.com/android/2019/6/30/d457ee4594a04ccf844216f696956bdf.png",
        "Width": 720,
        "Height": 1280,
        "Size": 660706
      }],
      "UserCount": 30,
      "TopicFollow": true,
      "TrendCount": 74,
      "Reply": null,
      "ReplyText": "版权，质量(山的质量够6~，5毛一定位，满是线头，袖子波浪线的，里面到膝盖，外面一层纱，穿了和没穿一样，看的见内裤颜色印花，亲眼看见)我们学校运动会有人穿，全山无正",
      "ReplyPic": null,
      "TrendShops": [],
      "LastDatetime": "2019-12-15T02:58:34",
      "Hot": false,
      "HotDatetime": "2019-07-30T16:06:25",
      "AdminDown": false,
      "Huiba": {
        "ID": 7098,
        "Name": "山寨鉴定",
        "PublicShow": false
      },
      "Datetime": "2019-07-30T14:28:53"
    } : {
      "ID": 86098,
      "User": {
        "Gender": "男",
        "MainBgPic": null,
        "AuthenticateCode": null,
        "AuthenticateName": null,
        "AuthenticateID": 0,
        "CityNames": null,
        "Describe": "陌上人如玉，公子世无双。",
        "AtteCount": 0,
        "ViolationCount": 0,
        "FansCount": 0,
        "UserAtte": false,
        "GoodAlbumCount": 0,
        "Popularity": 0,
        "UseHanbi": 0,
        "Close": false,
        "Black": false,
        "NoteName": null,
        "ID": 154288,
        "UserName": "980027623",
        "NickName": "戏言.",
        "HeadUrl": "https://pic.hanfugou.com/android/2018/0/8/cc021713553b430dac9be9450560a814.jpg"
      },
      "Name": "[深夜话题] 你入坑的第一套汉服是山还是正，第一次穿汉服出门是什么感受，遇到过什么记忆深刻的事。",
      "Describe": "我入坑的第一套是山，当时也不懂山正。\n第一次穿的时候也没化妆什么的，就自己看视频弄发型弄了半天，弄好发型快要出门的时候，特别慌，然而我是个很神奇的人，出门前贼慌，出门后特别自然，完全没感觉有什么。近视的同袍记住诀窍，出门别戴眼镜，这样就看不到路人异样的眼光。\n当时还没有抖音，路人都说我是白娘子🙃\n那天坐公交车，下车的时候才发现我齐胸掉了！！疯掉！车上的人肯定都看见了，哭瞎，现在想到都还想挖个地洞钻进去。\n\n晚安，小仙女们。",
      "ImageSrcs": ["https://pic.hanfugou.com/android/2019/2/25/66c130639a194b09a0cdb8673dcd26b0.jpg"],
      "FaceSrc": "https://pic.hanfugou.com/android/2019/2/25/66c130639a194b09a0cdb8673dcd26b0.jpg",
      "Images": [{
        "ImgSrc": "https://pic.hanfugou.com/android/2019/2/25/66c130639a194b09a0cdb8673dcd26b0.jpg",
        "Width": 960,
        "Height": 1280,
        "Size": 0
      }],
      "UserCount": 15,
      "TopicFollow": false,
      "TrendCount": 216,
      "Reply": null,
      "ReplyText": "我前两次汉服都踩雷了，当时汉服还没有这么风靡，我没有穿山上街，只是觉得很好看，在家里拍了几张照片。第一次上街是穿一溪月的梦霓裳，这套衣服当时看来很白菜，好看也蛮好看，但现在觉得我的眼光真是差啊。。。印花偏和风，但是一开始穿这套衣服很开心就出去了，还穿出门了两次，我近视还挺严重的，但也没戴眼镜，头发瞎姬霸盘了两下，我挺想看路人视角的。第一次是跟同学去逛商场，碰到了穿鱼莲说的小姐姐，还有一堆汉服和洛丽塔的小姐姐，同学叫我去搭讪，我没敢去😂第二次出门是去拍照片的，还被人偷拍了，是一群小朋友，当面应该不叫偷拍了吧，感觉比那些暗戳戳拍完了还要diss汉服的人好，但是前两次出门都没化妆，头发也很一般，总之除了身上的衣服没看出哪里是像古人的。第三次是去参加本市的汉服活动，穿的东月棠家的坦领，不过这个活动完全就是为了蹭汉服的热度，挂羊头卖狗肉！再后来就是穿汉元素出门了，相比汉服，汉元素就显得容易被人接受，看我的目光少了很多，比较日常，我是穿出去吃饭的。第五次出门是汉服常服混搭，这一次就更少人盯着我看了，大概没人知道我穿的是汉服的一个部件吧。最近一次我出门就是带着单反出去拍外景了，和之前不同，这次我不仅搞了头发，还化了妆，是正经拍照片的！一年内一共六次出门，我觉得我不是经常穿汉服的人，但我不是因为害怕别人说我什么，而是能穿汉服的时间太少了，如果以后汉服更加普及，我也会有很多机会穿上这件漂亮衣服的吧。",
      "ReplyPic": null,
      "TrendShops": [],
      "LastDatetime": "2019-12-25T14:29:13",
      "Hot": true,
      "HotDatetime": "1900-01-01T00:00:00",
      "AdminDown": false,
      "Huiba": {
        "ID": 0,
        "Name": "[深夜话题] 你入坑的第一套汉服是山还是正，第一次穿汉服出门是什么感受，遇到过什么记忆深刻的事。",
        "PublicShow": false
      },
      "Datetime": "2019-03-25T23:25:00"
    }
  },
  "ServerTime": 1577260558,
  "Remark": {}
}