{
  "id": "1260969",
  "name": "hanfuhui",
  "font_family": "icon",
  "css_prefix_text": "icon-",
  "description": "",
  "glyphs": [
    {
      "icon_id": "77697",
      "name": "点赞",
      "font_class": "dianzan",
      "unicode": "e601",
      "unicode_decimal": 58881
    },
    {
      "icon_id": "551484",
      "name": "确定",
      "font_class": "queding",
      "unicode": "e615",
      "unicode_decimal": 58901
    },
    {
      "icon_id": "604473",
      "name": "订单",
      "font_class": "dingdan",
      "unicode": "e613",
      "unicode_decimal": 58899
    },
    {
      "icon_id": "695166",
      "name": "取消",
      "font_class": "quxiao",
      "unicode": "e630",
      "unicode_decimal": 58928
    },
    {
      "icon_id": "695885",
      "name": "讨论",
      "font_class": "taolun",
      "unicode": "e63f",
      "unicode_decimal": 58943
    },
    {
      "icon_id": "700847",
      "name": "手机",
      "font_class": "shouji",
      "unicode": "e64f",
      "unicode_decimal": 58959
    },
    {
      "icon_id": "705668",
      "name": "钩",
      "font_class": "gou",
      "unicode": "e616",
      "unicode_decimal": 58902
    },
    {
      "icon_id": "796827",
      "name": "更多",
      "font_class": "gengduo",
      "unicode": "e618",
      "unicode_decimal": 58904
    },
    {
      "icon_id": "826141",
      "name": "进入",
      "font_class": "jinru",
      "unicode": "e627",
      "unicode_decimal": 58919
    },
    {
      "icon_id": "845579",
      "name": "圈",
      "font_class": "quan",
      "unicode": "e741",
      "unicode_decimal": 59201
    },
    {
      "icon_id": "982373",
      "name": "女",
      "font_class": "nv",
      "unicode": "e666",
      "unicode_decimal": 58982
    },
    {
      "icon_id": "986671",
      "name": "男",
      "font_class": "nan",
      "unicode": "e646",
      "unicode_decimal": 58950
    },
    {
      "icon_id": "1767731",
      "name": "编辑",
      "font_class": "bianji",
      "unicode": "e696",
      "unicode_decimal": 59030
    },
    {
      "icon_id": "1881022",
      "name": "通知-艾特我的",
      "font_class": "aite",
      "unicode": "e619",
      "unicode_decimal": 58905
    },
    {
      "icon_id": "2578449",
      "name": "收藏",
      "font_class": "shoucang",
      "unicode": "e60a",
      "unicode_decimal": 58890
    },
    {
      "icon_id": "4570096",
      "name": "分享",
      "font_class": "fenxiang",
      "unicode": "e626",
      "unicode_decimal": 58918
    },
    {
      "icon_id": "4729956",
      "name": "表情",
      "font_class": "biaoqing",
      "unicode": "e63e",
      "unicode_decimal": 58942
    },
    {
      "icon_id": "4933307",
      "name": "发布",
      "font_class": "fabu",
      "unicode": "e71f",
      "unicode_decimal": 59167
    },
    {
      "icon_id": "5828515",
      "name": "热门",
      "font_class": "remen",
      "unicode": "e6be",
      "unicode_decimal": 59070
    },
    {
      "icon_id": "6205317",
      "name": "下",
      "font_class": "xia",
      "unicode": "e614",
      "unicode_decimal": 58900
    },
    {
      "icon_id": "6240885",
      "name": "验证码、密码",
      "font_class": "yanzhengma",
      "unicode": "e6ba",
      "unicode_decimal": 59066
    },
    {
      "icon_id": "6248498",
      "name": "复制",
      "font_class": "fuzhi",
      "unicode": "e6d2",
      "unicode_decimal": 59090
    },
    {
      "icon_id": "6629852",
      "name": "左",
      "font_class": "zuo",
      "unicode": "e640",
      "unicode_decimal": 58944
    },
    {
      "icon_id": "6758816",
      "name": "右",
      "font_class": "you",
      "unicode": "e720",
      "unicode_decimal": 59168
    },
    {
      "icon_id": "6822848",
      "name": "时间",
      "font_class": "shijian",
      "unicode": "e62d",
      "unicode_decimal": 58925
    },
    {
      "icon_id": "7461491",
      "name": "密码可见",
      "font_class": "mimakejian",
      "unicode": "e637",
      "unicode_decimal": 58935
    },
    {
      "icon_id": "7484857",
      "name": "密码",
      "font_class": "mima",
      "unicode": "e61b",
      "unicode_decimal": 58907
    },
    {
      "icon_id": "7532874",
      "name": "评论",
      "font_class": "pinglun",
      "unicode": "e665",
      "unicode_decimal": 58981
    },
    {
      "icon_id": "7550261",
      "name": "元宝",
      "font_class": "yuanbao",
      "unicode": "e697",
      "unicode_decimal": 59031
    },
    {
      "icon_id": "7550269",
      "name": "不可见",
      "font_class": "mimabukejian",
      "unicode": "e698",
      "unicode_decimal": 59032
    },
    {
      "icon_id": "9655525",
      "name": "搜索",
      "font_class": "sousuo",
      "unicode": "e66b",
      "unicode_decimal": 58987
    },
    {
      "icon_id": "9813668",
      "name": "位置",
      "font_class": "weizhi",
      "unicode": "e634",
      "unicode_decimal": 58932
    },
    {
      "icon_id": "9851600",
      "name": "购物车",
      "font_class": "gouwuche",
      "unicode": "e612",
      "unicode_decimal": 58898
    },
    {
      "icon_id": "9954391",
      "name": "举报",
      "font_class": "jubao",
      "unicode": "e60b",
      "unicode_decimal": 58891
    },
    {
      "icon_id": "9974763",
      "name": "圈-错",
      "font_class": "quan-cuo",
      "unicode": "e711",
      "unicode_decimal": 59153
    },
    {
      "icon_id": "9974764",
      "name": "圈-对",
      "font_class": "quan-dui",
      "unicode": "e712",
      "unicode_decimal": 59154
    }
  ]
}
